{
    "star": {
        "id": "042-628",
        "RA": "5:35:04.199",
        "Dec": "-5:26:27.60",
        "RA_dg": 83.76749583333331,
        "Dec_dg": -5.441,
        "PA": 44.52897032943786,
        "D": 259.5962711536167
    },
    "inner": {
        "PA0": 62.84651417902723,
        "R0": 1.779220261743042,
        "x": [
            -1.9561488523607198,
            -1.418581209133891,
            -0.8810135645684809,
            -0.2986486507692132,
            0.836215990551488,
            1.1049995640233639,
            1.3289857166700183,
            1.6276338315748446,
            1.7918900182178967,
            1.9860108957802625,
            1.9710778094851575,
            2.3443862358832868,
            2.4041148777188486
        ],
        "y": [
            2.6799991165310155,
            2.649999535385842,
            2.5799998207855457,
            2.469999979406455,
            1.8699998385573438,
            1.5999997180870185,
            1.199999592204715,
            0.7199993883240504,
            0.18999925863738254,
            -0.4000009107050802,
            -1.1400008970808837,
            -2.7700012690843394,
            -3.6200013345850572
        ],
        "X": [
            -0.5174695983110903,
            -0.05283989022586843,
            0.39353472912258397,
            0.8615142967343087,
            1.5974767877869043,
            1.7134154604628766,
            1.7301651163187597,
            1.7768379341862395,
            1.6811117869309213,
            1.584576296679706,
            1.2335709974843083,
            0.8218434410610623,
            0.4870698232728739
        ],
        "Y": [
            -3.277367665066424,
            -3.0053415996278807,
            -2.6977239282738927,
            -2.3340702713064467,
            -1.2822731735244766,
            -0.9193642337056355,
            -0.46122741319017146,
            0.1021663570398471,
            0.6487162056813549,
            1.2622828394316552,
            1.9139102305373665,
            3.534632542728136,
            4.318210392619105
        ],
        "R": [
            3.317968293579549,
            3.0058060789832983,
            2.7262765773499775,
            2.487989331744443,
            2.0484522398773417,
            1.944485313487958,
            1.7905870703220228,
            1.779772740794177,
            1.8019349476803233,
            2.025892397617113,
            2.277004562224245,
            3.628919102670636,
            4.345592940861662
        ],
        "theta": [
            -98.9724644589417,
            -91.00727012122033,
            -81.70042902900981,
            -69.74070285276677,
            -38.75354476773196,
            -28.2165917837414,
            -14.926781003780032,
            3.290825057669287,
            21.100864866845285,
            38.541034242639284,
            57.1970383928784,
            76.91063092753309,
            83.56455841784117
        ],
        "Rc": 4.930175837847987,
        "xc": -2.8565550968427202,
        "yc": -1.3759730602527862,
        "PAc": 64.28036389939372,
        "R90": [
            2.975552880050901,
            -999.0
        ]
    },
    "outer": {
        "PA0": 55.82454691260392,
        "R0": 3.0791830820469532,
        "x": [
            -2.8520966430708468,
            -2.0756096084815496,
            -1.3439198283275586,
            -0.7764869617140412,
            -0.41810834661419644,
            0.044797320401849965,
            0.46290560751463145,
            0.8660813792191832,
            1.3737840664389072,
            1.7769595378757288,
            2.299594175742814,
            2.6131746808710528,
            2.911822476271877,
            3.1806056048246307,
            3.4195234040163784,
            3.5688465319432363,
            3.7032372846367343,
            3.9570864184071386,
            4.076544237884438,
            3.9869483675440853,
            3.972013830313666,
            3.8973479379799225,
            3.5538998393845755,
            2.941670964016377
        ],
        "y": [
            4.009998121953457,
            4.019999005351673,
            3.9199995829997523,
            3.779999860793665,
            3.689999959633208,
            3.569999999531317,
            3.3999999505247316,
            3.199999826819912,
            2.899999564265447,
            2.549999270981802,
            2.0599987790535628,
            1.6299984233558764,
            1.0799980423622553,
            0.7499976642700998,
            0.15999730014620453,
            -0.47000294082461047,
            -1.0300031665082754,
            -2.0200036155705052,
            -2.760003837213855,
            -3.5700036704440103,
            -4.740003643061321,
            -6.950003507517448,
            -9.170002916685462,
            -10.960001998397894
        ],
        "X": [
            -0.10706815320358119,
            0.5409539024592317,
            1.0901238748896382,
            1.4809312748329695,
            1.72686998655408,
            2.0424342530016233,
            2.292850193307306,
            2.5140602339220144,
            2.7655746425970116,
            2.9025249918252576,
            3.0596642855033322,
            3.077552456120053,
            3.015678985405363,
            3.052678217705317,
            2.9189196984494545,
            2.6885685083060924,
            2.4851844834629637,
            2.139087333861265,
            1.8222377601842208,
            1.2931128035258663,
            0.6235342458747867,
            -0.6796594180201,
            -2.210839362632731,
            -3.7228437238375687
        ],
        "Y": [
            -4.919662245526192,
            -4.491760915861785,
            -3.9980179055484237,
            -3.563449664094278,
            -3.287679172477181,
            -2.9283731180869847,
            -2.5528649114450443,
            -2.1609250304648833,
            -1.6275371056186756,
            -1.1114990567180134,
            -0.41253218399032016,
            0.11936353177415715,
            0.7421496896266089,
            1.1661493081934016,
            1.7884762343049405,
            2.393567987146344,
            2.932359287757155,
            3.894002171002792,
            4.573323042408311,
            5.193124567137171,
            6.152701313135474,
            7.939139297157959,
            9.582867361757193,
            10.719865039883016
        ],
        "R": [
            4.920827186509016,
            4.52421786056434,
            4.143973604608288,
            3.858928730789418,
            3.713612027608906,
            3.5702810528820823,
            3.43136725883964,
            3.3151313468816994,
            3.2089375397382236,
            3.1080671616384428,
            3.0873497279725926,
            3.07986635633564,
            3.1056570810101345,
            3.2678354471809716,
            3.423264442994411,
            3.599662252621355,
            3.843809686930497,
            4.442853534572139,
            4.922990362052724,
            5.351699122002858,
            6.184216070322708,
            7.968178568793572,
            9.834589852169616,
            11.347910462522291
        ],
        "theta": [
            -91.24674921587139,
            -83.13280036898932,
            -74.74814463946367,
            -67.43275607497746,
            -62.289073994597935,
            -55.10562178963422,
            -48.071470805251536,
            -40.68024191152563,
            -30.476756335616642,
            -20.953947453724474,
            -7.678838360528459,
            2.2211158016519588,
            13.82558244091759,
            20.90728649464193,
            31.496574191298826,
            41.67790513242882,
            49.718610396914,
            61.21874242462967,
            68.27522076358345,
            76.01743714516725,
            84.21322111246405,
            94.89308707563595,
            102.99125861421808,
            109.15132532930487
        ],