{
    "star": {
        "id": "109-246",
        "RA": "5:35:10.896",
        "Dec": "-5:22:46.32",
        "RA_dg": 83.79539999999999,
        "Dec_dg": -5.379533333333333,
        "PA": 113.8155160706553,
        "D": 89.67161876010603
    },
    "inner": {
        "PA0": 155.23562690581733,
        "R0": 1.2056027988697142,
        "x": [
            1.9563494430630064,
            2.1056882109070534,
            2.045951562638541,
            1.9563469068292754,
            1.5531290215620275,
            1.1797803651394967,
            0.7466962597830704,
            0.4032159637038239,
            -0.05973566862499548,
            -0.05973568962544279,
            -0.6421582879614509,
            -0.40321586802036635,
            -1.2245806248219915,
            -2.7777058124219023
        ],
        "y": [
            4.7599991264250905,
            3.8399989879411476,
            2.9699990445492843,
            1.9199991263832927,
            0.01999944936542621,
            -0.6000003177323746,
            -1.1100001272791322,
            -1.200000037118651,
            -2.290000000813592,
            -1.520000000809106,
            -2.800000094126991,
            -1.7200000371070792,
            -3.33000034231922,
            -4.48000176137946
        ],
        "X": [
            -3.502770259621656,
            -2.6048189134181294,
            -1.8398487369824768,
            -0.9239430578186528,
            0.632426131438865,
            1.0390184551450958,
            1.3207041888608801,
            1.2585479219180904,
            2.0543847710181113,
            1.35519540890575,
            2.2735147197794894,
            1.3929234994187631,
            2.5108056899260633,
            2.904466029981734
        ],
        "Y": [
            -3.7703441932071127,
            -3.520572893328753,
            -3.1018976040982937,
            -2.580701278932104,
            -1.4186778788246515,
            -0.8199528895708174,
            -0.2130634470270329,
            0.1365295964471544,
            1.0134947293603398,
            0.6909513432619449,
            1.7559893544252283,
            1.086621962155541,
            2.506861538651556,
            4.398879680442239
        ],
        "R": [
            5.146347717259354,
            4.379442323965688,
            3.606495822995883,
            2.7411110639981517,
            1.5532577814365331,
            1.3235868279971792,
            1.337780096627886,
            1.2659317526906286,
            2.290778984064662,
            1.521173348134495,
            2.872693473712213,
            1.7666304548127125,
            3.548027619190068,
            5.271248937616727
        ],
        "theta": [
            -132.8930695750287,
            -126.49718161554839,
            -120.67372734807086,
            -109.6983907140408,
            -65.97337676246553,
            -38.27912642067715,
            -9.164319204002476,
            6.191340232188001,
            26.258620129368815,
            27.014927364404205,
            37.68133895815471,
            37.95785283090262,
            44.954962502503165,
            56.56425332600975
        ],
        "Rc": 32.82699380919994,
        "xc": -24.50308451314783,
        "yc": 20.016755431298076,
        "PAc": 129.24564668903076,
        "R90": [
            2.2059757728632317,
            -999.0
        ]
    },
    "outer": {
        "PA0": 126.00042157461156,
        "R0": 1.8950289797393103,
        "x": [
            2.897190441764635,
            2.9121233497153516,
            2.941990032577166,
            3.0017254460016645,
            2.941988850772132,
            2.8971860907844653,
            2.852383605944919,
            2.7179773636801605,
            2.5089017580474455,
            2.404363657930476,
            2.2400900577371123,
            2.090750376952816,
            1.9414107274772876,
            1.7024676200212452,
            1.4187227705055874,
            1.2693833286718645,
            1.07524215264847,
            0.9109689045470306,
            0.8064314045772795,
            0.5077530300905692,
            0.19414083605566473,
            -0.14933907880592168,
            -0.5973562032515807,
            -1.194712150113007,
            -1.5829934326405706,
            -1.941406809551302,
            -2.4192911870803155,
            -2.9419771516720914,
            -3.7185386806691714
        ],
        "y": [
            5.659998084180064,
            4.859998064356783,
            3.929998024411935,
            3.6199979433478497,
            3.049998024388476,
            2.369998084071064,
            1.8799981428533303,
            1.2899983137432558,
            0.9199985631745999,
            0.4399986804041866,
            0.13999885455372485,
            -0.2200009978243988,
            -0.6000008603687631,
            -0.9200006616353815,
            -1.3000004594736037,
            -1.6500003678385433,
            -2.050000263930874,
            -2.3900001894453644,
            -2.6200001484622395,
            -2.950000058853426,
            -3.270000008605178,
            -3.650000005094039,
            -4.060000081453495,
            -4.530000325841423,
            -4.760000572050967,
            -5.020000860426672,
            -5.360001336176636,
            -5.660001975899819,
            -6.2300031567180065
        ],
        "X": [
            -0.9830333203468727,
            -0.5007194330386676,
            0.07008893584235598,
            0.30063096329332484,
            0.5873442400855733,
            0.950796223887495,
            1.2025681018831962,
            1.4406284594818792,
            1.4889662448446275,
            1.686533306856043,
            1.7299711421445907,
            1.8207581953280831,
            1.9233011039146803,
            1.9180861714498847,
            1.911893532322491,
            1.9968028996794391,
            2.0748566494929785,
            2.141806476406569,
            2.1924262675330874,
            2.1447627234156132,
            2.0791396411661465,
            2.024620694125078,
            1.903163603190093,
            1.6961570839317925,
            1.517224728884101,
            1.3800896488244399,
            1.1933244221558226,
            0.9468025921247852,
            0.6535961573890035
        ],
        "Y": [
            -6.281953220126855,
            -5.643520500439994,
            -4.908694058987338,
            -4.693012016490676,
            -4.196762215146272,
            -3.6202989798878167,
            -3.197548312837252,
            -2.64122816899053,
            -2.2190008809124393,
            -1.769228318561362,
            -1.42996608120471,
            -1.050941088699883,
            -0.655735852983287,
            -0.2564033024808107,
            0.2178040753660452,
            0.5887388460167848,
            1.0264583055358558,
            1.3980809233457736,
            1.6456000272428213,
            2.0881346573073807,
            2.5313571603062583,
            3.040676444899321,
            3.6357122265737742,
            4.367068950724163,
            4.7813703868003445,
            5.202386144843953,
            5.758347071442141,
            6.308281602758098,
            7.225875816494183
        ],