{
    "info": "Last iterated fit from circle_fit.py",
    "region file": "new-109-246-ridge.reg",
    "FITS file": "109-246-Bally_01-extract.fits",
    "d theta": 45,
    "Pi": 7.598058520438055,
    "Lambda": 3.585792249569037,
    "d Lambda": 0.08673823114733459,
    "R0": 31.9087645190038,
    "axis angle": -71.42501846008638
}