{
    "info": "Last iterated fit from circle_fit.py",
    "region file": "new-116-3101-ridge.reg",
    "FITS file": "116-3101-Bally_14-extract.fits",
    "d theta": 75,
    "Pi": 1.6209906407337917,
    "Lambda": 1.6462626504560411,
    "d Lambda": -0.03899388257254144,
    "R0": 24.67092280520932,
    "axis angle": 34.35988014962963
}