{
    "star": {
        "id": "116-3101",
        "RA": "5:35:11.654",
        "Dec": "-5:31:01.03",
        "RA_dg": 83.79855833333332,
        "Dec_dg": -5.516952777777778,
        "PA": 8.767856997924358,
        "D": 463.9229785499261
    },
    "inner": {
        "PA0": 7.877617511922688,
        "R0": 1.0036728681202045,
        "x": [
            -2.627769578052885,
            -2.1350636520185744,
            -1.9409671744983263,
            -1.7020791220569405,
            -1.373607860485405,
            -0.7166651183413261,
            -0.4329851878557348,
            -0.05972209601643605,
            0.223957856831672,
            0.5076377897780951,
            0.8510397323914921,
            1.0600669507267109,
            1.3586771684709864,
            1.7767312492799558,
            2.1798543703199127
        ],
        "y": [
            -1.1400016167627522,
            -0.2700010673089155,
            -0.03000088206727758,
            0.23999932169711866,
            0.46999955824046497,
            0.9099998797312503,
            0.9699999561130465,
            1.0099999991640642,
            0.9799999882541077,
            0.8999999396656599,
            0.6699998304247193,
            0.4999997369051357,
            0.19999956778605327,
            -0.3200007391185216,
            -1.0800011125695133
        ],
        "X": [
            -1.4893992911720382,
            -0.5600797779879888,
            -0.2957420588788832,
            0.004451596512334726,
            0.27730082035627673,
            0.8031878862923935,
            0.90150223575606,
            0.9922833432406799,
            1.0014469320913664,
            0.9610823268859281,
            0.7803185545918273,
            0.6405715061513477,
            0.38432921285408805,
            -0.07346640595452632,
            -0.7710436313436955
        ],
        "Y": [
            -2.446725647271912,
            -2.077909530467525,
            -1.9185385740231835,
            -1.7189104675478866,
            -1.4250622422067254,
            -0.8346244019145584,
            -0.5618450023704078,
            -0.19758667412329423,
            0.08752794307806533,
            0.3794954254750786,
            0.7511799732672969,
            0.9815344224403064,
            1.3184439811330257,
            1.8038229104877332,
            2.307305614243275
        ],
        "R": [
            2.864398129025001,
            2.15206816214516,
            1.9411990174644205,
            1.718916231861577,
            1.4517913552344648,
            1.158321489465717,
            1.0622504825895718,
            1.011764165734291,
            1.0052646908226146,
            1.0332937709136647,
            1.0831289853374506,
            1.172067266383731,
            1.3733184172794544,
            1.8053183667166057,
            2.4327284022171916
        ],
        "theta": [
            -121.33019693424147,
            -105.08500813720525,
            -98.76314874490473,
            -89.85161698247241,
            -78.98850255457928,
            -46.09961229017017,
            -31.932479352286943,
            -11.261621784058823,
            4.995042606228564,
            21.54720756765294,
            43.910011148284006,
            56.870626982253356,
            73.74848447368241,
            92.332263238566,
            108.47833444587661
        ],
        "Rc": 1.4178343952464203,
        "xc": -0.07075003422740359,
        "yc": -0.40341567952376806,
        "PAc": 9.947230730281186,
        "R90": [
            1.7226173902428144,
            1.7511023962252592
        ]
    },
    "outer": {
        "PA0": 18.742738149678654,
        "R0": 1.4555206934090887,
        "x": [
            -3.2399212346432558,
            -2.747214961977593,
            -2.493396585323203,
            -2.3142306345363557,
            -2.0156205226634474,
            -1.6871492354957103,
            -1.3437472604803573,
            -1.0451368218017378,
            -0.6569431882159382,
            -0.2986105498987189,
            0.044791582463420944,
            0.4031242215513732,
            0.7166652458785997,
            1.0899282773762604,
            1.3437470465794974,
            1.5378436549888075,
            1.9409673380995818,
            2.1947858663803834,
            2.418743143459836,
            2.5381868214220322,
            2.6128390935400927
        ],
        "y": [
            -0.6200024577658926,
            -0.12000176706340465,
            0.21999854438323926,
            0.46999874606154274,
            0.7799990487835093,
            1.0399993335596984,
            1.1699995772267915,
            1.2999997442523095,
            1.4399998989543104,
            1.5099999791258818,
            1.5099999995353401,
            1.3999999619591124,
            1.2899998797575771,
            1.0599997218712718,
            0.8299995772509183,
            0.5699994462933674,
            0.14999911793317514,
            -0.12000112784795364,
            -0.5300013697777157,
            -0.8900015084142315,
            -1.1200015984534262
        ],
        "X": [
            -1.6281739574193457,
            -0.9963717658068715,
            -0.5928445976306893,
            -0.2985321871009493,
            0.09097830248400687,
            0.4427352082628229,
            0.6761833833765051,
            0.8952390942819918,
            1.1525493246768015,
            1.333976605692801,
            1.4443184078664293,
            1.4552908224384287,
            1.4518707779215512,
            1.3540040005190017,
            1.2177574715182011,
            1.0339119379845974,
            0.7657153433654007,
            0.5915898066690264,
            0.2752933522320877,
            -0.027236713025073207,
            -0.2210528698828732
        ],
        "Y": [
            -2.8688921587800147,
            -2.562973619785187,
            -2.4318637244492662,
            -2.342528715809198,
            -2.1593627661794987,
            -1.9318531755811186,
            -1.648433117480002,
            -1.407429314534505,
            -1.0848060267710513,
            -0.7679678462899939,
            -0.44277603949907657,
            -0.06810032021509586,
            0.26415905936058076,
            0.691531797367334,
            1.0057942950670493,
            1.2731412256529178,
            1.7898418801349223,
            2.116956960023792,
            2.4607790262876192,
            2.689563754009872,
            2.8341607819575425
        ],
        "R": [
            3.298710756390749,
            2.749834626193344,
            2.5030832769271085,
            2.3614745925217924,
            2.161278465974537,
            1.9819362140690544,
            1.7817282931915674,
            1.6680258725037533,
            1.5827741663079247,
            1.5392427350716906,
            1.5106641865273382,
            1.4568833280283349,
            1.4757061917688077,
            1.520375960146554,
            1.5794161653686545,
            1.6400800212075262,
            1.9467547207982074,
            2.198063982223418,
            2.4761300139532705,
            2.6897016610434856,
            2.8427683179024004
        ],
        "theta": [
            -119.57608359911737,
            -111.24389910217974,
            -103.70044752719768,
            -97.26263354937916,
            -87.58744025223376,
            -77.09206000775367,
            -67.6966769261276,
            -57.54033400579251,
            -43.26571153087841,
            -29.928954046091487,
            -17.043654503864826,
            -2.679200986496975,
            10.311819995039267,
            27.05480910014964,
            39.554654220611965,
            50.92011283402726,
            66.83819306137043,
            74.38682415947797,
            83.61672293288031,
            90.58020389333097,
            94.45980594990614
        ],
        "Rc": 2.065508017883983,
        "xc": -0.18880200908116193,