{
    "Robberto_WFPC2_39_f656n": {
        "shell": {
            "N": 1989, 
            "value": 0.701037585735321, 
            "delta": 0.02763497829437256
        }, 
        "extracted FITS file": "170-249-Robberto_WFPC2_39_f656n-extract.fits", 
        "original FITS file": "$LARGE_FITS_DIR/wfpc2/hlsp_orion_hst_wfpc2_39_f656n_v1_sci.fits", 
        "filter": "F656N", 
        "binned": {
            "theta": [
                -57.5, 
                -52.5, 
                -47.5, 
                -42.5, 
                -37.5, 
                -32.5, 
                -27.5, 
                -22.5, 
                -17.5, 
                -12.5, 
                -7.5, 
                -2.5, 
                2.5, 
                7.5, 
                12.5, 
                17.5, 
                22.5, 
                27.5, 
                32.5, 
                37.5, 
                42.5, 
                47.5, 
                52.5, 
                57.5
            ], 
            "shell": [
                0.68247352540493011, 
                0.68405170738697052, 
                0.69187887758016586, 
                0.68649022281169891, 
                0.67275357991456985, 
                0.67610219866037369, 
                0.68797452747821808, 
                0.70239251106977463, 
                0.71580514311790466, 
                0.71064314246177673, 
                0.71206286549568176, 
                0.70467709004878998, 
                0.71796923503279686, 
                0.72819580510258675, 
                0.73342838510870934, 
                0.73442800343036652, 
                0.74624005705118179, 
                0.73338062316179276, 
                0.70866616070270538, 
                0.70152830705046654, 
                0.69280852377414703, 
                0.65740304812788963, 
                0.62375546991825104, 
                0.61399957165122032
            ], 
            "background": [
                0.75658796727657318, 
                0.75881767272949219, 
                0.76677769422531128, 
                0.77120399847626686, 
                0.79905388131737709, 
                0.79087550938129425, 
                0.68867793679237366, 
                0.69768227636814117, 
                0.69820073992013931, 
                0.70272012054920197, 
                0.70513752102851868, 
                0.6876334622502327, 
                0.69324459135532379, 
                0.68368912860751152, 
                0.65788306295871735, 
                0.65986165776848793, 
                0.66103310883045197, 
                0.63923731446266174, 
                0.61790346726775169, 
                0.60900574922561646, 
                0.60096311941742897, 
                0.58883383870124817, 
                0.58485223725438118, 
                0.56575207412242889
            ], 
            "background N": [
                283, 
                234, 
                195, 
                138, 
                68, 
                13, 
                37, 
                83, 
                84, 
                72, 
                26, 
                22, 
                74, 
                74, 
                78, 
                86, 
                93, 
                107, 
                124, 
                142, 
                168, 
                200, 
                238, 
                290
            ], 
            "background sigma": [
                0.045447531172549162, 
                0.044110846876589942, 
                0.041269310215439031, 
                0.011401704514733655, 
                0.015020587692439191, 
                0.0065377435701115243, 
                0.0089931476098692176, 
                0.017244075769668261, 
                0.012945958844123471, 
                0.0065697335023564823, 
                0.006723541450070156, 
                0.0061482528895323721, 
                0.013163923396284215, 
                0.016251736141482551, 
                0.013045640179958589, 
                0.017794410857505296, 
                0.032339479695220399, 
                0.03326997138464937, 
                0.010535236874783891, 
                0.015717020447359037, 
                0.014489859693598978, 
                0.014114408793366283, 
                0.036101511191973731, 
                0.054499400633182947
            ]
        }, 
        "camera": "WFPC2", 
        "plot limits": {
            "max": 0.8046144284307957, 
            "min": 0.4207339882850647
        }, 
        "shell center": {
            "N": 1046, 
            "value": 0.7052809186279774, 
            "delta": 0.033111169934272766
        }, 
        "background": {
            "N": 1489, 
            "value": 0.6668846011161804, 
            "delta": 0.08205020427703857
        }, 
        "date": "2005-04-10"
    }, 
    "star": {
        "Dec_dg": -5.380121527777777, 
        "D": 35.16335086556387, 
        "PA": 194.1947315486153, 
        "RA": "5:35:16.96675", 
        "Dec": "-5:22:48.43750", 
        "RA_dg": 83.82069479166665, 
        "id": "170-249"
    }, 
    "help": {
        "brightness": {
            "shell": "Trimean brightness and interquartile (difference between quartiles) of shell", 
            "shell center": "Trimean brightness and interquartile (difference between quartiles) of shell center", 
            "background": "Trimean brightness and interquartile (difference between quartiles) of background"
        }, 
        "arcs": {
            "PA0": "[deg] Position angle of symmetry axis", 
            "R0": "[arcsec] Radius along symmetry axis", 
            "h": "[arcsec] Bowshock width along symmetry axis", 
            "y": "(list) [arcsec] Dec offsets from star of shell points", 
            "R": "(list) [arcsec] Radii of shell points from star", 
            "x": "(list) [arcsec] RA offsets from star of shell points", 
            "Y": "(list) [arcsec] Offsets from star perpendicular to axis of shell points", 
            "X": "(list) [arcsec] Offsets from star parallel to axis of shell points", 
            "theta": "(list) [deg] Angle from axis of shell points"
        }, 
        "star": {
            "Dec_dg": "[deg] Declination of source", 
            "D": "[arcsec] Distance of th^1 C from source", 
            "PA": "[deg] Position Angle of th^1 C from source", 
            "RA": "[HH:MM:SS] Right ascension of source", 
            "Dec": "[deg:arcmin:arcsec] Declination of source", 
            "RA_dg": "[deg] Right ascension of source", 
            "id": "Source identifier deduced from region filename"
        }, 
        "thickness": {
            "h0": "Shell thickness on axis: h0 = R0(outer) - R0(inner)"
        }
    }, 
    "WFC_mosaic_f656": {
        "filter": "F547M", 
        "original FITS file": "$SMALL_FITS_DIR/mosaicf656-fixw-align.fits", 
        "camera": "WFPC2", 
        "date": "1995-03-21", 
        "extracted FITS file": "170-249-WFC_mosaic_f656-extract.fits"
    }, 
    "WFC_mosaic_f658": {
        "filter": "F547M", 
        "original FITS file": "$SMALL_FITS_DIR/mosaicf658-fixw-align.fits", 
        "camera": "WFPC2", 
        "date": "1995-03-21", 
        "extracted FITS file": "170-249-WFC_mosaic_f658-extract.fits"
    }, 
    "WFC_mosaic_f547": {
        "filter": "F547M", 
        "original FITS file": "$SMALL_FITS_DIR/mosaicf547-fixw-align.fits", 
        "camera": "WFPC2", 
        "date": "1995-03-21", 
        "extracted FITS file": "170-249-WFC_mosaic_f547-extract.fits"
    }, 
    "info": {
        "region": "170-249-forma.reg", 
        "description": "JSON data file for stationary bowshock arcs",