{
    "Robberto_WFPC2_39_f656n": {
        "shell": {
            "N": 477, 
            "value": 0.6245153099298477, 
            "delta": 0.026133239269256592
        }, 
        "extracted FITS file": "178-258-Robberto_WFPC2_39_f656n-extract.fits", 
        "original FITS file": "$LARGE_FITS_DIR/wfpc2/hlsp_orion_hst_wfpc2_39_f656n_v1_sci.fits", 
        "filter": "F656N", 
        "binned": {
            "theta": [
                -57.5, 
                -52.5, 
                -47.5, 
                -42.5, 
                -37.5, 
                -32.5, 
                -27.5, 
                -22.5, 
                -17.5, 
                -12.5, 
                -7.5, 
                -2.5, 
                2.5, 
                7.5, 
                12.5, 
                17.5, 
                22.5, 
                27.5, 
                32.5, 
                37.5, 
                42.5, 
                47.5, 
                52.5, 
                57.5
            ], 
            "shell": [
                0.61796621233224869, 
                0.62885965406894684, 
                0.63707439601421356, 
                0.65076678618788719, 
                NaN, 
                NaN, 
                NaN, 
                NaN, 
                0.63839899376034737, 
                0.64366224408149719, 
                0.6448688805103302, 
                0.64410345256328583, 
                0.6389620341360569, 
                0.62609712406992912, 
                0.61844927072525024, 
                0.6134641170501709, 
                0.62231730669736862, 
                0.62470284476876259, 
                0.62656527012586594, 
                0.62317937612533569, 
                0.61881518363952637, 
                0.62896347790956497, 
                0.63425645232200623, 
                0.62589008361101151
            ], 
            "background": [
                0.60555754229426384, 
                0.61872225627303123, 
                0.63600853085517883, 
                0.64645389467477798, 
                0.65372553095221519, 
                0.66207949072122574, 
                0.65338411927223206, 
                NaN, 
                NaN, 
                NaN, 
                0.65497699379920959, 
                0.64156714826822281, 
                0.61737459897994995, 
                0.60291855409741402, 
                0.58940695226192474, 
                0.58291191607713699, 
                0.58201076462864876, 
                0.58385433256626129, 
                0.58259622752666473, 
                0.59367001429200172, 
                0.60176617652177811, 
                0.60432501137256622, 
                0.61057351902127266, 
                0.60160417854785919
            ], 
            "background N": [
                52, 
                50, 
                45, 
                43, 
                38, 
                35, 
                13, 
                0, 
                0, 
                0, 
                25, 
                31, 
                30, 
                30, 
                29, 
                30, 
                32, 
                30, 
                33, 
                34, 
                35, 
                35, 
                40, 
                39
            ], 
            "background sigma": [
                0.004430727124647248, 
                0.0077789551504653656, 
                0.0054796456316170312, 
                0.0057811419060279047, 
                0.0067511239296335745, 
                0.0040315930701558559, 
                0.002347725220861335, 
                NaN, 
                NaN, 
                NaN, 
                0.0057656108822929557, 
                0.015028176464349511, 
                0.0073051926490654995, 
                0.0057060605629792229, 
                0.0074696049942084407, 
                0.011161194571788395, 
                0.0052311602981051754, 
                0.012882862679419326, 
                0.0072728050519169441, 
                0.0079579927270628376, 
                0.0086887351261652965, 
                0.0090109541605525294, 
                0.012530896100993531, 
                0.0054032497851370142
            ]
        }, 
        "camera": "WFPC2", 
        "plot limits": {
            "max": 0.7069739401340485, 
            "min": 0.4289122447371483
        }, 
        "shell center": {
            "N": 233, 
            "value": 0.6285742223262787, 
            "delta": 0.02355670928955078
        }, 
        "background": {
            "N": 468, 
            "value": 0.612294964492321, 
            "delta": 0.06112757325172424
        }, 
        "date": "2005-04-10"
    }, 
    "star": {
        "Dec_dg": -5.382794444444444, 
        "D": 32.47259998208594, 
        "PA": 221.10784381664223, 
        "RA": "5:35:17.819", 
        "Dec": "-5:22:58.06", 
        "RA_dg": 83.8242458333333, 
        "id": "178-258"
    }, 
    "help": {
        "brightness": {
            "shell": "Trimean brightness and interquartile (difference between quartiles) of shell", 
            "shell center": "Trimean brightness and interquartile (difference between quartiles) of shell center", 
            "background": "Trimean brightness and interquartile (difference between quartiles) of background"
        }, 
        "arcs": {
            "PA0": "[deg] Position angle of symmetry axis", 
            "R0": "[arcsec] Radius along symmetry axis", 
            "h": "[arcsec] Bowshock width along symmetry axis", 
            "y": "(list) [arcsec] Dec offsets from star of shell points", 
            "R": "(list) [arcsec] Radii of shell points from star", 
            "x": "(list) [arcsec] RA offsets from star of shell points", 
            "Y": "(list) [arcsec] Offsets from star perpendicular to axis of shell points", 
            "X": "(list) [arcsec] Offsets from star parallel to axis of shell points", 
            "theta": "(list) [deg] Angle from axis of shell points"
        }, 
        "star": {
            "Dec_dg": "[deg] Declination of source", 
            "D": "[arcsec] Distance of th^1 C from source", 
            "PA": "[deg] Position Angle of th^1 C from source", 
            "RA": "[HH:MM:SS] Right ascension of source", 
            "Dec": "[deg:arcmin:arcsec] Declination of source", 
            "RA_dg": "[deg] Right ascension of source", 
            "id": "Source identifier deduced from region filename"
        }, 
        "thickness": {
            "h0": "Shell thickness on axis: h0 = R0(outer) - R0(inner)"
        }
    }, 
    "WFC_mosaic_f656": {
        "filter": "F547M", 
        "original FITS file": "$SMALL_FITS_DIR/mosaicf656-fixw-align.fits", 
        "camera": "WFPC2", 
        "date": "1995-03-21", 
        "extracted FITS file": "178-258-WFC_mosaic_f656-extract.fits"
    }, 
    "WFC_mosaic_f658": {
        "filter": "F547M", 
        "original FITS file": "$SMALL_FITS_DIR/mosaicf658-fixw-align.fits", 
        "camera": "WFPC2", 
        "date": "1995-03-21", 
        "extracted FITS file": "178-258-WFC_mosaic_f658-extract.fits"
    }, 
    "WFC_mosaic_f547": {
        "filter": "F547M", 
        "original FITS file": "$SMALL_FITS_DIR/mosaicf547-fixw-align.fits", 
        "camera": "WFPC2", 
        "date": "1995-03-21", 
        "extracted FITS file": "178-258-WFC_mosaic_f547-extract.fits"
    }, 
    "info": {
        "region": "178-258-forma.reg", 
        "description": "JSON data file for stationary bowshock arcs",