{
    "star": {
        "id": "308-3036",
        "RA": "5:35:30.795",
        "Dec": "-5:30:36.25",
        "RA_dg": 83.87831249999998,
        "Dec_dg": -5.5100694444444445,
        "PA": 333.61770887816067,
        "D": 484.1351036873764
    },
    "inner": {
        "PA0": 309.6338391108318,
        "R0": 1.404531793441106,
        "x": [
            -1.7916825245141055,
            -1.5677225169443543,
            -1.433346562625967,
            -1.1198022010385602,
            -0.8809111842849013,
            -0.5225744728948308,
            -0.11944560218864322,
            0.26875260114170413,
            0.68681215157663,
            1.1048715877231026,
            1.3437625972939988,
            1.5677228102193084,
            1.8663362511462462
        ],
        "y": [
            -0.3400007506643613,
            0.07999942527456438,
            0.46999951957889086,
            0.8499997067699154,
            1.1399998185285258,
            1.3099999361304293,
            1.459999996665136,
            1.4299999831100259,
            1.2699998897078641,
            1.0099997145483706,
            0.7799995777671848,
            0.4799994252818984,
            -0.010000814516403568
        ],
        "X": [
            1.16296104462266,
            1.2583905059870621,
            1.4036755089442328,
            1.4045976259217832,
            1.4056038659845482,
            1.2380751298469057,
            1.02329269515094,
            0.7051906568480576,
            0.2811669869201845,
            -0.20664454180899522,
            -0.5373355070251336,
            -0.9011792549152744,
            -1.4437132447955212
        ],
        "Y": [
            -1.4047235983608088,
            -0.9384066989425361,
            -0.5523377432207691,
            -0.05968232749011055,
            0.3160409352798961,
            0.6755396992313677,
            1.048207661770858,
            1.2727270130744106,
            1.416176463890546,
            1.4826121145080766,
            1.4578641267598784,
            1.3696825210475707,
            1.182794608305095
        ],
        "R": [
            1.8236575279096587,
            1.5697623381195644,
            1.5084369118382324,
            1.405865025868325,
            1.4406957002931948,
            1.4103843137184415,
            1.4648778932540434,
            1.4550353646269585,
            1.4438180811346375,
            1.4969437694000265,
            1.5537365475534455,
            1.6395591657372046,
            1.8663630457747538
        ],
        "theta": [
            -50.37887559158849,
            -36.71262247462195,
            -21.479334817095488,
            -2.433073849983763,
            12.671850133143172,
            28.618519408530517,
            45.68909165270718,
            61.01010641945459,
            78.77055131080976,
            97.93469358060275,
            110.23273740174942,
            123.34281906684873,
            140.67317897277636
        ],
        "Rc": 1.8891365966304723,
        "xc": 0.2563134550787935,
        "yc": -0.40211435834607206,
        "PAc": -32.51402043552943,
        "R90": [
            -999.0,
            1.4749476867311495
        ]
    },
    "outer": {
        "PA0": 0.992527602936812,
        "R0": 2.5096658519893054,
        "x": [
            -5.419831905228974,
            -5.031637379276313,
            -4.688233176455811,
            -4.27017556509623,
            -3.762533917427014,
            -3.1205155690701907,
            -2.553149734801574,
            -2.0305756075068304,
            -1.5229319121682734,
            -1.134733671830374,
            -0.5822975966028477,
            0.0,
            0.40312910348153413,
            0.8809117240144221,
            1.4930705999417722,
            2.150021432623781,
            2.896556300086349,
            3.404199471320396,
            4.120872254105087,
            4.7031682326967115,
            5.37504774965831,
            6.793459537694394
        ],
        "y": [
            -3.390006869385277,
            -2.200005920470056,
            -1.600005139862429,
            -0.9000042640178112,
            0.009996689589573475,
            0.9199977229755351,
            1.4499984757138915,
            1.8499990358437197,
            2.139999457663235,
            2.309999698910527,
            2.509999920715093,
            2.510000000000826,
            2.4999999620014046,
            2.449999818552959,
            2.279999478731588,
            2.049998919084999,
            1.7899980381303287,
            1.339997290179546,
            0.9299960290725453,
            0.38999482751760883,
            -0.270006755974719,
            -1.4000107922909322
        ],
        "X": [
            -3.4833806149284885,
            -2.286833901701424,
            -1.6809746931306142,
            -0.9738372461046806,
            -0.05517945373464188,
            0.8658060927159912,
            1.4055552412495869,
            1.8145478197283278,
            2.1132981389488217,
            2.289997246939532,
            2.4995367634993486,
            2.5096234065284597,
            2.5066078745516682,
            2.4648913874673437,
            2.3055203751089715,
            2.0869340318358898,
            1.8399036438070508,
            1.3987638119118038,
            1.0012382780973907,
            0.4714046325603954,
            -0.17685962359980004,
            -1.282124376576469
        ],
        "Y": [
            -5.360297001748851,
            -4.992773925651245,
            -4.659814464703673,
            -4.253944998480163,
            -3.7621425599619385,
            -3.1359835836473207,
            -2.5778835527784754,
            -2.0623166440543503,
            -1.5597725038655155,
            -1.1745772532965781,
            -0.6256884695392974,
            -0.04347824063408254,
            0.35976359920984075,
            0.8383406374528828,
            1.4533524140359706,
            2.114188751213211,
            2.865115348042009,
            3.3804772705510904,
            4.104144570944889,
            4.695707088707579,
            5.378918351575806,
            6.816691264228593
        ],
        "R": [
            6.392708694709723,
            5.491575435759206,
            4.953740684009119,
            4.363989806586989,
            3.7625471975234306,
            3.2533080436825568,
            2.9361657221434143,
            2.7469498958707685,
            2.626579389224596,
            2.5736587021111346,
            2.576658707124253,
            2.510000000000826,
            2.532293996375786,
            2.6035561404386103,
            2.7253728991510124,
            2.9707049212251424,
            3.405015620533971,
            3.6584377510389032,
            4.224509527595345,
            4.719310054503518,
            5.381825151319843,
            6.936218184920513
        ],
        "theta": [
            -123.0177623423582,
            -114.60914042123837,
            -109.83632818419159,
            -102.89428934815878,
            -90.8402986031693,
            -74.56583272152537,
            -61.399186168626024,
            -48.65677665328695,
            -36.430107133920146,
            -27.154033652841196,
            -14.053593801152234,
            -0.9925276029368164,
            8.167659491128106,
            18.783816409677048,
            32.22648424376282,
            45.371700272922006,
            57.29246290226745,
            67.52135239182076,
            76.2900425784338,
            84.26725222207027,
            91.88321517126208,
            100.65208835224492
        ],
        "Rc": 3.752894075242749,
        "xc": 0.11914044676458575,
        "yc": -1.2226821515226534,
        "PAc": -5.565438353239911,
        "R90": [
            3.736253680257574,
            5.218003650370043
        ]
    },
    "thickness": {
        "h0": 1.1051340585481995
    },