{
    "info": "Last iterated fit from circle_fit.py",
    "region file": "new-4285-458-ridge.reg",
    "FITS file": "4285-458-Robberto_ACS_1r_f658n-extract.fits",
    "d theta": 75,
    "Pi": 2.7154362511502774,
    "Lambda": 2.117539289404787,
    "d Lambda": -0.2065909606442523,
    "R0": 29.83232273690089,
    "axis angle": -83.96398764775071
}