{
    "info": "Last iterated fit from circle_fit.py",
    "region file": "new-4285-458-ridge.reg",
    "FITS file": "4285-458-Robberto_ACS_1r_f658n-extract.fits",
    "d theta": 80,
    "Pi": 2.722976938048502,
    "Lambda": 2.1148978783459444,
    "d Lambda": -0.19357993441276888,
    "R0": 29.815620755647707,
    "axis angle": -83.58255832059803
}