{
    "star": {
        "id": "4285-458",
        "RA": "5:34:28.520",
        "Dec": "-5:24:57.88",
        "RA_dg": 83.61883333333333,
        "Dec_dg": -5.416077777777778,
        "PA": 82.41165342510821,
        "D": 721.1817961134244
    },
    "outer": {
        "PA0": 88.46199668869143,
        "R0": 1.9126425606834412,
        "x": [
            -0.6719875770871566,
            -0.31359416950051927,
            0.16426359067425422,
            0.836250849525625,
            1.1946438621204445,
            1.493304587472025,
            1.657567749216773,
            1.8068978282761456,
            1.8815625953861859,
            1.9114282553674264,
            1.8964946206073021,
            1.8516951520703717,
            1.7172975759782718,
            1.6127661374616926,
            1.4783687146832658,
            1.269306238787542,
            0.9557127657596488,
            0.7317174349473375,
            0.4479901653475342,
            -0.9557114521004432,
            -1.9562207183251379,
            -2.2996787572879036,
            -2.926863025140845
        ],
        "y": [
            3.5699998962236137,
            3.339999977399335,
            3.0499999938017623,
            2.6399998392721056,
            2.259999671992524,
            1.9099994875145057,
            1.4599993685395103,
            1.0399992496527832,
            0.5399991863535615,
            0.06999916030907774,
            -0.6200008266269346,
            -1.0700007880372189,
            -1.5100006778074608,
            -1.8900005978169063,
            -2.250000502323523,
            -2.650000370296042,
            -3.030000209927183,
            -3.4800001230587285,
            -3.970000046125901,
            -6.020000209954362,
            -7.310000879625867,
            -7.840001215617107,
            -8.470001969120005
        ],
        "X": [
            -0.5759266979254811,
            -0.22383560169162545,
            0.24606640755867204,
            0.9068071744879069,
            1.254871869485769,
            1.5440309957353455,
            1.6961569780736316,
            1.834160457429659,
            1.895378325228003,
            1.9126184260617631,
            1.8791705729058261,
            1.8223092456017513,
            1.6761504910495053,
            1.5614575136440254,
            1.4174461118042607,
            1.1977229565589906,
            0.8740432629952005,
            0.6380506313904021,
            0.3412739796940949,
            -1.1169439440609297,
            -2.1517163847244847,
            -2.5092758983252703,
            -3.153143437291924
        ],
        "Y": [
            -3.586749921783331,
            -3.34721358380185,
            -3.044492373530129,
            -2.616603787925549,
            -2.2271212508261997,
            -1.8692311032826268,
            -1.4149842773371915,
            -0.9911274476619178,
            -0.48930351099782576,
            -0.01867121179687602,
            0.6706793786417663,
            1.1193148064756233,
            1.555548952233372,
            1.9326063507543352,
            2.288869335969474,
            2.683113864472719,
            3.054559958031178,
            3.4983857209971836,
            3.98059387846481,
            5.992180165294775,
            7.254862435542362,
            7.775453421742224,
            8.388393588089215
        ],
        "R": [
            3.6326941190796784,
            3.3546894270814813,
            3.054420156005383,
            2.769280526542783,
            2.5563201041161427,
            2.4244703820155586,
            2.208875052912529,
            2.0848209038445975,
            1.9575180514158506,
            1.9127095592015375,
            1.9952676188948983,
            2.138615585513485,
            2.2867472556974544,
            2.4845757935493475,
            2.692225160905075,
            2.9383056836200923,
            3.177150950583672,
            3.5560949454555733,
            3.99519656018171,
            6.095390627968523,
            7.56722619979973,
            8.170320767729928,
            8.961442993448845
        ],
        "theta": [
            -99.12215273032854,
            -93.82579987543645,
            -85.3792010735026,
            -70.88578904198857,
            -60.60090724674226,
            -50.4424534728121,
            -39.835862416738884,
            -28.385509325528822,
            -14.475214698365635,
            -0.5593105444779449,
            19.641574464101797,
            31.559443888735228,
            42.86281049818033,
            51.06337474554373,
            58.23098371247171,
            65.94435515359847,
            74.03185690187965,
            79.66375842929878,
            85.09976131963917,
            100.5587727190467,
            106.51980630339956,
            107.88580520918796,
            110.6009191073147
        ],
        "Rc": 4.901394899379986,
        "xc": -2.974041960853869,
        "yc": -0.11722566306507447,
        "PAc": 87.7427821444969,
        "R90": [
            3.2186855553671863,
            4.660921679423663
        ]
    },
    "thickness": {
        "h0": 0.0
    },
    "help": {
        "arcs": {
            "PA0": "[deg] Position angle of symmetry axis",
            "R0": "[arcsec] Radius along symmetry axis",
            "x": "(list) [arcsec] RA offsets from star of shell points",
            "y": "(list) [arcsec] Dec offsets from star of shell points",
            "X": "(list) [arcsec] Offsets from star parallel to axis of shell points",
            "Y": "(list) [arcsec] Offsets from star perpendicular to axis of shell points",
            "R": "(list) [arcsec] Radii of shell points from star",
            "theta": "(list) [deg] Angle from axis of shell points",
            "h": "[arcsec] Bowshock width along symmetry axis"
        },
        "star": {
            "id": "Source identifier deduced from region filename",
            "RA": "[HH:MM:SS] Right ascension of source",
            "Dec": "[deg:arcmin:arcsec] Declination of source",
            "RA_dg": "[deg] Right ascension of source",
            "Dec_dg": "[deg] Declination of source",
            "PA": "[deg] Position Angle of th^1 C from source",
            "D": "[arcsec] Distance of th^1 C from source",
            "PA_binary": "[deg] Position Angle of primary from source",
            "D_binary": "[arcsec] Distance of primary from source"
        },
        "thickness": {
            "h0": "Shell thickness on axis: h0 = R0(outer) - R0(inner)"
        }
    },
    "info": {
        "description": "JSON data file for stationary bowshock arcs",
        "history": [
            "Initially created by find-xy-shell.py: <will@mac> 2017-02-26 22:18",
            "Circle fits added by fit-circle-shell.py: <will@mac> 2017-02-26 22:18"
        ],
        "region": "4285-458-forma.reg"
    }
}