{
    "info": "Last iterated fit from circle_fit.py",
    "region file": "new-4285-458-ridge.reg",
    "FITS file": "4285-458-Robberto_ACS_1r_f658n-extract.fits",
    "d theta": 50,
    "Pi": 2.624733540574537,
    "Lambda": 2.1355719340245862,
    "d Lambda": -0.24614541101083343,
    "R0": 29.789302334712488,
    "axis angle": -85.18296130237286
}