{
    "info": "Last iterated fit from circle_fit.py",
    "region file": "new-4285-458-ridge.reg",
    "FITS file": "4285-458-Robberto_ACS_1r_f658n-extract.fits",
    "d theta": 65,
    "Pi": 2.964390738280816,
    "Lambda": 2.136160429437224,
    "d Lambda": -0.21521692715681218,
    "R0": 29.600589638259397,
    "axis angle": -84.16617161308162
}