{
    "info": "Last iterated fit from circle_fit.py",
    "region file": "new-4285-458-ridge.reg",
    "FITS file": "4285-458-Robberto_ACS_1r_f658n-extract.fits",
    "d theta": 55,
    "Pi": 2.852432936576132,
    "Lambda": 2.1348616868308614,
    "d Lambda": -0.23025977152757238,
    "R0": 29.681974435448357,
    "axis angle": -84.61838823036844
}