{
    "star": {
        "id": "4468-605",
        "RA": "5:34:46.758",
        "Dec": "-5:26:04.82",
        "RA_dg": 83.69482499999998,
        "Dec_dg": -5.434672222222223,
        "PA": 69.86418417830488,
        "D": 471.3124303387058
    },
    "inner": {
        "PA0": 46.96356028574002,
        "R0": 1.312267947824234,
        "x": [
            -1.239404249032781,
            -0.6271684383062736,
            0.014932581996697229,
            0.6122358169298755,
            1.0452804605998465,
            1.5529875326756954,
            1.6575149662686315,
            1.2842003108041113,
            0.3135836955809094
        ],
        "y": [
            1.279999645737972,
            1.3599999092726855,
            1.3799999999462207,
            1.2199999135680863,
            0.7999997480441894,
            -0.01000055621045747,
            -0.7600006336182185,
            -1.5600003803691254,
            -2.2600000226751766
        ],
        "X": [
            -0.03235225881072987,
            0.4697402706334918,
            0.952713953866802,
            1.2801005231797797,
            1.309986707500711,
            1.1282843353524035,
            0.6928379357229459,
            -0.1259956539193542,
            -1.3131626699702907
        ],
        "Y": [
            -1.7814250803667522,
            -1.4220703503604935,
            -0.9984783943401793,
            -0.4738935905799782,
            0.1286299512323631,
            1.0671666909949202,
            1.6866927465687886,
            2.01665483417828,
            1.86588816353566
        ],
        "R": [
            1.781718828999078,
            1.4976448187835603,
            1.3800807881630182,
            1.365002741622862,
            1.3162867613793712,
            1.553019731932168,
            1.8234464144867533,
            2.0205869506213268,
            2.281651778126097
        ],
        "theta": [
            -91.04042777865044,
            -71.72050516422823,
            -46.34360337588486,
            -20.314567189871305,
            5.607998348465927,
            43.405394217468626,
            67.66875302312828,
            93.57505310734167,
            125.1368680962222
        ],
        "Rc": 3.2466910128720214,
        "xc": -1.4218527565123866,
        "yc": -1.3105111432059355,
        "PAc": 47.33346555642437,
        "R90": [
            1.7664207091608433,
            1.993381680706292
        ]
    },
    "outer": {
        "PA0": 44.69854049178248,
        "R0": 2.4996614953380054,
        "x": [
            -6.346353878186969,
            -5.435466266441396,
            -4.599241917219744,
            -3.6883535381729016,
            -2.8521277137347085,
            -1.791912245223426,
            -0.2538541399047893,
            0.25385409073337667,
            0.7615621598075123,
            1.2842026504668222,
            1.6873821320789015,
            2.0905615960729795,
            2.3294823304219583,
            2.5385378281365827,
            2.7625258612064814,
            2.86705303362363,
            2.9715802548787105,
            2.8371858824200444,
            2.1502859663205274,
            1.8964321320692141
        ],
        "y": [
            3.609990711992908,
            3.9399931868873916,
            4.519995122022328,
            4.779996862879097,
            4.839998124109501,
            4.289999259540152,
            3.4799999851320873,
            3.0599999851437096,
            2.739999866256002,
            2.3899996196957645,
            1.8499993433877275,
            1.4999989921139254,
            0.9499987485639305,
            0.42999851384238885,
            -0.04000176000093438,
            -0.6700018957392732,
            -1.220002036509127,
            -2.2100018565109867,
            -4.510001066421512,
            -5.230000829508717
        ],
        "X": [
            -1.897832608518743,
            -1.0225640822715618,
            -0.022107983308945117,
            0.8034033434771006,
            1.4342349575354323,
            1.7890169468740122,
            2.2950894505453547,
            2.35365623332022,
            2.483304557076325,
            2.6021313842074068,
            2.5018768079067204,
            2.5366774702878647,
            2.313778984807809,
            2.091198518854944,
            1.9146620905535403,
            1.5403690042514449,
            1.2229413400341675,
            0.42470239426840756,
            -1.6933263692158844,
            -2.3836695684779436
        ],
        "Y": [
            -7.050281687840337,
            -6.634922949363433,
            -6.448479925787999,
            -5.983883763859086,
            -5.43168338762675,
            -4.291207464715997,
            -2.6281944819327108,
            -1.9718884714441753,
            -1.3859201517899757,
            -0.7682362194890039,
            -0.1018256758025229,
            0.4309433548065867,
            0.9876296671743389,
            1.5019859458483462,
            1.9917877280561127,
            2.5092148111802013,
            2.970371804859936,
            3.571184651273061,
            4.70068986037117,
            5.0266771227639655
        ],
        "R": [
            7.301249241592417,
            6.713258511806426,
            6.448517823206879,
            6.037575824094184,
            5.617847838526518,
            4.649198118109908,
            3.4892465978870177,
            3.0705116525526446,
            2.8438664156977542,
            2.7131669004342345,
            2.5039480885581797,
            2.57302249568829,
            2.515747513170022,
            2.574698628342172,
            2.7628154615605047,
            2.9442988363793305,
            3.2122724324489416,
            3.596349807399944,
            4.996382627069126,
            5.563215213184409
        ],
        "theta": [
            -105.06606217409683,
            -98.76140268203892,
            -90.19643221175805,
            -82.35312942988061,
            -75.20865455000846,
            -67.36860183582827,
            -48.87068255378898,
            -39.956207596469596,
            -29.16567295706532,
            -16.44836318336695,
            -2.3306356543441398,
            9.641639119090351,
            23.115068387214112,
            35.687483075563506,
            46.131052413376736,
            58.454865787234255,
            67.62238727149312,
            83.21796461504834,
            109.81050773369691,
            115.37048733052316
        ],
        "Rc": 4.50733144193782,
        "xc": -1.7294201267408014,
        "yc": -0.9964762912052691,
        "PAc": 60.049841453771094,
        "R90": [
            6.4382259540753575,
            3.9534075013830146
        ]
    },
    "thickness": {
        "h0": 1.1873935475137714
    },
    "help": {
        "arcs": {
            "PA0": "[deg] Position angle of symmetry axis",
            "R0": "[arcsec] Radius along symmetry axis",
            "x": "(list) [arcsec] RA offsets from star of shell points",
            "y": "(list) [arcsec] Dec offsets from star of shell points",
            "X": "(list) [arcsec] Offsets from star parallel to axis of shell points",
            "Y": "(list) [arcsec] Offsets from star perpendicular to axis of shell points",
            "R": "(list) [arcsec] Radii of shell points from star",
            "theta": "(list) [deg] Angle from axis of shell points",
            "h": "[arcsec] Bowshock width along symmetry axis"
        },
        "star": {
            "id": "Source identifier deduced from region filename",
            "RA": "[HH:MM:SS] Right ascension of source",
            "Dec": "[deg:arcmin:arcsec] Declination of source",
            "RA_dg": "[deg] Right ascension of source",
            "Dec_dg": "[deg] Declination of source",
            "PA": "[deg] Position Angle of th^1 C from source",
            "D": "[arcsec] Distance of th^1 C from source",