{
    "info": "Last iterated fit from circle_fit.py",
    "region file": "new-4468-605-ridge.reg",
    "FITS file": "4468-605-Bally_17-extract.fits",
    "d theta": 50,
    "Pi": 1.4545818877024081,
    "Lambda": 1.4519853866734542,
    "d Lambda": -0.0483426735143202,
    "R0": 41.940330516325474,
    "axis angle": -8.581769988026846
}