{
    "info": "Last iterated fit from circle_fit.py",
    "region file": "new-LL1-ridge.reg",
    "FITS file": "LL1-Bally_01-extract.fits",
    "d theta": 50,
    "Pi": 1.8985566013771156,
    "Lambda": 2.2986923045029437,
    "d Lambda": 0.05759259324243282,
    "R0": 44.18100248069566,
    "axis angle": -41.22109513623314
}