{
    "info": "Last iterated fit from circle_fit.py",
    "region file": "new-LL1-ridge.reg",
    "FITS file": "LL1-Bally_01-extract.fits",
    "d theta": 80,
    "Pi": 2.9920866637419343,
    "Lambda": 2.365386231030018,
    "d Lambda": 0.09710330689877034,
    "R0": 43.04442019989895,
    "axis angle": -40.52419940227773
}