{
    "info": "Last iterated fit from circle_fit.py",
    "region file": "new-LL1-ridge.reg",
    "FITS file": "LL1-Bally_01-extract.fits",
    "d theta": 65,
    "Pi": 2.703583455855304,
    "Lambda": 2.3442485022546187,
    "d Lambda": 0.09740066621770116,
    "R0": 43.4394088985571,
    "axis angle": -40.50639558272008
}