{
    "info": "Last iterated fit from circle_fit.py",
    "region file": "new-LL1-ridge.reg",
    "FITS file": "LL1-Bally_01-extract.fits",
    "d theta": 60,
    "Pi": 2.541758090515667,
    "Lambda": 2.344113170216917,
    "d Lambda": 0.1259257722841045,
    "R0": 43.6106944615936,
    "axis angle": -40.06863128909748
}