{
    "info": "Last iterated fit from circle_fit.py",
    "region file": "new-LL1-ridge.reg",
    "FITS file": "LL1-Bally_01-extract.fits",
    "d theta": 70,
    "Pi": 2.8295429079486314,
    "Lambda": 2.357130375484536,
    "d Lambda": 0.11768060342273712,
    "R0": 43.31738610529876,
    "axis angle": -40.20547805129556
}