{
    "star": {
        "id": "LL3",
        "RA": "5:34:40.809",
        "Dec": "-5:26:38.56",
        "RA_dg": 83.67003749999999,
        "Dec_dg": -5.444044444444445,
        "PA": 69.75532722987055,
        "D": 566.3319878799648
    },
    "inner": {
        "PA0": 98.14843669924828,
        "R0": 1.5001026122506278,
        "x": [
            0.5524971076734078,
            1.015399784872889,
            1.3140465011180462,
            1.5081665958602062,
            1.4932338876960922,
            1.3289777485877217,
            1.1796540299580236
        ],
        "y": [
            2.0799999294889404,
            1.4299997618167384,
            0.9699996010887982,
            0.37999947452662475,
            -0.15000051512038173,
            -0.8200004080345394,
            -1.5100003214961535
        ],
        "X": [
            0.25210390588538645,
            0.8024630117826196,
            1.163294208657406,
            1.4390800167968987,
            1.4994192725787923,
            1.4317859627179057,
            1.3817690839029788
        ],
        "Y": [
            -2.137310548633214,
            -1.5594836185855256,
            -1.1464571589541177,
            -0.5899277809740031,
            -0.06316203701315233,
            0.6233550211412919,
            1.327553690094911
        ],
        "R": [
            2.152127496376894,
            1.7538346677825245,
            1.6332842475249087,
            1.555302569119293,
            1.5007490122936498,
            1.5615961467095456,
            1.9161640329874403
        ],
        "theta": [
            -83.27282863696944,
            -62.771022317884565,
            -44.58234690780948,
            -22.290390168397803,
            -2.412120443814996,
            23.526809124945817,
            43.85362542933723
        ],
        "Rc": 3.5283737567007285,
        "xc": -2.0455890228923503,
        "yc": -0.01621779462741316,
        "PAc": 89.54575835778363,
        "R90": [
            -999.0,
            -999.0
        ]
    },
    "outer": {
        "PA0": 89.15147624543232,
        "R0": 3.1185290493643048,
        "x": [
            -5.002349077178091,
            -3.4643125745918435,
            -2.105465413763951,
            -1.060198724871556,
            0.7167536833698824,
            1.5231011761466127,
            2.16519200819163,
            2.687823431885197,
            3.090995589961225,
            3.120858608952762,
            3.016329944405355,
            2.6280878413590947,
            2.135320335014327,
            1.3289748315492829,
            0.49276566185310244,
            -0.17918742067599
        ],
        "y": [
            6.579994219689013,
            6.069997227685732,
            5.639998975983849,
            5.289999740350199,
            4.129999881325416,
            3.559999464102187,
            2.7199989170159014,
            1.8099983310558954,
            0.8599977927959187,
            -0.30000225010946296,
            -1.9500021019751903,
            -3.28000159573307,
            -4.330001053438177,
            -5.570000408061908,
            -6.83000005610136,
            -7.9500000074184225
        ],
        "X": [
            -4.904357442406789,
            -3.37404214092626,
            -2.021711830754022,
            -0.9817429007684308,
            0.7778362198235563,
            1.5756541576360308,
            2.2052350172073263,
            2.7143329382294836,
            3.1033923344616654,
            3.116073647390139,
            2.987121610823469,
            2.579226130258689,
            2.0709632268436224,
            1.2463430060538125,
            0.3915662096722304,
            -0.2968992573392171
        ],
        "Y": [
            -6.653352410491606,
            -6.12063457411414,
            -5.6705603189671026,
            -5.305120117953526,
            -4.118932589579836,
            -3.5370534845703623,
            -2.687636333246591,
            -1.7699958926106978,
            -0.8141289573391732,
            0.34618612217422623,
            1.9944570723320865,
            3.3185612453142674,
            4.361148170947975,
            5.589070384237616,
            6.836548446934976,
            7.94647463222987
        ],
        "R": [
            8.265580452762245,
            6.989014806007185,
            6.0201804838106865,
            5.395194027013713,
            4.191734111602529,
            3.872135506046638,
            3.4765572828452833,
            3.2404457655415624,
            3.208403020316119,
            3.1352447762727094,
            3.59176203710993,
            4.203005611453665,
            4.827887949808013,
            5.726349504588527,
            6.847752825843388,
            7.952019130364403
        ],
        "theta": [
            -126.39488364027062,
            -118.86605498879231,
            -109.62255917755786,
            -100.48430579688127,
            -79.30596572322264,
            -65.98842230969287,
            -50.63074711225288,
            -33.108065343334374,
            -14.69946831270314,
            6.339387433640826,
            33.730452410602304,
            52.14521450783038,
            64.59852246879194,
            77.42892529254952,
            86.721941344635,
            92.13971179315524
        ],
        "Rc": 6.0429679510479755,
        "xc": -2.8647955497700575,
        "yc": -0.5064240606520604,
        "PAc": 79.97510967638293,
        "R90": [
            4.79942298341086,
            7.515896622587624
        ]
    },
    "thickness": {
        "h0": 1.618426437113677
    },
    "help": {
        "arcs": {
            "PA0": "[deg] Position angle of symmetry axis",
            "R0": "[arcsec] Radius along symmetry axis",
            "x": "(list) [arcsec] RA offsets from star of shell points",
            "y": "(list) [arcsec] Dec offsets from star of shell points",
            "X": "(list) [arcsec] Offsets from star parallel to axis of shell points",
            "Y": "(list) [arcsec] Offsets from star perpendicular to axis of shell points",
            "R": "(list) [arcsec] Radii of shell points from star",
            "theta": "(list) [deg] Angle from axis of shell points",
            "h": "[arcsec] Bowshock width along symmetry axis"
        },
        "star": {
            "id": "Source identifier deduced from region filename",
            "RA": "[HH:MM:SS] Right ascension of source",
            "Dec": "[deg:arcmin:arcsec] Declination of source",
            "RA_dg": "[deg] Right ascension of source",
            "Dec_dg": "[deg] Declination of source",
            "PA": "[deg] Position Angle of th^1 C from source",
            "D": "[arcsec] Distance of th^1 C from source",
            "PA_binary": "[deg] Position Angle of primary from source",
            "D_binary": "[arcsec] Distance of primary from source"
        },
        "thickness": {
            "h0": "Shell thickness on axis: h0 = R0(outer) - R0(inner)"
        }
    },
    "info": {
        "description": "JSON data file for stationary bowshock arcs",
        "history": [
            "Initially created by find-xy-shell.py: <will@mac> 2017-02-26 22:27",
            "Circle fits added by fit-circle-shell.py: <will@mac> 2017-02-26 22:27"
        ],
        "region": "LL3-forma.reg"
    }
}