{
    "info": "Last iterated fit from circle_fit.py",
    "region file": "new-LL3-ridge.reg",
    "FITS file": "LL3-Bally_17-extract.fits",
    "d theta": 45,
    "Pi": 2.571846918827357,
    "Lambda": 2.97050252317909,
    "d Lambda": -1.2868276541386114,
    "R0": 34.497174781903944,
    "axis angle": -54.96233339513684
}