{
    "info": "Last iterated fit from circle_fit.py",
    "region file": "new-LL3-ridge.reg",
    "FITS file": "LL3-Bally_17-extract.fits",
    "d theta": 60,
    "Pi": 3.156275647124673,
    "Lambda": 2.9983718834032507,
    "d Lambda": -1.1068270410535586,
    "R0": 34.118473642338365,
    "axis angle": -48.262947196544516
}