{
    "star": {
        "id": "LL4",
        "RA": "5:34:42.719",
        "Dec": "-5:28:37.20",
        "RA_dg": 83.67799583333331,
        "Dec_dg": -5.477,
        "PA": 57.965939462847146,
        "D": 593.1381782834654
    },
    "inner": {
        "PA0": 40.078236409575524,
        "R0": 1.4191777021095981,
        "x": [
            -9.571123632672352,
            -8.451257805067964,
            -7.226870631921874,
            -2.030689090240872,
            -1.53794819782396,
            -1.0153443327421954,
            -0.5226036545139315,
            0.10452071487987448,
            0.6569872285027798,
            1.179590464432799,
            1.5080837170424524,
            1.8216454493444385,
            2.0306863056582034,
            2.150138151425726,
            2.374110180221982,
            2.433835860425304,
            4.64368374494491,
            4.509297594553621,
            4.225597941565436
        ],
        "y": [
            4.499978709659627,
            4.609983400347436,
            4.609987861737597,
            2.669999041577684,
            2.449999450243147,
            2.21999976038959,
            2.0299999365178025,
            1.699999997458655,
            1.2999998996761646,
            0.8599996765999215,
            0.4399994713803349,
            0.16999922870715145,
            -0.28000095847343204,
            -0.5700010745595672,
            -1.200001310087553,
            -1.52000137685432,
            -8.630005012808672,
            -10.070004726996048,
            -11.150004150991778
        ],
        "X": [
            -2.718974764835326,
            -1.9137963043758681,
            -1.1254919861997388,
            0.7355678118261909,
            0.8844744636348242,
            1.044956148120295,
            1.2168174645090153,
            1.368076110003971,
            1.417705819540566,
            1.4175018280735834,
            1.3076267516883335,
            1.3029131427288634,
            1.0931757014000425,
            0.9481845124845137,
            0.6103303337251529,
            0.4039305239467103,
            -3.6136295547275115,
            -4.801990638275684,
            -5.811024699747775
        ],
        "Y": [
            -10.220733447628785,
            -9.434674829826323,
            -8.497818249698154,
            -3.272847851253444,
            -2.754176263161016,
            -2.206216149579893,
            -1.7068595665840385,
            -1.0145404518474508,
            -0.3342785766611642,
            0.34888633527383306,
            0.8706482129382517,
            1.2844100682347224,
            1.734086011304609,
            2.012198157612715,
            2.5891889030699247,
            2.8409155765272827,
            9.109471262667677,
            9.933762927908159,
            10.41202489767563
        ],
        "R": [
            10.57620990616625,
            9.626822187991273,
            8.572027019083809,
            3.3544884950241003,
            2.8927118704395167,
            2.4411724744805583,
            2.0961904307513666,
            1.703210078410302,
            1.4565822865783455,
            1.4598058458345604,
            1.5709602262385747,
            1.829560570431689,
            2.0498993655137814,
            2.224408976608281,
            2.660150802500771,
            2.869487964974101,
            9.800040063396088,
            11.033528900490985,
            11.923853006930937
        ],
        "theta": [
            -104.89710944594363,
            -101.46669823056041,
            -97.54461857066737,
            -77.33333001091374,
            -72.19613009434472,
            -64.6558095800406,
            -54.514989970591785,
            -36.559961692684574,
            -13.267351203891058,
            13.827233551784717,
            33.656596826972454,
            44.59025992596041,
            57.772482369245516,
            64.76933045735169,
            76.73622009278266,
            81.9077418969707,
            111.63769670014189,
            115.79916785008487,
            119.16619504470798
        ],
        "Rc": 8.2503281952473,
        "xc": -4.539773720952066,
        "yc": -5.113742865813977,
        "PAc": 41.59737059496992,
        "R90": [
            6.624385832060296,
            4.75592932515201
        ]
    },
    "outer": {
        "PA0": 45.16011368576144,
        "R0": 2.5369035759322087,
        "x": [
            -9.556194081235319,
            -9.003727238647462,
            -8.346738927324314,
            -7.570297920973471,
            -6.8834462730745,
            -6.226457763943439,
            -5.539606204975084,
            -4.643712737622655,
            -3.986724273545628,
            -3.2401463177347916,
            -2.478636998826375,
            -1.7021962241861497,
            -0.8063032572176869,
            0.08958923749262669,
            0.6569876316127345,
            1.2990434785401173,
            1.7469892051655262,
            2.1202770829353854,
            2.553290752097415,
            2.9116464691330703,
            3.1654814175089983,
            3.344658678061737,
            3.837397252512245,
            4.091231860363432,
            4.374928772549843,
            4.837803126355372,
            5.076705426654221,
            5.300675408262966,
            5.420125081156423,
            5.539574684214761,
            5.524641597707026,
            5.435050944861275,
            5.524636408404887
        ],
        "y": [
            4.949978776189055,
            5.0999811592957816,
            5.119983808544302,
            5.06998668079279,
            5.0199889880188815,
            4.969990989768204,
            4.929992867995749,
            4.799994988295238,
            4.709996306078869,
            4.459997560018157,
            4.219998572128522,
            3.8799993265821784,
            3.2999998488931697,
            2.9799999981398586,
            2.619999899681185,
            2.2099996077953152,
            1.8399992906496112,
            1.4199989551342955,
            0.8599984847562168,
            0.20999802954329416,
            -0.40000232902425575,
            -1.0000026001689455,
            -1.7400034227721752,
            -2.270003890593084,
            -3.08000444893646,
            -4.000005440230502,
            -4.660005990870165,
            -5.600006531232178,
            -6.460006829014261,
            -7.310007133433451,
            -7.940007095117668,
            -8.680006866946515,
            -9.960007095349637
        ],
        "X": [
            -3.2857377766841274,
            -2.788223687287994,
            -2.308261964149569,
            -1.7929575229179582,
            -1.341179505552026,
            -0.910577059077704,
            -0.4517481272187386,
            0.09184689864814866,
            0.49424371068880363,
            0.8473461168575981,
            1.2180871640290365,
            1.5289028261682711,
            1.7551887681483296,
            2.164807393523493,
            2.313292115592586,
            2.4794584102876724,
            2.536190196421076,
            2.5047271792462307,
            2.4168965125320363,
            2.212665872725231,
            1.9625268309395105,
            1.6665008549326894,
            1.4940966368890143,
            1.3003675170131694,
            0.9303772556955153,
            0.6098737551591645,
            0.31388973505833134,
            -0.19011832828287606,
            -0.7118292443596499,
            -1.226488934584277,
            -1.6813083042779713,
            -2.2666298104321876,
            -3.1056705543431424
        ],