{
    "info": "Last iterated fit from circle_fit.py",
    "region file": "new-LL4-ridge.reg",
    "FITS file": "LL4-Bally_24-extract.fits",
    "d theta": 55,
    "Pi": 2.814219054780752,
    "Lambda": 3.287601699334969,
    "d Lambda": -0.7783437523761509,
    "R0": 40.18083052470254,
    "axis angle": -6.226511114793387
}