{
    "info": "Last iterated fit from circle_fit.py",
    "region file": "new-LL5-ridge.reg",
    "FITS file": "LL5-Bally_07-extract.fits",
    "d theta": 60,
    "Pi": 5.7753074289385085,
    "Lambda": 3.5012227901637365,
    "d Lambda": 0.3112365389096132,
    "R0": 35.487850073359134,
    "axis angle": 62.79196257541506
}