{
    "info": "Last iterated fit from circle_fit.py",
    "region file": "new-LL5-ridge.reg",
    "FITS file": "LL5-Bally_07-extract.fits",
    "d theta": 70,
    "Pi": 5.380638870785798,
    "Lambda": 3.5158346747175226,
    "d Lambda": 0.1578943281552565,
    "R0": 35.52996065339268,
    "axis angle": 61.582436098198215
}