{
    "info": "Last iterated fit from circle_fit.py",
    "region file": "new-LL5-ridge.reg",
    "FITS file": "LL5-Bally_07-extract.fits",
    "d theta": 55,
    "Pi": 4.660114006782714,
    "Lambda": 3.360149282349373,
    "d Lambda": 0.25551570148269187,
    "R0": 35.75384091565902,
    "axis angle": 63.47841534699667
}