{
    "info": "Last iterated fit from circle_fit.py",
    "region file": "new-LL5-ridge.reg",
    "FITS file": "LL5-Bally_07-extract.fits",
    "d theta": 75,
    "Pi": 5.830586080429152,
    "Lambda": 3.533948875557918,
    "d Lambda": 0.1587459693421498,
    "R0": 35.34768514662904,
    "axis angle": 61.58263084772954
}