{
    "star": {
        "id": "LL5",
        "RA": "5:35:31.398",
        "Dec": "-5:28:16.36",
        "RA_dg": 83.88082499999997,
        "Dec_dg": -5.471211111111111,
        "PA": 322.6626736885544,
        "D": 369.54985468532607
    },
    "inner": {
        "PA0": 337.3525809093173,
        "R0": 1.4599005585167217,
        "x": [
            -2.5533109083461105,
            -2.224816018269745,
            -2.0456372781170025,
            -1.9261846951246615,
            -1.627551817204042,
            -1.2691919726385406,
            -0.716720272595768,
            -0.20904343223383795,
            0.34342850863796864,
            0.8063104490249903,
            1.4633041617850575,
            2.0008444568460773,
            2.5831796998751253,
            4.0166201037916895,
            5.196221325238595
        ],
        "y": [
            -2.9900015137534948,
            -1.7800011492923493,
            -0.6500009715970146,
            0.11999913855932408,
            0.6599993849658483,
            0.9799996259783715,
            1.279999880715432,
            1.4799999898437104,
            1.5599999726249523,
            1.6599998490669974,
            1.6799995028614263,
            1.6699990705215184,
            1.599998450736471,
            1.4099962542551743,
            1.0099937310304548
        ],
        "X": [
            -1.7762720282246334,
            -0.7860625509175307,
            0.18781097178908995,
            0.8524414756213591,
            1.2358119481960397,
            1.3931477871952955,
            1.4572812349001425,
            1.4463740385571098,
            1.3074709353754177,
            1.221523030137038,
            0.9869990364127448,
            0.7707848520001118,
            0.48194827414515123,
            -0.2453627022420184,
            -1.068738141707037
        ],
        "Y": [
            -3.50775759263296,
            -2.738670493629482,
            -2.1381908650947508,
            -1.7314533789934816,
            -1.2479154356507438,
            -0.7939690002517165,
            -0.16857949516233445,
            0.3769632171518623,
            0.9176398031273937,
            1.3833356519493614,
            1.997370847297122,
            2.489611646012601,
            3.0000897095344596,
            4.249838072155889,
            5.184457751978093
        ],
        "R": [
            3.931857785694624,
            2.8492473403745993,
            2.1464233358540903,
            1.9299189809386987,
            1.7562813287851913,
            1.603511000999949,
            1.4669995377576885,
            1.4946903112342322,
            1.5973550185025092,
            1.8454636379808016,
            2.2279267042504136,
            2.6061994236885266,
            3.038554327999756,
            4.256915138359841,
            5.293467993441082
        ],
        "theta": [
            -116.85692052029317,
            -106.01471839807776,
            -84.98022854308128,
            -63.78772548189896,
            -45.27920667289397,
            -29.679252442627444,
            -6.598692653110737,
            14.607827055724071,
            35.06284280993873,
            48.55461990134635,
            63.70376078631557,
            72.79745231896551,
            80.87371455739952,
            93.30428081529512,
            101.64794371615463
        ],
        "Rc": 3.845506131629328,
        "xc": 0.9172336381437781,
        "yc": -2.2050790648893788,
        "PAc": -22.585555034144583,
        "R90": [
            2.314148624247111,
            3.933051674036714
        ]
    },
    "outer": {
        "PA0": 350.729889738399,
        "R0": 2.8938518889567666,
        "x": [
            -7.435957151543982,
            -7.077601583518986,
            -6.495269930383843,
            -5.569509673181065,
            -4.5392269811599055,
            -3.5985333028675197,
            -2.88181351225087,
            -2.4040002970752554,
            -1.8813918163880616,
            -1.1049445078543572,
            -0.13438515282678654,
            0.6868574860959812,
            1.7320755364337668,
            2.94154186991452,
            4.091281186616486,
            4.987182176358395,
            6.749121008901986,
            8.585717778669832,
            10.98971702177401,
            13.304123149766253,
            16.156067753645853
        ],
        "y": [
            -3.2600128388677385,
            -2.100011630983216,
            -1.2200097956226785,
            -0.31000720219651773,
            0.6099952160298897,
            1.4399969934332275,
            1.8399980718185696,
            2.2199986582030062,
            2.5399991781742903,
            2.749999716531436,
            2.9099999958015275,
            3.0299998904735213,
            3.199999303481406,
            3.049997991122069,
            2.83999611381337,
            2.8399942254728336,
            2.9099894244911426,
            2.8299828856459865,
            2.4899719596974985,
            1.7799589051217828,
            1.0499393972956352
        ],
        "X": [
            -2.0195859353559746,
            -0.9324616082735578,
            -0.15775990968603557,
            0.5912281695085102,
            1.3332480620555538,
            2.000874535351145,
            2.280195893003442,
            2.5782631843357406,
            2.809897993209167,
            2.8920787943672965,
            2.8936430335580634,
            2.879782575472889,
            2.879188665369908,
            2.536314686935115,
            2.1438451220483494,
            1.9995234801163158,
            1.7847756013319227,
            1.4099584532850398,
            0.6871303181774806,
            -0.3864352121396442,
            -1.5663374349331676
        ],
        "Y": [
            -7.8639948575067695,
            -7.323456040312602,
            -6.6069711048906274,
            -5.546709990314149,
            -4.381680654166222,
            -3.3195684006699873,
            -2.5477732852861896,
            -2.0149864572894756,
            -1.4476547446325507,
            -0.6475191530228955,
            0.3361388689307687,
            1.1659866467839062,
            2.2249390633002175,
            3.394446070737624,
            4.495340673086584,
            5.379540790194776,
            7.129743957278041,
            8.929466393241338,
            11.24729711995689,
            13.417101561622289,
            16.114201346586057
        ],
        "R": [
            8.119183608539752,
            7.382580377164562,
            6.608854315988803,
            5.578130732160297,
            4.580030103620436,
            3.8759557883112334,
            3.419128839878332,
            3.272248687181502,
            3.160890854157739,
            2.963680280725383,
            2.913101327600049,
            3.106875044554519,
            3.638692238455157,
            4.237352512868013,
            4.980377463048062,
            5.739124781785625,
            7.3497396446032335,
            9.040096952357116,
            11.268266973175123,
            13.422665401777275,
            16.19014817715974
        ],
        "theta": [
            -104.40311161239426,
            -97.2561616292807,
            -91.36783703005464,
            -83.91577069458535,
            -73.07616012174233,
            -58.92046930432941,
            -48.1722213682972,
            -38.00864415669204,
            -27.257447941831643,
            -12.620054768951295,
            6.626043066332322,
            22.042387181885644,
            37.69562921143655,
            53.23308145577332,
            64.50334757561413,
            69.61038471077778,
            75.94606236769845,
            81.027106022179,
            86.50397817557564,
            91.64975925407974,
            95.55184026471213
        ],
        "Rc": 8.772769021842873,
        "xc": 1.5950377936876226,
        "yc": -5.623421257706713,
        "PAc": -15.835557474888908,