{
    "info": "Last iterated fit from circle_fit.py",
    "region file": "new-LL5-ridge.reg",
    "FITS file": "LL5-Bally_07-extract.fits",
    "d theta": 80,
    "Pi": 6.097825315818543,
    "Lambda": 3.551266921019552,
    "d Lambda": 0.14761820008817028,
    "R0": 35.223962757618125,
    "axis angle": 61.522054063937425
}