{
    "info": "Last iterated fit from circle_fit.py",
    "region file": "new-LL6-ridge.reg",
    "FITS file": "LL6-Bally_08-extract.fits",
    "d theta": 55,
    "Pi": 3.0887125398054254,
    "Lambda": 4.375484513297549,
    "d Lambda": 1.1379648336710115,
    "R0": 47.708851578588494,
    "axis angle": 37.8999128156429
}