{
    "star": {
        "id": "LL6",
        "RA": "5:35:32.866",
        "Dec": "-5:30:21.45",
        "RA_dg": 83.88694166666666,
        "Dec_dg": -5.505958333333333,
        "PA": 329.5710252568843,
        "D": 485.8277713572041
    },
    "inner": {
        "PA0": 18.001396028561963,
        "R0": 1.6255463290549133,
        "x": [
            -15.961015220598718,
            -9.242167757297144,
            -7.793880849236158,
            -5.882737762498085,
            -4.8525125672185325,
            -3.762563432345414,
            -2.4785137869466407,
            -1.4184265317018057,
            -0.2836853089714321,
            0.6420245656311905,
            1.4930801479642222,
            2.5830281248716886,
            3.5684595692072376,
            4.882367589068033,
            6.0917588901816595,
            7.1219797911381235,
            8.734497434696019,
            12.019253678273115,
            14.497733155870842,
            15.69216951967932,
            17.45395631381814
        ],
        "y": [
            -0.3900595276610636,
            1.5399800413511036,
            1.8399858065376957,
            1.8799919138998478,
            2.0799944981085687,
            1.989996692144028,
            1.799998564641858,
            1.7499995299046045,
            1.7699999811992964,
            1.4999999036782732,
            1.159999479082645,
            0.7199984409824285,
            -0.030002975476938712,
            -0.810005570089622,
            -1.6900086714734484,
            -2.6000118526531475,
            -4.090017827946081,
            -6.230033759538603,
            -9.920049121228647,
            -12.860057551541301,
            -17.300071205250447
        ],
        "X": [
            -5.303560528695411,
            -1.391604609771494,
            -0.6587056027681285,
            -0.03003785610582279,
            0.47855536540194366,
            0.7298011059554698,
            0.9459264962371314,
            1.2259845073676,
            1.5956865333429566,
            1.6249847674938196,
            1.5646380675347278,
            1.4830132309580641,
            1.0742630419731825,
            0.7384927186792988,
            0.2753171505272315,
            -0.2717608135122998,
            -1.1904967645800206,
            -2.210635129639244,
            -4.954070788564789,
            -7.3810340137609955,
            -11.05924161497875
        ],
        "Y": [
            -15.059163291025406,
            -9.265669969939864,
            -7.98099200533569,
            -6.175764803313866,
            -5.257779007282516,
            -4.193371049992266,
            -2.9134598827706335,
            -1.8898132627845992,
            -0.8167997155237404,
            0.14703659177838796,
            1.0615059290169147,
            2.2340778423543357,
            3.403051982008899,
            4.893695005087247,
            6.315841682023726,
            7.576859761111843,
            9.570914727608464,
            13.356229705694545,
            16.85374806529144,
            18.898296255245082,
            21.945984361903886
        ],
        "R": [
            15.96578069833427,
            9.369589285650822,
            8.008128773961513,
            6.1758378523605835,
            5.2795127925951375,
            4.256403460336799,
            3.0631724445086874,
            2.252650035070239,
            1.7925895481040066,
            1.6316235024995036,
            1.8907371894890286,
            2.6814980978727694,
            3.5685856968278307,
            4.949103181219625,
            6.321839580831099,
            7.581731845648241,
            9.644671651727087,
            13.537938529468676,
            17.566776631654026,
            20.288550082825218,
            24.575049434566917
        ],
        "theta": [
            -109.40132685187297,
            -98.54137348282808,
            -94.7181732905437,
            -90.27867460371719,
            -84.79935162173643,
            -80.12730762936533,
            -72.01270158954397,
            -57.02718853405955,
            -27.10698995188523,
            5.170323119805707,
            34.15435952560444,
            56.42321699753736,
            72.48032537777291,
            81.41841872572236,
            87.5039699792187,
            92.05415914511798,
            97.09042820385324,
            99.39801935390744,
            106.38042243583476,
            111.33393167305941,
            116.74490935645653
        ],
        "Rc": 9.770451644180907,
        "xc": -2.553236628158542,
        "yc": -7.73320274950436,
        "PAc": 18.2714399143089,
        "R90": [
            6.130251375408347,
            7.012960059843585
        ]
    },
    "outer": {
        "PA0": 2.71172874750755,
        "R0": 3.7228479146851265,
        "x": [
            -11.660967290012959,
            -9.31683200907479,
            -7.554995751662794,
            -5.987259730866239,
            -4.762931703695119,
            -3.6431202086763763,
            -2.3292079804967982,
            -0.3284780301272394,
            0.8062642369111019,
            1.7916980949173955,
            2.806993432799796,
            4.061181152872846,
            5.345229777385857,
            6.405315151929285,
            8.510553701647739,
            10.585928998171585,
            12.930053113252747,
            14.900905265964356,
            16.96133689342984,
            18.947116588528164,
            21.097127434770748,
            23.3217813195054
        ],
        "y": [
            3.239968228349348,
            3.889979718411576,
            4.049986663785645,
            4.139991624331529,
            3.869994699535075,
            3.8899968989336093,
            3.8699987324198917,
            3.7499999747899238,
            3.699999848112221,
            3.4499992499300483,
            3.259998159000752,
            2.819996146293148,
            2.299993324090272,
            1.5999904134021246,
            0.36998307581509454,
            -0.7100261853351432,
            -2.3100390672403455,
            -3.8100518858247385,
            -5.600067229045935,
            -6.800083894213312,
            -8.48010401716377,
            -10.820127115731175
        ],
        "X": [
            2.68464896710866,
            3.4448357963911618,
            3.6880176756165137,
            3.852092895191974,
            3.640322404772454,
            3.7132815266464907,
            3.755468160333902,
            3.7302601660784203,
            3.7340017383803246,
            3.530902878136983,
            3.3891491126804305,
            3.008976593934057,
            2.5503055968033155,
            1.9012401641549386,
            0.7722109640261882,
            -0.20840098406134316,
            -1.6957195026853493,
            -3.1008097797867356,
            -4.791339751858856,
            -5.896063572028298,
            -7.472483419310929,
            -9.704635746801126
        ],
        "Y": [
            -11.801195370930344,
            -9.490437673304434,
            -7.738144377615645,
            -6.176422108405415,
            -4.940691265177917,
            -3.8230800452573845,
            -2.5096929896024807,
            -0.5055261818830911,
            0.6303109657343876,
            1.6264691060737955,
            2.649616655383742,
            3.9232168533889156,
            5.230429430441248,
            6.322445520264899,
            8.483519435473545,
            10.607666989872651,
            13.024864274606713,
            15.064476487004114,
            17.207288152539192,
            19.24761809529219,
            21.47470469387174,
            23.807576099580608
        ],