{
    "star": {
        "id": "w005-514",
        "RA": "5:35:00.471",
        "Dec": "-5:25:14.21",
        "RA_dg": 83.75196249999999,
        "Dec_dg": -5.420613888888889,
        "PA": 64.83802869830119,
        "D": 262.6420427309377
    },
    "inner": {
        "PA0": 56.84805282478105,
        "R0": 1.1442797632396424,
        "x": [
            -0.9557075928712753,
            -0.23892691580188039,
            0.23892687293661266,
            0.5973171218810387,
            0.8362438629149989,
            1.0303717650217026,
            1.164767948307658,
            1.3290296852070382,
            1.2692979029649218,
            1.1349014978037069,
            0.9855722037184166
        ],
        "y": [
            1.5299997899160815,
            1.6899999868684954,
            1.2999999868696772,
            1.07999991791465,
            0.7999998391306128,
            0.5099997557848412,
            0.2599996879295641,
            -0.41000040630302004,
            -0.6000003705866913,
            -0.9000002962752692,
            -1.2300002234162029
        ],
        "X": [
            0.036556986541472644,
            0.7241603424062643,
            0.9109547553113131,
            1.0906978906248004,
            1.137611719069642,
            1.1415503029865748,
            1.1173545617883411,
            0.8884812155379626,
            0.7345687600805275,
            0.4579906296248916,
            0.1525044989813083
        ],
        "Y": [
            -1.8035908479891074,
            -1.545567153247039,
            -0.9577303640629418,
            -0.5775514506730199,
            -0.21246909777052192,
            0.13648674223453328,
            0.4192886766645216,
            1.0700567120327524,
            1.1964641022149691,
            1.374134828242289,
            1.5687560346136504
        ],
        "R": [
            1.8039612967619514,
            1.7068057964250396,
            1.3217738144147164,
            1.2341748525990548,
            1.157282826655613,
            1.149680705698124,
            1.1934337900060907,
            1.390834367324219,
            1.4039649608075393,
            1.4484481154023674,
            1.576151362765101
        ],
        "theta": [
            -88.83883072722053,
            -64.89502113374927,
            -46.43388814237803,
            -27.90232401923897,
            -10.579115895602511,
            6.818067708418072,
            20.56866407662557,
            50.29673480873586,
            58.4521685703506,
            71.56708937200307,
            84.44751556044875
        ],
        "Rc": 3.158658344314678,
        "xc": -1.6842129860335988,
        "yc": -1.1042960339319474,
        "PAc": 56.74815341886129,
        "R90": [
            -999.0,
            -999.0
        ]
    },
    "outer": {
        "PA0": 80.64742729389492,
        "R0": 1.6104007056300347,
        "x": [
            -3.792967963808827,
            -3.1209853213497527,
            -2.3444719789782993,
            -1.523159837961577,
            -0.7765127835264172,
            -0.0746646776923805,
            0.4479879918685506,
            0.6869148544996346,
            0.9109087491240746,
            1.1647684466333803,
            1.3588963897608035,
            1.4335608880854904,
            1.5530241311062352,
            1.58288980499145,
            1.6276883933331043,
            1.6426210650117736,
            1.642620853418832,
            1.6276876669827136,
            1.5530228950811675,
            1.4036933895043437,
            1.179699508455414
        ],
        "y": [
            3.5099966909719558,
            3.4199977595946267,
            3.189998735743195,
            2.7599994663702994,
            2.5499998613029087,
            2.169999998717179,
            1.8099999538283338,
            1.5999998914581222,
            1.4099998091204746,
            1.189999687936214,
            0.9799995752406773,
            0.7699995272833546,
            0.5399994452129337,
            0.29999942366546184,
            0.05999939058696692,
            -0.2700006206503888,
            -0.5500006206578407,
            -0.9100006094186418,
            -1.190000554790341,
            -1.7800004532418938,
            -2.250000320119976
        ],
        "X": [
            -3.1721411502007193,
            -2.5237168200963027,
            -1.794902626008316,
            -1.0543870345688777,
            -0.3517920256827681,
            0.2789729303083327,
            0.7361746471652746,
            0.9377985049504349,
            1.127938080328767,
            1.3426711689493518,
            1.5000916102520765,
            1.5396366426113106,
            1.6201347200669347,
            1.6106011644442144,
            1.6158020184513007,
            1.5769081331061277,
            1.5314053318028318,
            1.4581673205189725,
            1.3389924823903998,
            1.0957675648285377,
            0.7983719001538244
        ],
        "Y": [
            -4.079730783803927,
            -3.8817248052477775,
            -3.5285925462436234,
            -2.970838421670981,
            -2.642293277872616,
            -2.1532879307428088,
            -1.713137461673193,
            -1.467101098803687,
            -1.2432256021715518,
            -0.9848953871519581,
            -0.7461392138389364,
            -0.5267970202968318,
            -0.28044044191626116,
            -0.03877728763619006,
            0.2053126148847472,
            0.5333526395507541,
            0.8096305704062071,
            1.1624183049833863,
            1.4265624995595552,
            1.9844521130904813,
            2.411803200892376
        ],
        "R": [
            5.167850882631401,
            4.6300036772893485,
            3.958868625536544,
            3.1523979676340796,
            2.665609010268535,
            2.1712841381374903,
            1.8646160660353077,
            1.7412213156282739,
            1.6786465413989216,
            1.6651680970884064,
            1.6754099694035647,
            1.6272664477168604,
            1.644227281317444,
            1.611067903269592,
            1.6287938582466812,
            1.664663418944505,
            1.7322540087442204,
            1.8647971070306626,
            1.9565227913437682,
            2.2668826050943927,
            2.5405102579580228
        ],
        "theta": [
            -127.86638272054208,
            -123.03004829392331,
            -116.96124853792202,
            -109.54039867256971,
            -97.58369757989651,
            -82.61806503453936,
            -66.74568866301323,
            -57.41252424223679,
            -47.78356605971935,
            -36.26132566298701,
            -26.445557528341375,
            -18.888726576893585,
            -9.82041689297377,
            -1.3792028864821302,
            7.2415076535411265,
            18.68691634697376,
            27.864723235027085,
            38.56106728847246,
            46.81363833018165,
            61.09355771575056,
            71.68406386990229
        ],
        "Rc": 2.7501193031941,
        "xc": -1.0847720552033109,
        "yc": -0.3398432040979111,
        "PAc": 72.60499007263887,
        "R90": [
            2.415114397020406,
            -999.0
        ]
    },
    "thickness": {
        "h0": 0.46612094239039226
    },
    "help": {
        "arcs": {
            "PA0": "[deg] Position angle of symmetry axis",
            "R0": "[arcsec] Radius along symmetry axis",
            "x": "(list) [arcsec] RA offsets from star of shell points",
            "y": "(list) [arcsec] Dec offsets from star of shell points",
            "X": "(list) [arcsec] Offsets from star parallel to axis of shell points",
            "Y": "(list) [arcsec] Offsets from star perpendicular to axis of shell points",
            "R": "(list) [arcsec] Radii of shell points from star",
            "theta": "(list) [deg] Angle from axis of shell points",