{
    "info": "Last iterated fit from circle_fit.py",
    "region file": "new-w005-514-ridge.reg",
    "FITS file": "w005-514-Bally_16-extract.fits",
    "d theta": 75,
    "Pi": 1.4628923218902925,
    "Lambda": 1.666931348908535,
    "d Lambda": 0.2733522831176828,
    "R0": 28.780834212768124,
    "axis angle": -25.159951461657965
}