{
    "star": {
        "id": "w012-407",
        "RA": "5:35:01.174",
        "Dec": "-5:24:06.68",
        "RA_dg": 83.75489166666665,
        "Dec_dg": -5.401855555555556,
        "PA": 79.00642261858717,
        "D": 231.46919666975305
    },
    "outer": {
        "PA0": 68.25542346523173,
        "R0": 2.2892208559280336,
        "x": [
            -1.1648066178444811,
            -0.19413437132454534,
            0.5077358340758046,
            1.0752048175263018,
            1.8517407813378832,
            2.2997414235553295,
            2.4042737247828274,
            2.1354713887983103,
            1.7322694806069618,
            0.7317340052790398,
            0.07466669108472372,
            -1.0453330757180281,
            -2.777596143869574,
            -3.8975917468158046,
            -5.57011671014548,
            -6.973841152102521,
            -9.945550656674435
        ],
        "y": [
            5.029999689024733,
            4.299999991360205,
            3.379999940913025,
            2.4099997350074114,
            1.4099992140220667,
            0.3099987877004429,
            -0.9600013250343794,
            -2.540001045343227,
            -3.8200006878745816,
            -5.360000122741458,
            -6.6500000012760205,
            -7.900000250516653,
            -10.390001768772926,
            -11.980003482880008,
            -13.87000711360359,
            -15.340011151053854,
            -18.180022680406772
        ],
        "X": [
            0.7815371906355646,
            1.4126982535821346,
            1.7237946465625755,
            1.891529653529867,
            2.2423411991609257,
            2.2509475606573925,
            1.8775454981219128,
            1.042528159645749,
            0.19381538494587755,
            -1.3060494602780686,
            -2.3942685353419066,
            -3.8976612872505116,
            -6.429134186996757,
            -8.058483249873477,
            -10.3121878043385,
            -12.160621392860167,
            -15.973015492496344
        ],
        "Y": [
            -5.103613518696012,
            -4.065952744948388,
            -2.9513941272318935,
            -1.8401846896941467,
            -0.6236566774742511,
            0.5640433873050643,
            1.7824021965401056,
            3.150393372115063,
            4.189940143410508,
            5.249692445998863,
            6.204478488350197,
            6.950608727818159,
            8.621682590952487,
            9.683622906029147,
            10.819523103358502,
            11.664891335487308,
            13.201892993092077
        ],
        "R": [
            5.1631067516141105,
            4.304380104013508,
            3.417922655323948,
            2.6389702769011176,
            2.327453910351971,
            2.320540855833406,
            2.5888481391825313,
            3.318409764137164,
            4.194420437772612,
            5.409716810542873,
            6.650419169625973,
            7.968859717509983,
            10.754867600000646,
            12.598083381001405,
            14.946681822265974,
            16.85082794788479,
            20.722625377219508
        ],
        "theta": [
            -81.29369717070502,
            -70.84043090660158,
            -59.7124591462283,
            -44.21171241023674,
            -15.542709802783808,
            14.067538646149709,
            43.510885232217184,
            71.68958782532833,
            87.35153895426812,
            103.97075391572596,
            111.10128232376026,
            119.28220271133142,
            126.7116610952976,
            129.76643119576332,
            133.62469307075537,
            136.1919635347247,
            140.42585139786527
        ],
        "Rc": 4.2657140365561474,
        "xc": -1.8514257596081694,
        "yc": -0.6959463578444319,
        "PAc": 69.39888376748303,
        "R90": [
            -999.0,
            4.388091745940043
        ]
    },
    "thickness": {
        "h0": 0.0
    },
    "help": {
        "arcs": {
            "PA0": "[deg] Position angle of symmetry axis",
            "R0": "[arcsec] Radius along symmetry axis",
            "x": "(list) [arcsec] RA offsets from star of shell points",
            "y": "(list) [arcsec] Dec offsets from star of shell points",
            "X": "(list) [arcsec] Offsets from star parallel to axis of shell points",
            "Y": "(list) [arcsec] Offsets from star perpendicular to axis of shell points",
            "R": "(list) [arcsec] Radii of shell points from star",
            "theta": "(list) [deg] Angle from axis of shell points",
            "h": "[arcsec] Bowshock width along symmetry axis"
        },
        "star": {
            "id": "Source identifier deduced from region filename",
            "RA": "[HH:MM:SS] Right ascension of source",
            "Dec": "[deg:arcmin:arcsec] Declination of source",
            "RA_dg": "[deg] Right ascension of source",
            "Dec_dg": "[deg] Declination of source",
            "PA": "[deg] Position Angle of th^1 C from source",
            "D": "[arcsec] Distance of th^1 C from source",
            "PA_binary": "[deg] Position Angle of primary from source",
            "D_binary": "[arcsec] Distance of primary from source"
        },
        "thickness": {
            "h0": "Shell thickness on axis: h0 = R0(outer) - R0(inner)"
        }
    },
    "info": {
        "description": "JSON data file for stationary bowshock arcs",
        "history": [
            "Initially created by find-xy-shell.py: <will@mac> 2017-02-26 19:55",
            "Circle fits added by fit-circle-shell.py: <will@mac> 2017-02-26 19:55",
            "Circle fits added by fit-circle-shell.py: <will@mac> 2017-02-26 19:56",
            "Circle fits added by fit-circle-shell.py: <will@mac> 2017-02-26 19:56"
        ],
        "region": "w012-407-forma.reg"
    }
}