{
    "star": {
        "id": "w030-524",
        "RA": "5:35:03.004",
        "Dec": "-5:25:24.36",
        "RA_dg": 83.76251666666664,
        "Dec_dg": -5.4234333333333336,
        "PA": 58.64000391326946,
        "D": 234.08995100236524
    },
    "inner": {
        "PA0": 95.58155040756408,
        "R0": 0.36590971231213465,
        "x": [
            -2.4788545241366333,
            -1.1946286368116508,
            -0.5973143184272997,
            -0.08959714566735426,
            0.14932856177626758,
            0.2687913888960089,
            0.2986570547884453,
            0.3285227496631393,
            0.37332128065053305,
            0.35838840466796795,
            0.34345553236640525,
            0.2687912540407337,
            0.05973138237968649,
            -0.31358968516449465
        ],
        "y": [
            1.1199985858562578,
            1.029999671548786,
            1.0299999178755237,
            0.9799999981460445,
            0.769999994874381,
            0.5899999833692116,
            0.26999997949047677,
            0.19999997516967738,
            0.049999967930317385,
            -0.10000002956520315,
            -0.24000002716805593,
            -0.5000000166272123,
            -0.7700000008279276,
            -1.2700000226328776
        ],
        "X": [
            -2.5760354852601464,
            -1.2891448946825266,
            -0.6946626044178793,
            -0.18448952174359493,
            0.07372849377755741,
            0.21013215792548787,
            0.27098020034539505,
            0.30751266530853866,
            0.36668816069806925,
            0.36641544846816115,
            0.365170115658458,
            0.3161480673717265,
            0.13434024981995749,
            -0.18857960212187727
        ],
        "Y": [
            -0.8735890125414773,
            -0.908923728260544,
            -0.9670202127387121,
            -0.9666391577237102,
            -0.7808733064166095,
            -0.6133459605523568,
            -0.2977679571756099,
            -0.23100464884703065,
            -0.08607303981766748,
            0.06466818102721786,
            0.20545681391413328,
            0.4714861125983725,
            0.760539635123843,
            1.2944791546381236
        ],
        "R": [
            2.7201317218386083,
            1.5773512301580361,
            1.190665455038423,
            0.9840872140608191,
            0.7843462318827797,
            0.6483431121869927,
            0.4026115066658755,
            0.3846130355488504,
            0.3766547163910029,
            0.3720782908387597,
            0.41900085412055954,
            0.5676695824826294,
            0.7723133038579595,
            1.30814316805504
        ],
        "theta": [
            -161.26709758548728,
            -144.81388995216864,
            -125.69171896042013,
            -100.80533251823302,
            -84.60623734561014,
            -71.08855415246762,
            -47.696610025788715,
            -36.914010611807804,
            -13.209938615843935,
            10.008985406860544,
            29.363548659089084,
            56.15675316489454,
            79.9827145338752,
            98.28853712927207
        ],
        "Rc": 0.7278551638194615,
        "xc": -0.35786585093213763,
        "yc": -0.0340994011272306,
        "PAc": 84.55698033449033,
        "R90": [
            0.8508533693952399,
            1.0655293384264772
        ]
    },
    "outer": {
        "PA0": 90.49244865596317,
        "R0": 0.627146614609454,
        "x": [
            -2.7028495549473974,
            -2.015937253556457,
            -1.508219542552941,
            -0.9706361873922766,
            -0.46291873097608877,
            -0.1343957500964154,
            0.1194628752340514,
            0.3135900143104359,
            0.4778514261594547,
            0.522649958906359,
            0.5823813425360086,
            0.6122469988810283,
            0.6122469481626404,
            0.6271797399505784,
            0.5973139555401755,
            0.5525153631090284,
            0.5077167757669346,
            0.4330524981775565,
            0.35838823474697423,
            0.23892545133837284,
            0.11946271137174895,
            -0.044798511797338736,
            -0.4629178445753308
        ],
        "y": [
            2.8499983187824074,
            2.569999064731272,
            2.3099994764961322,
            1.969999783173873,
            1.6599999506809666,
            1.489999995838055,
            1.239999996715789,
            1.0099999773687216,
            0.8999999474539656,
            0.7399999371439789,
            0.5899999219402047,
            0.39999991374773525,
            0.2199999137434141,
            0.009999909468591474,
            -0.29000008212175005,
            -0.47000007026316376,
            -0.6600000593286245,
            -0.8900000431664625,
            -1.1300000295645756,
            -1.4800000131389315,
            -1.7400000032865353,
            -1.9800000004645075,
            -2.500000049320602
        ],
        "X": [
            -2.7272447315799506,
            -2.0379512795543655,
            -1.5280176912947379,
            -0.9875319815072595,
            -0.4771689084949761,
            -0.1471969555776361,
            0.10880097950634522,
            0.3048977398298648,
            0.47009850676741,
            0.5162705440867257,
            0.5772889333322885,
            0.6087864881235202,
            0.6103334914395342,
            0.6270706280853267,
            0.5997843700978018,
            0.5565344862556217,
            0.5133705549564987,
            0.4406858262543524,
            0.3680870591787334,
            0.2516368486652918,
            0.13441315463247283,
            -0.02777926278052102,
            -0.44141388448714175
        ],
        "Y": [
            -2.8266627509859212,
            -2.5525776746573428,
            -2.296951393704557,
            -1.9615846500930991,
            -1.6559599694784404,
            -1.4887898647928988,
            -1.240980949601082,
            -1.0126578986047943,
            -0.9040737164826864,
            -0.7444646478015647,
            -0.5949835489116989,
            -0.4052472461538171,
            -0.2252538941035304,
            -0.01538998981575749,
            0.2848556099150161,
            0.4652339821284249,
            0.6556119858671104,
            0.8862451949391018,
            1.1268780370945852,
            1.4778918453602359,
            1.7389089840204919,
            1.980311899943561,
            2.5038863712259896
        ],
        "R": [
            3.927834789517234,
            3.2663279386792077,
            2.7587721489733448,
            2.1961406498629636,
            1.7233379203595922,
            1.4960488645901182,
            1.24574129353343,
            1.057562599263059,
            1.018990623558316,
            0.9059596494976537,
            0.8290162459345966,
            0.7313318799539792,
            0.6505738140915114,
            0.6272594554041057,
            0.6639909706567346,
            0.7253780342131132,
            0.8326922617083454,
            0.9897648927973389,
            1.1854712959920177,
            1.4991615690740216,
            1.744096141514404,
            1.9805067302331254,
            2.542497429188333
        ],