{
    "star": {
        "id": "w069-601",
        "RA": "5:35:06.908",
        "Dec": "-5:26:00.58",
        "RA_dg": 83.77878333333331,
        "Dec_dg": -5.433494444444444,
        "PA": 41.85642269973067,
        "D": 212.19664708669276
    },
    "inner": {
        "PA0": 78.72325115807261,
        "R0": 0.44933347572319754,
        "x": [
            -2.837197043881972,
            -1.0303502250716494,
            -0.6869001056899814,
            -0.2986521909373955,
            -0.16425869592114076,
            0.014932607614127324,
            0.20905648837841526,
            0.29865209734871323,
            0.3882476978989129,
            0.4479780613108176,
            0.47784320587331347,
            0.4479779435437379,
            0.38824749379385765,
            0.29865187285180783,
            0.32851702073135236,
            0.16425848917887384
        ],
        "y": [
            2.0799981440246387,
            1.4899997552129969,
            1.3499998912046012,
            1.1399999794326368,
            1.0199999937668849,
            0.859999999946004,
            0.6699999899257355,
            0.4599999794490413,
            0.29999996524876077,
            0.04999995372850841,
            -0.22000005265120554,
            -0.5200000462841144,
            -0.8400000347582388,
            -1.1700000205739283,
            -1.4300000248886944,
            -1.7100000062270015
        ],
        "X": [
            -2.3756825229096084,
            -0.7190916323700828,
            -0.40964884790845274,
            -0.06996151240980247,
            0.038371615030181945,
            0.1828157597150126,
            0.33603774596894154,
            0.3828385095584979,
            0.43941667344272234,
            0.4491068394522182,
            0.4255973989964255,
            0.3376442581602883,
            0.2164915416847674,
            0.06409474685183005,
            0.042540791908914063,
            -0.17330006828647512
        ],
        "Y": [
            -2.594650630682362,
            -1.662717077886469,
            -1.4582589903225764,
            -1.1763921416940235,
            -1.0324284602964673,
            -0.8404768769437426,
            -0.6161844164839885,
            -0.392718387579359,
            -0.2182870613975898,
            0.038566637731219544,
            0.3091941243511856,
            0.5975622486139383,
            0.899704166495858,
            1.2058129426768005,
            1.4666334869747222,
            1.709107357334692
        ],
        "R": [
            3.5179652279348272,
            1.8115520574468704,
            1.5147050740818633,
            1.1784706548141615,
            1.033141280982499,
            0.8601296313215144,
            0.7018579641448832,
            0.5484460377684424,
            0.4906488093056613,
            0.45075973510136375,
            0.5260552752000678,
            0.6863558013429751,
            0.9253843389808658,
            1.2075152128651983,
            1.4672503208695749,
            1.717871029083287
        ],
        "theta": [
            -132.4774646092155,
            -113.38750983756852,
            -105.69092287207575,
            -93.40344299968092,
            -87.87150372996808,
            -77.72849601127258,
            -61.39404420446365,
            -45.72985579279218,
            -26.41660275747384,
            4.908181229412628,
            35.99819489519191,
            60.531982735048985,
            76.47039833073323,
            86.95731772498783,
            88.3385592632603,
            95.78988856204188
        ],
        "Rc": 1.3045335331261931,
        "xc": -0.8281440101746456,
        "yc": -0.1910584790522558,
        "PAc": 77.00877780250427,
        "R90": [
            1.089058928491819,
            1.5231318203175865
        ]
    },
    "outer": {
        "PA0": 71.09918906546042,
        "R0": 0.8883435407053554,
        "x": [
            -3.5091663020203923,
            -2.65800642378765,
            -2.1652297821972426,
            -1.2095419478647809,
            -0.6869002545606502,
            -0.17919134595239025,
            0.08959566391111565,
            0.3434500069468693,
            0.5973042882831848,
            0.7316976721796987,
            0.8362258108017934,
            0.9108887246268423,
            0.9407538028778079,
            0.9258210875872958,
            0.8810231589589896,
            0.791427463011238,
            0.7167644022327118,
            0.5226406015282197,
            0.34344949536799113,
            0.029865166658830065,
            -0.4629099417113635
        ],
        "y": [
            3.0299971608290748,
            2.709998371064638,
            2.5399989190636254,
            2.16999966268372,
            1.8199998912013566,
            1.5199999925921865,
            1.2999999981476342,
            1.0599999728129594,
            0.7999999177442573,
            0.5599998765762311,
            0.2999998387769593,
            0.0499998086897594,
            -0.24000020406763645,
            -0.5100001976542963,
            -0.8400001789917672,
            -1.1700001444328638,
            -1.4500001184679316,
            -1.9000000629893634,
            -2.170000027203638,
            -2.670000000208912,
            -3.330000049411956
        ],
        "X": [
            -2.338445341470363,
            -1.6368368116332064,
            -1.225698365004171,
            -0.4413946371165942,
            -0.06030908827279933,
            0.3228453393132396,
            0.5058747856085922,
            0.6682980967335127,
            0.824242723682738,
            0.8736463129726298,
            0.8883163528123462,
            0.877970788238984,
            0.8122856259754434,
            0.7106967548981252,
            0.5614171351193544,
            0.36975521410302475,
            0.20841730977240228,
            -0.12100833176633899,
            -0.37799889892776795,
            -0.8366403989394814,
            -1.5166398045509004
        ],
        "Y": [
            -4.00334913726286,
            -3.4248875269345476,
            -3.1044287778244173,
            -2.444802861994541,
            -1.9443750609283539,
            -1.4960883673193224,
            -1.200882208820242,
            -0.8915915564526414,
            -0.5633792804571018,
            -0.2927856981956489,
            -0.012944776687511105,
            0.2477610633661899,
            0.5317987188920698,
            0.782403355313625,
            1.0800985638925062,
            1.3632823804424938,
            1.6039993069986869,
            1.966852923166471,
            2.1642491784315667,
            2.5357099148281006,
            3.000498233039082
        ],
        "R": [
            4.636284172682659,
            3.7959306263509878,
            3.337636067422316,
            2.484328935485796,
            1.9453101458863664,
            1.5305258952217948,
            1.3030837955310175,
            1.1142521481403027,
            0.9983848362191307,
            0.9214018370062999,
            0.8884106651303316,
            0.9122599681676973,
            0.970885068162841,
            1.05699805478948,
            1.2172929422814698,
            1.4125359348283237,
            1.6174830916782508,
            1.9705718555092997,
            2.1970110773349134,
            2.670167022733812,
            3.3620211098710917
        ],