{
    "star": {
        "id": "w073-227",
        "RA": "5:35:07.270",
        "Dec": "-5:22:26.50",
        "RA_dg": 83.78029166666666,
        "Dec_dg": -5.374027777777777,
        "PA": 112.36395491963432,
        "D": 147.26187318414935
    },
    "inner": {
        "PA0": 123.42426098737374,
        "R0": 0.9624655984732927,
        "x": [
            1.030451253244581,
            1.1349894601113268,
            1.1349893358823655,
            1.0901869562201776,
            0.985648350612504,
            0.8512416874529103,
            0.7168350365622586,
            0.537626201395483,
            0.40321961978725196,
            0.19414275508256212,
            -0.642164289713159,
            -1.0304496084397445,
            -1.3589987093203164,
            -1.9712945973454907,
            -4.53994837769823,
            -5.316518058400607,
            -6.22749429683221
        ],
        "y": [
            1.2199997578560333,
            0.5899997062473896,
            0.34999970624747806,
            0.00999972897932883,
            -0.28000022154250664,
            -0.46000016523788645,
            -0.6700001171637856,
            -0.980000065909161,
            -1.1500000370827983,
            -1.4300000085925315,
            -2.1400000940470707,
            -2.2800002421564955,
            -2.3600004211632166,
            -2.620000886190542,
            -3.980004700365003,
            -4.16000644592671,
            -4.220008844186985
        ],
        "X": [
            0.1880121765404216,
            0.6222868708091459,
            0.7544869736344986,
            0.904377862513795,
            0.9768702949069925,
            0.9638426424464827,
            0.9673400305730534,
            0.9885282749118225,
            0.9699923637133792,
            0.94972729838188,
            0.6428254729981376,
            0.3958737084206269,
            0.16572863453928607,
            -0.20208536543427738,
            -1.5967849551972624,
            -2.14577030686504,
            -2.8730330905922874
        ],
        "Y": [
            -1.5858375124692443,
            -1.117613429748573,
            -0.9173058342536962,
            -0.6088581738691323,
            -0.3092365147542055,
            -0.08497013050680079,
            0.16433469473493742,
            0.5217795619883483,
            0.7376997772871734,
            1.086558554627381,
            2.139801576961985,
            2.4705285885309243,
            2.7182739927238,
            3.272547713668976,
            5.822529217955715,
            6.4005224541148085,
            6.952398199359398
        ],
        "R": [
            1.596943704230712,
            1.2791797090072243,
            1.1877291723873815,
            1.0902328164627386,
            1.0246476443778136,
            0.967580778269474,
            0.9811995855292138,
            1.1177844432666328,
            1.2186411067544922,
            1.4431186485960494,
            2.2342728968289163,
            2.50204466382343,
            2.7233214058984747,
            3.278781333538842,
            6.0375134523322025,
            6.7506309257321675,
            7.522643143343573
        ],
        "theta": [
            -83.23874322335958,
            -60.8909508699918,
            -50.56259428539411,
            -33.949791215237894,
            -17.56562164912372,
            -5.0380383885953055,
            9.641533809697943,
            27.82664884360643,
            37.253759117029986,
            48.84429592817995,
            73.27901792525296,
            80.89640158779709,
            86.51109046551692,
            93.53362445282521,
            105.335893234392,
            108.53368815098713,
            112.4525408938267
        ],
        "Rc": 6.2301251450780315,
        "xc": -4.556333072028987,
        "yc": 2.6197865263878826,
        "PAc": 119.89790962799958,
        "R90": [
            -999.0,
            2.999282966365136
        ]
    },
    "outer": {
        "PA0": 128.83985706766885,
        "R0": 1.605126326307952,
        "x": [
            1.5382101996175037,
            1.6875506724762817,
            1.7472866527167026,
            1.7622203650299448,
            1.7024837553627585,
            1.5979449585038334,
            1.38886776930822,
            1.1648566953294652,
            0.9707137755543126,
            0.7616368824454797,
            0.492823804429969,
            0.2688129462186816,
            0.029868101037912376,
            -0.22401073131471147,
            -0.7317682754538454,
            -1.7622166517891165,
            -2.2998414100505475,
            -3.614035265120625,
            -4.390603924931158,
            -5.674928301585615
        ],
        "y": [
            1.7299994604569002,
            1.3099993506165124,
            0.8999993038147936,
            0.4499992918668159,
            0.029999339051147347,
            -0.41000058227475966,
            -0.8500004398645421,
            -1.1200003094166497,
            -1.4300002148753452,
            -1.6600001322759765,
            -1.9300000553853218,
            -2.2400000164823664,
            -2.5400000002055196,
            -2.8000000114442645,
            -3.1400001221129568,
            -4.170000708195342,
            -4.800001206232234,
            -5.550002978711504,
            -6.000004396371331,
            -6.750007344657932
        ],
        "X": [
            0.11315293910847084,
            0.4928758185488139,
            0.7965340920589071,
            1.0903816044981047,
            1.3072538512344123,
            1.5017724859728763,
            1.6148659296251475,
            1.6097125643992938,
            1.6529094152227373,
            1.6343025098304655,
            1.5942528126817586,
            1.6141855047728944,
            1.6162146424536368,
            1.5815258547503175,
            1.3992621852668343,
            1.2426045374216632,
            1.218949762282045,
            0.6656821466023656,
            0.34302784896623967,
            -0.18697363619222218
        ],
        "Y": [
            -2.312181905421717,
            -2.078701276826632,
            -1.796814635352502,
            -1.4556743915378352,
            -1.0910720718863556,
            -0.6827942356583769,
            -0.2089556357914627,
            0.14183537556732242,
            0.5050508030510111,
            0.8153198674258898,
            1.1942083089882078,
            1.576155331836569,
            1.9596791405794247,
            2.321412682525085,
            2.9046774197339644,
            4.353188187727657,
            5.1810658718305005,
            6.589434819537782,
            7.42696354353041,
            8.816600889256724
        ],
        "R": [
            2.3149489738196145,
            2.1363346111484582,
            1.9654539917355105,
            1.818768808179563,
            1.7027480429052289,
            1.6497056003643378,
            1.6283287224615017,
            1.6159491989995458,
            1.7283477221307182,
            1.8263874670664846,
            1.9919275880413359,
            2.256071912394587,
            2.5401756050524638,
            2.808946576891777,
            3.224141060163168,
            4.527064549373303,
            5.322525912686024,
            6.622973951424093,
            7.434881006586197,
            8.818583241148966
        ],