{
    "info": "Last iterated fit from circle_fit.py",
    "region file": "new-w266-558-ridge.reg",
    "FITS file": "w266-558-Bally_06-extract.fits",
    "d theta": 65,
    "Pi": 2.097825211977183,
    "Lambda": 2.4466513507708667,
    "d Lambda": 0.186638750623636,
    "R0": 21.84543772829056,
    "axis angle": 80.95263386145128
}