{
    "star": {
        "id": "w266-558",
        "RA": "5:35:26.618",
        "Dec": "-5:25:58.29",
        "RA_dg": 83.86090833333333,
        "Dec_dg": -5.432858333333334,
        "PA": 315.5582682224965,
        "D": 218.15895264378275
    },
    "inner": {
        "PA0": 302.38673988660605,
        "R0": 1.1211390712364,
        "x": [
            -2.792394045242465,
            -2.6580019991933694,
            -2.00096892287522,
            -1.9860369050759317,
            -1.791913492800823,
            -1.6724527860689418,
            -1.2543398845567488,
            -1.164744291271971,
            -1.090081271056258,
            -0.9407551649879491,
            -0.8511594938643775,
            -0.671968080347905,
            -0.5077092373024011,
            -0.2239893787055687,
            -0.044797876389137375,
            0.2090567591981519,
            0.46291139972279494,
            0.7615639051050682,
            1.523127894497154,
            2.6281421887257466,
            3.031322757296121
        ],
        "y": [
            -4.210001797804326,
            -3.190001628883777,
            -1.9700009231095579,
            -1.3300009093648766,
            -0.7300007402742241,
            -0.48000064485741784,
            0.029999637266724208,
            0.23999968724106444,
            0.38999972605140454,
            0.609999795969002,
            0.7599998330049753,
            0.9499998959061485,
            1.0399999405736362,
            1.1299999884403742,
            1.159999999542415,
            1.1899999899209757,
            1.2099999505995664,
            1.1799998662769873,
            1.2999994651666875,
            1.2499984076201398,
            1.0099978815744177
        ],
        "X": [
            0.10303343272414414,
            0.5358899062383112,
            0.6345277258066747,
            0.9647224425864223,
            1.1221734721049246,
            1.1552025450580794,
            1.0752984591550683,
            1.1121219048577529,
            1.1294173019049407,
            1.1211575263987559,
            1.1258430169046099,
            1.0762944804342651,
            0.9857926343040332,
            0.7944117070511789,
            0.6591620477535866,
            0.4608629518065738,
            0.257207522026048,
            -0.011059143212329921,
            -0.5898877589494822,
            -1.5498013262941097,
            -2.0188197396883236
        ],
        "Y": [
            -5.0508379258458005,
            -4.117512237794685,
            -2.7353527802730557,
            -2.1869054885854284,
            -1.576255609026194,
            -1.3011556481008097,
            -0.64653054681485,
            -0.4212053924892438,
            -0.2545457168870886,
            0.011217510113674417,
            0.18587558056447295,
            0.4423020400301999,
            0.6062849397661694,
            0.8342549102931215,
            0.9555690678693393,
            1.1168751247254491,
            1.269736640038985,
            1.404370663793572,
            1.9136221215983487,
            2.4632789594826776,
            2.476566219250141
        ],
        "R": [
            5.051888720213583,
            4.152238555285221,
            2.8079850903031747,
            2.3902395292595644,
            1.9349044024143829,
            1.7399709597270014,
            1.2546985790324197,
            1.1892136536074813,
            1.1577465024036124,
            1.1212136422349344,
            1.1410837962932667,
            1.1636326324180417,
            1.157310911568431,
            1.1519857705927414,
            1.1608646986911866,
            1.208223780836297,
            1.2955257019620532,
            1.4044142074091208,
            2.0024777632795345,
            2.9102624251453757,
            3.1951546722633273
        ],
        "theta": [
            -88.83136971011754,
            -82.58469549362967,
            -76.93992216044211,
            -66.19600402824193,
            -54.5520411572499,
            -48.40043085107548,
            -31.01667663354333,
            -20.74369661994984,
            -12.700991408414312,
            0.5732419626683897,
            9.374908160489156,
            22.34015791191553,
            31.59246326645635,
            46.40138695063217,
            55.401661519166055,
            67.57719073313756,
            78.54868236964919,
            90.45118368675773,
            107.13228995868607,
            122.17653983416271,
            129.18584818631336
        ],
        "Rc": 2.0041709652876594,
        "xc": 0.6652967549845751,
        "yc": -0.56735331017914,
        "PAc": -49.54304166901371,
        "R90": [
            -999.0,
            1.4002866113665537
        ]
    },
    "outer": {
        "PA0": 330.0815335618501,
        "R0": 2.050333337102729,
        "x": [
            -4.4648335559007295,
            -4.673892519712985,
            -4.420042112478134,
            -3.6286197864335326,
            -3.5390262598195443,
            -3.4494321535063386,
            -3.3299723284763223,
            -2.941725206858254,
            -2.73266894594839,
            -2.583343107581868,
            -2.329488894026838,
            -2.000971653898316,
            -1.6724541972547473,
            -1.3439365758121522,
            -1.000486196008041,
            -0.7466315480396845,
            -0.4330463298330691,
            -0.08959579486597812,
            0.28372003271645246,
            1.2543414170908027,
            2.1055018973847446,
            2.941729804747277,
            4.076610338547732,
            6.092515791572641,
            6.943675509728817,
            7.7799022371134905,
            8.347341553782938
        ],
        "y": [
            -9.260004596592115,
            -7.770005037007541,
            -6.210004504592914,
            -3.740003035750007,
            -2.500002887644519,
            -1.5600027432351857,
            -0.8900025564839017,
            -0.3200019950901429,
            -0.04000172159134416,
            0.23999846143472955,
            0.5299987489631414,
            0.9899990769483726,
            1.3499993551539775,
            1.6199995836219312,
            1.7899997692528322,
            1.9599998714910212,
            2.1199999567723182,
            2.179999998152481,
            2.2999999814410486,
            2.679999637284119,
            2.919998978011832,
            3.069998005011149,
            3.0699961688301385,
            2.79999144289419,
            2.6199888848886514,
            2.3799860464263505,
            2.179983936698243
        ],
        "X": [
            -5.799067575152383,
            -4.4033595192216195,
            -3.177863068631703,
            -1.4317592038225269,
            -0.4016926890897939,
            0.36835272093208465,
            0.8894833981620973,
            1.1898785315679534,
            1.3282944720802605,
            1.4965019046947812,
            1.6212414721893516,
            1.8560867394134386,
            2.0042582513770255,
            2.0744233943231563,
            2.0504669272126574,
            2.07119779248949,
            2.0534696384732083,
            1.9341720044086739,
            1.8519826566378916,
            1.697228026561313,
            1.4807132480496323,
            1.19363983022419,
            0.627597149244898,
            -0.6118930245595042,
            -1.1924382059637704,
            -1.8175397082019396,
            -2.2739088158312155
        ],