{
    "star": {
        "id": "cwleo",
        "RA": "9:47:57.446",
        "Dec": "+13:16:44.70",
        "RA_dg": 146.9893583333333,
        "Dec_dg": 13.279083333333334,
        "PA": 257.6433717885243,
        "D": 235561.6759414497
    },
    "outer": {
        "PA0": 85.76243117357627,
        "R0": 468.2736097291643,
        "x": [
            -266.3014554639076,
            -165.99307993462222,
            84.77498557861574,
            185.08801273979512,
            343.2626490702108,
            400.2848135486337,
            443.1531462384237,
            467.2620964101215,
            462.8758562373852,
            459.0103263631374,
            451.29679932873495,
            424.28452575263043,
            401.1390437857717,
            374.14390079455177,
            323.9828366927939,
            273.83411660610676,
            92.50297563453164,
            19.199593289120845
        ],
        "y": [
            660.2407850478265,
            671.815847982395,
            610.0841315759212,
            536.7896826242571,
            413.33763192036054,
            294.051880497735,
            168.13250092465648,
            66.32497303260065,
            -3.3274304630271248,
            -65.05952855489264,
            -169.22364044938115,
            -261.8172290649238,
            -327.40818409705616,
            -381.4201605221159,
            -443.1501630004072,
            -520.3072798604819,
            -732.4951333419534,
            -759.509790391236
        ],
        "X": [
            -216.7868599270037,
            -115.89739742413849,
            129.62364111878495,
            224.24655436710762,
            372.8666455294271,
            420.9186480507501,
            454.3653391062045,
            470.88560712407565,
            461.3645941084303,
            452.94811605316187,
            437.55876887384375,
            403.77840377959944,
            375.84954126188205,
            344.9371370454682,
            290.3518404653269,
            234.63891196510863,
            38.12447634491118,
            -36.97468247238499
        ],
        "Y": [
            -678.1134247201979,
            -682.2448456799052,
            -602.1521049068158,
            -521.6456830898701,
            -386.84326136028625,
            -263.6701198563224,
            -134.9273415846363,
            -31.616669539146095,
            37.52121245565166,
            98.79891764422405,
            202.1083010489874,
            292.4527669035943,
            356.15414330922493,
            408.0237356347741,
            465.8784757607872,
            539.1190683745946,
            737.3279088535271,
            758.8521719931184
        ],
        "R": [
            711.9230010491063,
            692.0189565224975,
            615.945976349063,
            567.8034306270237,
            537.2869291246811,
            496.683440817105,
            473.97600032933457,
            471.9458324737669,
            462.8878158700862,
            463.59812549640316,
            481.98074813347256,
            498.56355685947335,
            517.792092893562,
            534.2892450297686,
            548.9507677732103,
            587.9666562767491,
            738.3128881923225,
            759.7524242031789
        ],
        "theta": [
            -107.72861806667613,
            -99.64117042227676,
            -77.85148365451013,
            -66.73795822639899,
            -46.053969105116245,
            -32.06368187676541,
            -16.53919876510001,
            -3.841244765590959,
            4.649438306580772,
            12.304861153513526,
            24.79220498060368,
            35.91544833258767,
            43.45876324525477,
            49.78932361090227,
            58.06738898200364,
            66.48004751245112,
            87.04008486030895,
            92.78950134023805
        ],
        "Rc": 717.9464798073388,
        "xc": -249.42755658637782,
        "yc": -19.72206402808745,
        "PAc": 85.47906832196894,
        "R90": [
            658.3593369878319,
            749.3503921630329
        ]
    },
    "thickness": {
        "h0": 0.0
    },
    "help": {
        "arcs": {
            "PA0": "[deg] Position angle of symmetry axis",
            "R0": "[arcsec] Radius along symmetry axis",
            "x": "(list) [arcsec] RA offsets from star of shell points",
            "y": "(list) [arcsec] Dec offsets from star of shell points",
            "X": "(list) [arcsec] Offsets from star parallel to axis of shell points",
            "Y": "(list) [arcsec] Offsets from star perpendicular to axis of shell points",
            "R": "(list) [arcsec] Radii of shell points from star",
            "theta": "(list) [deg] Angle from axis of shell points",
            "h": "[arcsec] Bowshock width along symmetry axis"
        },
        "star": {
            "id": "Source identifier deduced from region filename",
            "RA": "[HH:MM:SS] Right ascension of source",
            "Dec": "[deg:arcmin:arcsec] Declination of source",
            "RA_dg": "[deg] Right ascension of source",
            "Dec_dg": "[deg] Declination of source",
            "PA": "[deg] Position Angle of th^1 C from source",
            "D": "[arcsec] Distance of th^1 C from source",
            "PA_binary": "[deg] Position Angle of primary from source",
            "D_binary": "[arcsec] Distance of primary from source"
        },
        "thickness": {
            "h0": "Shell thickness on axis: h0 = R0(outer) - R0(inner)"
        }
    },
    "info": {
        "description": "JSON data file for stationary bowshock arcs",
        "history": [
            "Initially created by find-xy-shell.py: <will@mac> 2017-07-05 17:14",
            "Circle fits added by fit-circle-shell.py: <will@mac> 2017-07-05 17:14"
        ],
        "region": "cwleo-forma.reg"
    }
}