{
    "star": {
        "id": "epaqr",
        "RA": "21:46:31.822",
        "Dec": "-2:12:44.99",
        "RA_dg": 326.6325916666666,
        "Dec_dg": -2.2124972222222223,
        "PA": 97.17073420605212,
        "D": 420483.07196166203
    },
    "outer": {
        "PA0": 48.39655338019282,
        "R0": 31.41368947689033,
        "x": [
            -62.71280804252183,
            -63.61228106014571,
            -60.464804764578815,
            -56.43296524990553,
            -54.199701505734076,
            -49.268454750477595,
            -38.07183646141199,
            -32.25617366370949,
            -25.09148060445472,
            -17.027433907263752,
            6.265368348896889,
            15.678392748130369,
            20.65467556704317,
            28.179064216779516,
            33.09536186506322,
            36.73761105801077,
            40.095061233695674,
            41.144213861026905,
            40.61955703441687,
            39.33046378133147,
            36.73736640047929
        ],
        "y": [
            -34.48036886050819,
            -21.940379317624977,
            -7.610342503526078,
            6.269701824299275,
            13.439725040080704,
            22.84977288719638,
            33.599864445159994,
            39.419902719282106,
            42.54994114320411,
            42.99997289594148,
            36.27999632929363,
            30.459977008521225,
            21.899960083034824,
            16.449925685451614,
            8.4198974580777,
            2.7098736156577363,
            -3.5101505797965427,
            -11.800158618449935,
            -18.28015464100373,
            -26.320145030411027,
            -32.80012657127461
        ],
        "X": [
            -69.78798509180197,
            -62.13438152824305,
            -50.26609880402258,
            -38.035308323404124,
            -31.604678272128172,
            -21.669297602098403,
            -6.1591838759203394,
            2.053863151750681,
            9.489576137639824,
            15.818340904248608,
            28.773852772919618,
            31.94819330652998,
            29.98564467637172,
            31.99340176612371,
            30.33789596500126,
            29.27012613116,
            27.65076996690604,
            22.930955850207454,
            18.2361087281426,
            11.933856713270611,
            5.692325922844712
        ],
        "Y": [
            -15.856521250303304,
            -25.830624815884114,
            -34.45619304658958,
            -42.15808402437487,
            -46.036704527788636,
            -49.79893870282785,
            -50.40317525970193,
            -50.89372373854099,
            -48.47708566881675,
            -43.459305856800256,
            -22.968638853951806,
            -12.366694909023249,
            -2.6617640317483193,
            6.409520935425397,
            15.678320018445358,
            22.36638543726941,
            29.246709433095187,
            36.14223763767724,
            40.6393504601958,
            45.79539801796271,
            48.9191150647966
        ],
        "R": [
            71.56669706878259,
            67.28969123332517,
            60.94185694774659,
            56.780179005200985,
            55.84114838059516,
            54.30923268189593,
            50.77810179868509,
            50.93514964954015,
            49.39716479934715,
            46.248580243267334,
            36.8170201700371,
            34.25816980698573,
            30.103552521560122,
            32.62912372697533,
            34.149636164738624,
            36.837419579315174,
            40.2484172661069,
            42.80292136831897,
            44.54337736826043,
            47.32478648315803,
            49.2491867256171
        ],
        "theta": [
            -167.19915680786985,
            -157.4262727807846,
            -145.57030679047745,
            -132.05699110792122,
            -124.47000495644842,
            -113.51557930211627,
            -96.9669079987575,
            -87.68902998853949,
            -78.92418672160677,
            -69.99947942513953,
            -38.598508857361026,
            -21.16071757213257,
            -5.072732486623776,
            11.328598555902701,
            27.32946675302098,
            37.38478252202069,
            46.60669026465474,
            57.60633553565021,
            65.83278014714632,
            75.39408456479812,
            83.36279743177525
        ],
        "Rc": 68.49548729907858,
        "xc": -26.515136265265784,
        "yc": -24.665734916509614,
        "PAc": 47.06946084733188,
        "R90": [
            50.89603155882041,
            -999.0
        ]
    },
    "thickness": {
        "h0": 0.0
    },
    "help": {
        "arcs": {
            "PA0": "[deg] Position angle of symmetry axis",
            "R0": "[arcsec] Radius along symmetry axis",
            "x": "(list) [arcsec] RA offsets from star of shell points",
            "y": "(list) [arcsec] Dec offsets from star of shell points",
            "X": "(list) [arcsec] Offsets from star parallel to axis of shell points",
            "Y": "(list) [arcsec] Offsets from star perpendicular to axis of shell points",
            "R": "(list) [arcsec] Radii of shell points from star",
            "theta": "(list) [deg] Angle from axis of shell points",
            "h": "[arcsec] Bowshock width along symmetry axis"
        },
        "star": {
            "id": "Source identifier deduced from region filename",
            "RA": "[HH:MM:SS] Right ascension of source",
            "Dec": "[deg:arcmin:arcsec] Declination of source",
            "RA_dg": "[deg] Right ascension of source",
            "Dec_dg": "[deg] Declination of source",
            "PA": "[deg] Position Angle of th^1 C from source",
            "D": "[arcsec] Distance of th^1 C from source",
            "PA_binary": "[deg] Position Angle of primary from source",
            "D_binary": "[arcsec] Distance of primary from source"
        },
        "thickness": {
            "h0": "Shell thickness on axis: h0 = R0(outer) - R0(inner)"
        }
    },
    "info": {
        "description": "JSON data file for stationary bowshock arcs",
        "history": [
            "Initially created by find-xy-shell.py: <will@mac> 2017-07-05 17:19",
            "Circle fits added by fit-circle-shell.py: <will@mac> 2017-07-05 17:19"
        ],
        "region": "epaqr-forma.reg"
    }
}