{
    "star": {
        "id": "khicyg",
        "RA": "19:50:33.993",
        "Dec": "+32:54:51.04",
        "RA_dg": 297.64163749999994,
        "Dec_dg": 32.91417777777777,
        "PA": 56.229581612579935,
        "D": 497485.4298554514
    },
    "outer": {
        "PA0": 226.5101985493842,
        "R0": 285.54066069141567,
        "x": [
            338.4254369425089,
            288.30563785056506,
            250.29463537541042,
            170.80135525977448,
            115.50737700314635,
            75.76629508020312,
            -1.9915279253598528,
            -52.10744724831247,
            -160.9655653776162,
            -195.5317532456292,
            -233.54039378285066,
            -275.0124623557234,
            -314.7561517880266,
            -347.58819937276655,
            -340.6787402890641,
            -313.0367394871627,
            -283.65861912885333
        ],
        "y": [
            -244.77054145183735,
            -270.68977897436923,
            -286.24186138129255,
            -305.2543045385265,
            -308.70910215650804,
            -312.161008633363,
            -312.1599937877409,
            -312.16574721728097,
            -246.49940242858455,
            -224.04008665351685,
            -160.10449936671202,
            -84.07138598387773,
            102.55553795663405,
            135.3897135382167,
            169.94228164965088,
            225.24394974208343,
            277.08644664797754
        ],
        "X": [
            -77.06928456289162,
            -22.86924753044921,
            15.410955281532418,
            86.16792965518992,
            128.6612183072782,
            159.86893935278826,
            216.2812993194225,
            252.64420235587448,
            286.4271783603726,
            296.0477673074582,
            279.6208193433279,
            257.3807522978264,
            157.77327659598865,
            158.99550961573996,
            130.20276185367896,
            72.08856098851638,
            15.095500436867013
        ],
        "Y": [
            -410.493263902488,
            -394.80386874371567,
            -379.9267168310849,
            -339.010886693648,
            -303.4626085700035,
            -278.61613200134957,
            -225.10048305088617,
            -190.61360604747756,
            -68.05395015353784,
            -27.970456329743012,
            44.573126830865434,
            128.27704681202036,
            291.02691739106797,
            337.44386021558256,
            357.75637518136136,
            378.8536347176478,
            396.246434669955
        ],
        "R": [
            417.6654095473477,
            395.4656714022268,
            380.2391454134316,
            349.79035635345235,
            329.6107763657376,
            321.2242624416452,
            312.16634652864155,
            316.4848176365796,
            294.4008638489108,
            297.36614964555895,
            283.15113675511606,
            287.5758202495619,
            331.0424043139819,
            373.02537564509265,
            380.71299318152097,
            385.6511858715956,
            396.53387134277745
        ],
        "theta": [
            -100.63338079062405,
            -93.31518731921871,
            -87.6771865173666,
            -75.73886571847194,
            -67.02416419204228,
            -60.152950386878636,
            -46.144666133030725,
            -37.03362201743232,
            -13.365424711601712,
            -5.397257507111799,
            9.057067790476005,
            26.49139458695564,
            61.53672478507266,
            64.77130328229909,
            70.00140144807608,
            79.22650732958247,
            87.81830110686954
        ],
        "Rc": 419.9998899471784,
        "xc": 84.77304995421619,
        "yc": 101.48497990941797,
        "PAc": -140.12711253351634,
        "R90": [
            386.5123584021248,
            -999.0
        ]
    },
    "thickness": {
        "h0": 0.0
    },
    "help": {
        "arcs": {
            "PA0": "[deg] Position angle of symmetry axis",
            "R0": "[arcsec] Radius along symmetry axis",
            "x": "(list) [arcsec] RA offsets from star of shell points",
            "y": "(list) [arcsec] Dec offsets from star of shell points",
            "X": "(list) [arcsec] Offsets from star parallel to axis of shell points",
            "Y": "(list) [arcsec] Offsets from star perpendicular to axis of shell points",
            "R": "(list) [arcsec] Radii of shell points from star",
            "theta": "(list) [deg] Angle from axis of shell points",
            "h": "[arcsec] Bowshock width along symmetry axis"
        },
        "star": {
            "id": "Source identifier deduced from region filename",
            "RA": "[HH:MM:SS] Right ascension of source",
            "Dec": "[deg:arcmin:arcsec] Declination of source",
            "RA_dg": "[deg] Right ascension of source",
            "Dec_dg": "[deg] Declination of source",
            "PA": "[deg] Position Angle of th^1 C from source",
            "D": "[arcsec] Distance of th^1 C from source",
            "PA_binary": "[deg] Position Angle of primary from source",
            "D_binary": "[arcsec] Distance of primary from source"
        },
        "thickness": {
            "h0": "Shell thickness on axis: h0 = R0(outer) - R0(inner)"
        }
    },
    "info": {
        "description": "JSON data file for stationary bowshock arcs",
        "history": [
            "Initially created by find-xy-shell.py: <will@mac> 2017-07-05 17:22",
            "Circle fits added by fit-circle-shell.py: <will@mac> 2017-07-05 17:22"
        ],
        "region": "khicyg-forma.reg"
    }
}