{
    "star": {
        "id": "mucep",
        "RA": "21:43:30.432",
        "Dec": "+58:46:49.36",
        "RA_dg": 325.8767999999999,
        "Dec_dg": 58.78037777777778,
        "PA": 68.28567959943236,
        "D": 391648.4247619891
    },
    "outer": {
        "PA0": 81.40168055643011,
        "R0": 69.50622912410826,
        "x": [
            -130.3882750861177,
            -123.1480802165161,
            -110.10662874017578,
            -92.72483023949715,
            -84.37027367165416,
            -78.23959551471229,
            -62.840783084719284,
            -49.750034761954524,
            -41.391856794636304,
            -30.4287831850677,
            -19.980025321459475,
            -10.153220630743828,
            -1.1108817215680353,
            12.321619457576197,
            21.839739947492674,
            28.479879675037306,
            36.26894720474103,
            44.25098362758307,
            50.359741374081274,
            56.01590301865546,
            65.47191321188191,
            68.37043968918736,
            66.44842952776663,
            68.32929288164507,
            56.0647196985131,
            63.59322682672182,
            66.62181579785997,
            69.33154816951176,
            64.48396923041321,
            60.83309748683077,
            68.76816028005835,
            58.471213440830375,
            50.986040747550184,
            49.97207173205443,
            39.396039621405144,
            31.42644914925554,
            29.164102895598397,
            25.82870175981165,
            18.827455442486045,
            11.429193560607777,
            11.593237627113497,
            -1.1516764109336854,
            -10.785693808638642,
            -20.870038938474465,
            -27.22993234890719,
            -39.39482640911924,
            -63.54084873661506
        ],
        "y": [
            47.5080252579113,
            60.06068724090828,
            70.68851885244536,
            80.34441227516947,
            83.32849127373333,
            84.04450128967842,
            98.52580794648564,
            99.86990796159157,
            97.38685831882111,
            103.04370662891527,
            104.75159811739589,
            103.84041268692754,
            102.82000494025264,
            93.380607726005,
            87.05190916060735,
            98.82324690640537,
            82.02526499317409,
            74.80783692340924,
            71.28014969417478,
            55.43255587039048,
            58.72715327492003,
            44.72870333784801,
            34.47766492631005,
            20.47867676433478,
            15.902573299509768,
            9.106175777556956,
            0.8277518691231903,
            -6.600775990007946,
            -14.653371452320428,
            -22.28520207213747,
            -28.381090846629874,
            -26.726329388296204,
            -35.45960624984215,
            -47.52001662475907,
            -52.963795502631875,
            -64.72605228068706,
            -70.26660037285318,
            -79.28733373042107,
            -82.67858332916987,
            -87.72947796791418,
            -94.83946290911521,
            -109.32999470038746,
            -113.96953520655941,
            -108.09825966372449,
            -119.08703764590632,
            -123.24379979530833,
            -148.0738736180756
        ],
        "X": [
            -121.82005977169865,
            -112.78453656701662,
            -98.30073277981751,
            -79.67067506436734,
            -70.9638785719897,
            -64.79505649900246,
            -47.404267730209725,
            -34.25969790574793,
            -26.36669111965202,
            -14.681099354623802,
            -4.094436909708666,
            5.485694029764475,
            14.273846552695987,
            26.14412696951936,
            34.60909051081064,
            42.93448980462113,
            48.12460935942492,
            54.9378825437126,
            60.45057092349652,
            63.6738458667281,
            73.516140961178,
            74.2892331803962,
            70.8562296857754,
            70.62301606681638,
            57.81213079397032,
            64.23991874222727,
            65.9967918198254,
            67.56545685100308,
            61.56844689206405,
            56.81760106966647,
            63.75210580928502,
            53.818286090470444,
            45.11156072294229,
            42.30588010451474,
            31.034835020082244,
            21.396284651042343,
            18.33101835725916,
            13.684447727278622,
            6.254876728783966,
            -1.815375142526272,
            -2.7161626452649545,
            -17.48426002145631,
            -27.7036391791056,
            -36.79685107229214,
            -44.728156155139516,
            -57.37778843589815,
            -84.96468149167326
        ],
        "Y": [
            -66.46794551555816,
            -77.79707015194711,
            -86.355673380678,
            -93.30435285437632,
            -95.00583390195769,
            -94.79722124950511,
            -106.8135490055972,
            -106.18539247221976,
            -102.48064979067355,
            -106.43487043112084,
            -106.5614109628199,
            -104.19129693587556,
            -101.83047077718427,
            -90.48892103642852,
            -82.80833281436874,
            -93.4546267482025,
            -75.68092627963452,
            -67.35125150122494,
            -62.949914747453285,
            -46.434803691407254,
            -48.27863885380732,
            -34.00417267111115,
            -24.155700780439346,
            -10.032849512971483,
            -7.3418094145784565,
            0.5037613707843634,
            9.141935399654022,
            16.892094475429527,
            24.12944114412197,
            31.12966735971479,
            38.34338522913935,
            35.167763165989435,
            42.683803903178344,
            54.45706971361382,
            58.258480817578906,
            68.69703452918873,
            73.83707599606805,
            82.25775960403882,
            84.56416343147373,
            88.45220281632602,
            95.50680260616323,
            107.92902645370408,
            111.07607538244595,
            103.76311492424944,
            113.67754306794735,
            115.9688575868366,
            136.90987694629536
        ],
        "R": [
            138.77360968080148,
            137.01363367513355,
            130.84470333215413,
            122.69115178685857,
            118.58322198939642,
            114.82557425650675,
            116.86016793676328,
            111.57537575590975,
            105.8181741579291,
            107.44261874112068,
            106.64004276065619,
            104.33560847653108,
            102.82600582592369,
            94.19002179283825,
            89.7497026707094,
            102.8452122144194,
            89.68601133142629,
            86.91583294870973,
            87.27521579284877,
            78.80704055678893,
            87.95140676191681,
            81.70173759215909,
            74.86055814297325,
            71.33209984098139,
            58.276450067065035,
            64.24189392854679,
            66.62695785761812,
            69.64505592826812,
            66.12793345197291,
            64.78654166752735,
            74.39453061851022,
            64.2898085532602,
            62.104428396892054,
            68.95911783956471,
            66.00917793682885,
            71.95195306572977,
            76.07851224664755,
            83.38826730827583,
            84.79517214887463,
            88.47083005131452,
            95.54541790985144,
            109.33606038147822,
            114.47875849314968,
            110.09446974130647,
            122.16051633405768,
            129.38696431940383,
            161.13134861482175
        ],