{
    "star": {
        "id": "mucep",
        "RA": "21:43:30.432",
        "Dec": "+58:46:49.36",
        "RA_dg": 325.8767999999999,
        "Dec_dg": 58.78037777777778,
        "PA": 68.28567959943236,
        "D": 391648.4247619891
    },
    "outer": {
        "PA0": 79.90523015269338,
        "R0": 70.10078594837972,
        "x": [
            -130.3882750861177,
            -123.1480802165161,
            -110.10662874017578,
            -92.72483023949715,
            -84.99770041811477,
            -78.23646367034155,
            -64.72096204744176,
            -49.749536825499305,
            -42.01954688324548,
            -30.4287831850677,
            -20.29024810956304,
            -10.15281412829503,
            -0.4893971638438531,
            10.130332531472664,
            20.276671505444856,
            28.481448552949637,
            39.39816374211628,
            45.18902245866266,
            50.98645938850207,
            58.51989443938521,
            65.47191321188191,
            68.36975576136078,
            68.95191392672045,
            68.95117489277112,
            69.5322174636874,
            74.4435865834959,
            72.76891818622973,
            70.42531569789836,
            67.40414594267841,
            64.72413487798873,
            60.36586518997189,
            54.6626036182404,
            50.970863828890934,
            47.62162896945139,
            43.9357881845163,
            38.23480572096831,
            31.864915915134862,
            25.82870175981165,
            22.468639845758936,
            19.450677659951896,
            11.593237627113497,
            5.796941230174846,
            -1.1516764109336854,
            -9.844085621047299,
            -16.80147950573557,
            -27.230204292736175,
            -39.39482640911924
        ],
        "y": [
            47.5080252579113,
            60.06068724090828,
            70.68851885244536,
            80.34441227516947,
            86.13891733507417,
            89.04450042886604,
            98.21676798981942,
            101.11990787456871,
            102.07706820095757,
            103.04370662891527,
            107.88164817582901,
            108.84041267240598,
            105.95000095885906,
            98.70041080940952,
            95.81164579240144,
            91.94324706340012,
            88.27621304165713,
            80.74817313770428,
            77.85040450252322,
            68.57370510843135,
            58.72715327492003,
            45.97870317364905,
            33.22902086075749,
            20.479018275225894,
            10.049338343566912,
            0.20216477284610576,
            -7.848822769962729,
            -15.900166309450427,
            -22.601832589711954,
            -27.973249361113204,
            -37.02543043975473,
            -48.768054661940695,
            -55.46961430201704,
            -63.8509350057436,
            -67.54228419042208,
            -70.89415681850637,
            -75.92594176170226,
            -79.28733373042107,
            -83.63798239793881,
            -87.99848806041538,
            -94.83946290911521,
            -101.79986572068813,
            -109.32999470038746,
            -113.96961281850609,
            -116.85887215974434,
            -120.33703761994884,
            -123.24379979530833
        ],
        "X": [
            -120.04270085378771,
            -110.71439897511802,
            -96.0120268931064,
            -77.20685817119649,
            -68.58370799291298,
            -61.417859236355056,
            -46.503902382240994,
            -31.2553938070931,
            -23.477302364021828,
            -11.896543801538135,
            -1.0669823359901116,
            9.081565121663028,
            18.08876222621716,
            27.273404466644212,
            36.75633618171219,
            44.15605581572677,
            54.261025148782934,
            58.64274547615034,
            63.842521573798145,
            69.63334219314345,
            74.75186538826654,
            75.37033871026676,
            73.70876035396954,
            71.47325238630552,
            70.21721843051502,
            73.32657391872031,
            70.26667896601356,
            66.54814316988217,
            62.39909658848153,
            58.81908923505462,
            52.94165127376725,
            45.268470583713444,
            40.459253631092764,
            35.692816113522724,
            31.417027070176864,
            25.21679476959954,
            18.063560608342456,
            11.531617756044312,
            7.461004319908708,
            3.7254669259602804,
            -5.209398090449775,
            -12.135960614378618,
            -20.296865321115295,
            -29.667926622607418,
            -37.02403466749002,
            -47.900956192858665,
            -60.38674816874993
        ],
        "Y": [
            -69.62660924939169,
            -80.71590718341754,
            -88.89334666867279,
            -95.35313197854971,
            -99.70354634600103,
            -101.37906031863915,
            -108.0403790530902,
            -108.2744316118838,
            -107.86188597685701,
            -106.78196742675189,
            -109.7679631321255,
            -108.93502760987549,
            -104.39558847906166,
            -95.39683506250745,
            -90.7743720842247,
            -85.52775179457352,
            -80.00403892948023,
            -71.57753571383718,
            -67.70847038060288,
            -57.25494504850633,
            -46.34229787542506,
            -33.28327945227625,
            -20.62893377282527,
            -8.076441167619556,
            2.2936221228318763,
            12.849202751621483,
            20.482023824702186,
            27.997946718602357,
            34.06632459800454,
            38.88484353937636,
            47.032985656768545,
            57.594174712781275,
            63.54491219517722,
            71.2094398566513,
            74.19760135695894,
            76.49833397581324,
            80.33572851993537,
            82.58707475510285,
            86.28143074065619,
            90.04545329184587,
            95.40329687753656,
            101.23999036123269,
            107.4356149415954,
            110.4798298225983,
            112.10489094133948,
            113.70129746304114,
            114.4308838618083
        ],
        "R": [
            138.77360968080148,
            137.01363367513355,
            130.84470333215413,
            122.69115178685857,
            121.01455348852191,
            118.53213616680921,
            117.62370697573007,
            112.69539557103909,
            110.38736418982114,
            107.44261874112068,
            109.77314872718637,
            109.31292268265148,
            105.95113124816655,
            99.21892325128518,
            97.93372696261649,
            96.25359002258436,
            96.66904931376249,
            92.53277914256216,
            93.06075715457004,
            90.14949294086402,
            87.95140676191681,
            82.39213948186229,
            76.5410625842268,
            71.9281218204017,
            70.25466864601242,
            74.44386109015188,
            73.19097945012405,
            72.19792503816734,
            71.09262779413388,
            70.51039863398233,
            70.81610113090791,
            73.25519360314942,
            75.3319790678426,
            79.65401086456215,
            80.5748945829557,
            80.5473887815562,
            82.34149317737698,
            83.38826730827583,
            86.60341723117136,
            90.12248755083506,
            95.54541790985144,
            101.96478405987155,
            109.33606038147822,
            114.39396254923028,
            118.0605171766968,
            123.37944175983749,
            129.38696431940383
        ],