{
    "star": {
        "id": "rcas",
        "RA": "23:58:25.133",
        "Dec": "+51:23:19.92",
        "RA_dg": 359.60472083333326,
        "Dec_dg": 51.388866666666665,
        "PA": 97.8774406412111,
        "D": 326218.9763190526
    },
    "outer": {
        "PA0": 68.71779496240731,
        "R0": 84.79426831207375,
        "x": [
            -129.60984021436832,
            -111.4616466353958,
            -89.86148776578014,
            -70.85391745034993,
            -48.394778127415414,
            -31.118619133871704,
            12.945657584813166,
            19.85936628736608,
            31.09594574884407,
            39.73497121275274,
            52.694980220475905,
            72.56613714593519,
            76.02617319470983,
            73.43306465919441,
            88.98023965038308,
            86.39072498133837,
            82.93642083347345,
            75.16374628045756,
            64.79333681277663,
            51.835513992208135,
            53.56317211452308,
            49.24080357789727,
            41.469040964276985,
            32.823537933047334,
            22.4545968307077,
            -17.285838528970896
        ],
        "y": [
            100.99102819700016,
            114.807742390867,
            118.26453221651089,
            119.9952518619517,
            123.45711546402019,
            125.18294206579506,
            117.4105091375233,
            107.04119807627995,
            96.67293716313429,
            78.52479521718587,
            72.478432990712,
            55.19599027208815,
            39.64754948510658,
            20.6363704506507,
            0.7640326090585595,
            -23.427349870721653,
            -42.42912789288875,
            -59.71285895390385,
            -71.80726372177482,
            -80.45184903460958,
            -94.2712975276384,
            -109.8226462195983,
            -120.19478474862535,
            -122.78673269432622,
            -128.83847099054407,
            -150.42909403462548
        ],
        "X": [
            -84.11507754947392,
            -62.189578040865555,
            -40.80778075181898,
            -22.46826547350725,
            -0.28422517361327504,
            16.440178118615172,
            54.67835087024412,
            57.35690800249881,
            64.06391456942468,
            65.52670993316411,
            75.40829938023147,
            87.65145557587815,
            85.23204021507665,
            75.915438636932,
            83.18945804489253,
            71.99598903214178,
            61.880334145156965,
            48.36438993423412,
            34.31139339454892,
            19.09958758269193,
            15.693493775568887,
            6.021347222517107,
            -4.985102843951563,
            -13.981795378526408,
            -25.84016630217291,
            -70.70703542242374
        ],
        "Y": [
            -141.14727126490033,
            -147.43463896473114,
            -142.81565598344275,
            -137.52932463328042,
            -132.60329228472744,
            -127.94083782934742,
            -104.70480243210504,
            -92.53322440796096,
            -78.79358775816608,
            -58.74743982944478,
            -48.409426497396744,
            -25.093105384327874,
            -9.349144965265271,
            7.424348266354972,
            31.584503546270515,
            53.1862355130551,
            69.6383876931527,
            82.9222531390167,
            90.42780491567258,
            93.77966878857643,
            107.28376017660231,
            120.20571424561311,
            127.04966111289117,
            126.32686082612491,
            128.20236476558043,
            133.89633186723213
        ],
        "R": [
            164.31037233443715,
            160.01411307619563,
            148.53143291529102,
            139.35256756685263,
            132.60359689200808,
            128.99278057723683,
            118.12204580955951,
            108.86786722877036,
            101.55104441492645,
            88.00574640998884,
            89.60962107511378,
            91.17259238608456,
            85.74326323861246,
            76.27761644557279,
            88.98351978915709,
            89.51088249350714,
            93.15943749517876,
            95.9959076177824,
            96.71845541851066,
            95.70486154801132,
            108.42550873532733,
            120.35643048741562,
            127.14742482356952,
            127.09825478026879,
            130.78058160908634,
            151.41899664747436
        ],
        "theta": [
            -120.79233728483412,
            -112.87056064638375,
            -105.94662271612225,
            -99.27848491413044,
            -90.12280900164558,
            -82.67771610027665,
            -62.42579021088032,
            -58.207211122812495,
            -50.8868194857079,
            -41.877556904808365,
            -32.69900927403097,
            -15.975507230500593,
            -6.259776767279706,
            5.585627671361502,
            20.79024448226621,
            36.454722934595374,
            48.37586335029641,
            59.74713272335977,
            69.22154643829364,
            78.48832658465174,
            81.67778420968939,
            87.1323355026559,
            92.24698677252762,
            96.31576338479097,
            101.39572045783822,
            117.83732385103697
        ],
        "Rc": 140.0899048968029,
        "xc": -56.234658733525656,
        "yc": -11.188409356083069,
        "PAc": 78.74741232927263,
        "R90": [
            132.5440354127066,
            124.16398105770931
        ]
    },
    "thickness": {
        "h0": 0.0
    },
    "help": {
        "arcs": {
            "PA0": "[deg] Position angle of symmetry axis",
            "R0": "[arcsec] Radius along symmetry axis",
            "x": "(list) [arcsec] RA offsets from star of shell points",
            "y": "(list) [arcsec] Dec offsets from star of shell points",
            "X": "(list) [arcsec] Offsets from star parallel to axis of shell points",
            "Y": "(list) [arcsec] Offsets from star perpendicular to axis of shell points",
            "R": "(list) [arcsec] Radii of shell points from star",
            "theta": "(list) [deg] Angle from axis of shell points",
            "h": "[arcsec] Bowshock width along symmetry axis"
        },
        "star": {
            "id": "Source identifier deduced from region filename",
            "RA": "[HH:MM:SS] Right ascension of source",
            "Dec": "[deg:arcmin:arcsec] Declination of source",
            "RA_dg": "[deg] Right ascension of source",
            "Dec_dg": "[deg] Declination of source",
            "PA": "[deg] Position Angle of th^1 C from source",
            "D": "[arcsec] Distance of th^1 C from source",
            "PA_binary": "[deg] Position Angle of primary from source",
            "D_binary": "[arcsec] Distance of primary from source"
        },
        "thickness": {
            "h0": "Shell thickness on axis: h0 = R0(outer) - R0(inner)"
        }
    },
    "info": {
        "description": "JSON data file for stationary bowshock arcs",
        "history": [
            "Initially created by find-xy-shell.py: <will@mac> 2017-07-05 17:23",
            "Circle fits added by fit-circle-shell.py: <will@mac> 2017-07-05 17:23"
        ],
        "region": "rcas-forma.reg"
    }
}