{
    "star": {
        "id": "rhya",
        "RA": "13:29:42.699",
        "Dec": "-23:16:52.44",
        "RA_dg": 202.42791249999996,
        "Dec_dg": -23.281233333333333,
        "PA": 252.5522731507234,
        "D": 409057.32620308804
    },
    "outer": {
        "PA0": 278.44762647892964,
        "R0": 89.15958891391374,
        "x": [
            92.45073491831243,
            76.5975889536762,
            59.9175063508239,
            43.22362601455153,
            32.36980513126761,
            23.196291881063598,
            14.849010237130011,
            4.0084342547621965,
            -5.179300815173025,
            -12.68660174119029,
            -21.034394307397978,
            -28.542155950011274,
            -35.20976851284392,
            -44.39869430707041,
            -53.64298549399487,
            -61.909829702111594,
            -71.69224036116545,
            -77.46641929533186,
            -84.136982754498,
            -86.94965106640697,
            -93.38633378949568,
            -95.11082057670785,
            -94.90686823452486,
            -92.8008321004053,
            -92.80277161212858,
            -85.8614693169331,
            -72.95233242403015,
            -65.96804610508204,
            -57.10840670449938,
            -44.88546910167187,
            -47.7392972316057,
            -22.7539602662963,
            -12.29359299410208,
            5.62311660620507,
            8.173380739522067,
            16.512502996106054,
            24.21617136464178,
            32.36385343480561,
            48.21572819046954,
            66.57597961565263,
            110.80873074143744,
            138.3477505926163
        ],
        "y": [
            -163.10892340107137,
            -158.9361253272015,
            -156.43374800540482,
            -152.2619504039107,
            -147.89109383353968,
            -143.20056168948813,
            -140.7002301695376,
            -137.36001677235964,
            -135.69002800157614,
            -133.06016800571086,
            -127.22046182628162,
            -120.55085030599639,
            -114.71129393727435,
            -106.36205734013454,
            -98.53300311323308,
            -88.00399980048626,
            -78.82536339921681,
            -67.20626171505455,
            -52.1873858774812,
            -40.4378874043679,
            -27.089097691419056,
            -15.729436166298337,
            -1.9893949863305616,
            8.791017912962424,
            18.811018063302992,
            37.82231229871776,
            54.03445071405589,
            70.54546283995884,
            81.70659992396997,
            90.227899713869,
            101.4176243055574,
            114.43946034089954,
            118.91984247415186,
            122.17996704356267,
            155.45993038467608,
            165.46971587995918,
            140.7393888472698,
            172.14890861102955,
            179.65757775806142,
            181.32538181889427,
            182.997206789658,
            178.82005718910256
        ],
        "X": [
            -115.40926160013686,
            -99.11510721937391,
            -82.24838165981379,
            -65.12276137812613,
            -53.74459636499839,
            -43.98154655437906,
            -35.35751627977424,
            -24.14385941197496,
            -14.810475909631908,
            -6.998284614083168,
            2.116822874449168,
            10.522930796137446,
            17.97606528323791,
            28.291843494307425,
            38.585968867687704,
            48.309888842724824,
            59.33455616769417,
            66.75299611569967,
            75.55754016038671,
            80.065756193402,
            88.39361247419903,
            91.76818402760495,
            93.58492932010185,
            93.08544228282291,
            94.55935187614814,
            90.48621869031234,
            80.09878773791844,
            75.61583218844355,
            68.491945089685,
            57.653443597690625,
            62.12013913804207,
            39.3188557785101,
            29.630169499350774,
            12.386775717976194,
            14.7531835047703,
            7.975026581068119,
            -3.2780774121194973,
            -6.723136793601423,
            -21.299964315281215,
            -39.21600806309127,
            -82.7232587193383,
            -110.57714107673678
        ],
        "Y": [
            -147.7577802246089,
            -145.9591658253508,
            -145.93433042523316,
            -144.26021397854788,
            -141.5312625573604,
            -138.23925776674793,
            -136.99231335118316,
            -135.28087745713532,
            -134.97873410034924,
            -133.48026890109213,
            -128.93025522386003,
            -123.43593521836831,
            -118.63924237968051,
            -111.73049221001565,
            -105.34441419345964,
            -96.14408788184541,
            -88.50212250225671,
            -77.85733903576434,
            -63.98135069430286,
            -52.77252356555418,
            -40.514143532098416,
            -29.53106420635735,
            -15.910133080796124,
            -4.937293740996685,
            4.973710107516068,
            24.79845656514432,
            42.73112300176326,
            60.08902858821558,
            72.43060158036639,
            82.65506436136292,
            93.30414424569294,
            109.85517908221365,
            115.8236349724074,
            121.68044861211514,
            154.9739903480455,
            166.1002365429444,
            142.76992938691558,
            175.03561116747846,
            184.79153987939728,
            189.1384674389299,
            197.2901796040509,
            197.2039776942801
        ],
        "R": [
            187.48775768031533,
            176.43095694219946,
            167.51604425343717,
            158.27818354608692,
            151.39213955657368,
            145.06711834601387,
            141.48161673794675,
            137.41849130622003,
            135.78883921737665,
            133.6636007798966,
            128.94763142908627,
            123.88366387774263,
            119.99336963137509,
            115.25680586324937,
            112.1887810577392,
            107.59893584338296,
            106.55146757798181,
            102.55597365415908,
            99.00785378825167,
            95.892984927461,
            97.23593241378595,
            96.40271444769783,
            94.92771634510704,
            93.21628846115705,
            94.6900671637253,
            93.82280757302235,
            90.78416530472666,
            96.58387771375844,
            99.68620058695285,
            100.77588611991035,
            112.09181513362509,
            116.67961600432403,
            119.5535920112053,
            122.30929558759236,
            155.6746418268612,
            166.29158014941956,
            142.80755767348137,
            175.1646817857932,
            186.015057699185,
            193.16121544852524,
            213.9311863692277,
            226.09005494968298
        ],