{
    "star": {
        "id": "rhya",
        "RA": "13:29:42.699",
        "Dec": "-23:16:51.99",
        "RA_dg": 202.42791249999996,
        "Dec_dg": -23.281108333333332,
        "PA": 252.55232531634562,
        "D": 409057.4611288954
    },
    "outer": {
        "PA0": 301.68947572052144,
        "R0": 106.06011862771886,
        "x": [
            78.93849270168516,
            63.08522893117322,
            46.40507568237616,
            29.71107757501534,
            18.85702694477455,
            9.683405727186553,
            1.336124126607097,
            -9.504454428634658,
            -18.69215891193948,
            -26.19969219740527,
            -34.54764958599369,
            -42.055599465369305,
            -48.72337683009195,
            -57.91253824062339,
            -66.24803395375672,
            -75.42419164841044,
            -82.94753627770194,
            -89.61764246515497,
            -96.28859934419503,
            -100.46535485684,
            -104.64284509473259,
            -105.47171950750199,
            -107.96876042289576,
            -106.304145246718,
            -106.30636697022035,
            -102.97395539763912,
            -98.80152754502693,
            -89.6131738461326,
            -81.27836540551503,
            -73.76982643480176,
            -68.75520717414639,
            -61.245218416685425,
            -50.40018814142226,
            -41.22212793841422,
            -31.202953305942884,
            -18.689084420185484,
            -5.334091287475046,
            3.0047962388820246,
            18.85604788954054,
            34.7078005221407,
            53.06810823973823,
            70.60138322908712,
            97.30106098038401,
            124.8403531714476
        ],
        "y": [
            -163.55650557767783,
            -159.38415482743278,
            -156.88224813428977,
            -152.7109215470452,
            -151.04037121278375,
            -147.70009788683498,
            -145.20000186361716,
            -141.86009429911996,
            -140.19036472695635,
            -133.51071651346248,
            -127.67124581677152,
            -121.00184606883433,
            -115.16247776537489,
            -106.81350033358588,
            -97.63458022619183,
            -88.45593661624955,
            -79.27717961799037,
            -66.75838010812778,
            -51.73967329030048,
            -40.89053002983118,
            -27.541423052267906,
            -17.53160405401256,
            -3.3421590016622,
            8.33821383671553,
            18.358214033963293,
            28.36894201423574,
            41.719820775709465,
            56.74162677083622,
            70.09311244132194,
            82.60432662910901,
            94.28507206228541,
            100.96608995779395,
            110.97735225599328,
            118.48822885777713,
            124.3289852262737,
            134.33963597728524,
            157.70997035071224,
            167.71999059196978,
            174.39962953078083,
            181.90874487802418,
            183.57706576611062,
            184.4148065996501,
            185.2501358785704,
            181.07376157808744
        ],
        "X": [
            -153.08810959133314,
            -137.40664677283795,
            -121.89908732534505,
            -105.50277526561062,
            -95.38941517159685,
            -85.82881412356652,
            -77.41270979285652,
            -66.43387419169206,
            -57.73885188302453,
            -47.84171281523589,
            -37.670808634603745,
            -27.77869876028255,
            -19.037526346026098,
            -6.8325528169997725,
            5.0820117064603725,
            17.71175666365837,
            28.935169961245364,
            41.187131813263754,
            54.75305723866234,
            64.00631193577287,
            74.57346116220452,
            80.53706840683257,
            90.11575300765705,
            94.83519856791854,
            100.10074908415345,
            102.52396389598943,
            105.98703497611454,
            106.05978030037161,
            105.9813688583797,
            106.16462888230339,
            108.03372618505823,
            105.15306089630147,
            101.18401192745137,
            97.31990946958139,
            91.8627565226264,
            86.47335881601332,
            87.3862891256809,
            85.54908363569307,
            75.57004984148749,
            66.02632645802399,
            51.27979539098413,
            36.80067630828921,
            14.520528482461032,
            -11.106778546224993
        ],
        "Y": [
            -97.70387325253247,
            -102.48155122751675,
            -109.11500051781985,
            -114.33520062373803,
            -118.61551616256703,
            -120.59229630619117,
            -122.84990081967143,
            -125.70267049042212,
            -129.10832719192206,
            -127.36838622704387,
            -126.78484640184004,
            -125.05384477753142,
            -123.5877677013869,
            -121.31076687989209,
            -117.87911781014563,
            -114.88931666765826,
            -111.0311709477912,
            -103.88273835758497,
            -94.60756248246604,
            -87.57005769674842,
            -78.40570070826081,
            -70.32368995586775,
            -59.56151705515905,
            -48.74815093114374,
            -40.22322356195878,
            -29.954451894432932,
            -16.40224703386411,
            1.2067054383589388,
            16.94598918943033,
            31.536227490809647,
            44.10971926822938,
            53.73976074017785,
            67.95548107921067,
            79.16791919999187,
            89.40108962687476,
            104.49295615519421,
            131.39453470646546,
            144.29268288343948,
            158.3033445301815,
            173.02007714320683,
            184.08461579420015,
            194.00795455418648,
            208.74449349270807,
            219.6575980528216
        ],
        "R": [
            181.6095155733723,
            171.41486201421858,
            163.60156120513008,
            155.57433493483546,
            152.21294689116124,
            148.01718569901922,
            145.20614921165057,
            142.1781312598432,
            141.43102618261045,
            136.05710306770803,
            132.26294681551258,
            128.10199139145905,
            125.04544667754843,
            121.50302851774772,
            117.98861495365895,
            116.24655439398668,
            114.73955282605814,
            111.74973447697144,
            109.30914031248233,
            108.46807351765453,
            108.20653868072944,
            106.91885126850103,
            108.02047608693942,
            106.63065744251092,
            107.87987616290614,
            106.81026337034302,
            107.24870764157502,
            106.06664478231627,
            107.32761571331127,
            110.74954659080689,
            116.69170205010356,
            118.08949191300997,
            121.88581409844863,
            125.45407211256222,
            128.18471384064418,
            135.633401752571,
            157.80014980311537,
            167.74690472437229,
            175.4160235625191,
            185.19023430025354,
            191.093597976069,
            197.46740542947023,
            209.24891710815902,
            219.93822067119171
        ],