{
    "star": {
        "id": "rleo",
        "RA": "9:47:33.467",
        "Dec": "+11:25:44.28",
        "RA_dg": 146.8894458333333,
        "Dec_dg": 11.428966666666666,
        "PA": 258.4492780870156,
        "D": 233838.22779878095
    },
    "outer": {
        "PA0": 107.35407948777103,
        "R0": 90.46122215068775,
        "x": [
            19.375561142933574,
            27.490520286532195,
            36.76708893054776,
            46.61702048016241,
            55.89376315654623,
            61.68661176988657,
            68.05281192314357,
            75.59536431476063,
            81.9616480618998,
            85.44647096627007,
            87.75524218486561,
            93.56315733562826,
            93.54941231825661,
            94.13829817586968,
            92.97756321176837,
            93.55185757643356,
            92.97925293561539,
            92.39193569097816,
            89.4961588346941,
            86.60034000708069,
            83.70485792146425,
            78.48609690337521,
            72.1201503636295,
            65.73932446445743,
            61.10827821542969,
            54.727369680597114,
            46.62594523826657,
            39.671220946557064,
            28.65807002200596,
            19.96818367455886,
            8.954809100665154,
            0.2646765608382946,
            -14.807241950581593,
            -24.07097201831411,
            -36.24608737748631,
            -46.671273718501546,
            -57.111029016308265,
            -68.12414941181436,
            -81.44538209558583,
            -94.76692598571793,
            -109.26451965895957,
            -125.48261368394104,
            -134.76066336922983
        ],
        "y": [
            127.39018418247085,
            121.59037075160587,
            111.74066312784001,
            105.37106596510591,
            98.4115323344171,
            88.56186625211957,
            80.45227116685989,
            70.6028022626972,
            64.22329393503034,
            57.85357978633581,
            50.89377561644752,
            43.36429162854157,
            32.934289966246844,
            24.24434380751774,
            16.124237039977476,
            6.27428916433433,
            -2.4157635109163285,
            -11.105817188922629,
            -18.636075543139537,
            -26.176325649577034,
            -38.34656762074817,
            -49.356982575014165,
            -57.467452391731825,
            -64.41788338057025,
            -73.68817124192141,
            -82.38853333342263,
            -89.91893549383772,
            -95.1292294094153,
            -98.60959788259206,
            -107.29980478991482,
            -107.87996074133378,
            -117.14999996570975,
            -121.2098926704787,
            -121.78971636757774,
            -120.04935687165678,
            -116.56893367823054,
            -111.93840321300365,
            -107.29772790073616,
            -98.60675218010552,
            -95.71560272262198,
            -91.07415416312482,
            -88.76228982045559,
            -88.18110745804037
        ],
        "X": [
            -19.50384307540482,
            -10.028334756575678,
            1.7638921042231037,
            13.06534911097346,
            23.995672813257972,
            32.46274725965776,
            40.95805285285565,
            51.095125209996425,
            59.074467395225525,
            64.30059235372809,
            68.58020949706942,
            76.3696102291037,
            79.46750909390927,
            82.62159025757433,
            83.93572451617295,
            87.42187896025104,
            89.46737280146222,
            91.49882406020238,
            90.98095849668739,
            90.46603317134597,
            91.3324442817821,
            89.6353843758856,
            85.97837542020177,
            81.9611527846867,
            80.30601670407681,
            76.81067748115618,
            71.32416990445475,
            66.24013194406119,
            56.76641309898685,
            51.0641723967586,
            40.72517656280675,
            35.1956508851689,
            22.02077891766238,
            13.351684130449307,
            1.2116764594943765,
            -9.777078577773189,
            -21.12278867796419,
            -33.018790083739816,
            -48.325944824148266,
            -61.90344816622211,
            -77.12553919561879,
            -93.29495402669538,
            -102.32401673338478
        ],
        "Y": [
            -127.37060689553688,
            -124.25529955356942,
            -117.62093057496566,
            -114.47927669966721,
            -110.60357201486389,
            -102.93013293522264,
            -97.08857323627426,
            -89.93721684042536,
            -85.74701475187614,
            -80.70669066219504,
            -74.75234974741458,
            -69.29797134484897,
            -59.33864675809061,
            -51.21992008404125,
            -43.12322379953619,
            -33.89294675265359,
            -25.427673778975496,
            -16.95801143294056,
            -8.90679228670132,
            -0.8460236968388718,
            11.633877662254235,
            23.699725817475187,
            33.33981303143941,
            41.877104896126724,
            52.10673592308033,
            62.3143261367323,
            71.91840179778228,
            78.96594822740417,
            85.57284683722911,
            96.4594565848723,
            100.29822794800158,
            111.73834930057343,
            120.10902460361363,
            123.425602034919,
            125.39600781377486,
            125.1835964648366,
            123.87777664958578,
            122.73329477835078,
            118.4113377048756,
            119.62528984487015,
            119.51940435183258,
            122.150243488421,
            124.36293540998196
        ],
        "R": [
            128.85523425785777,
            124.65932361896246,
            117.6341558590711,
            115.22242898442379,
            113.17659853612896,
            107.92794923330575,
            105.37434766845632,
            103.43797558550199,
            104.1265731544452,
            103.18980615682712,
            101.44534946177535,
            103.12383914040792,
            99.17741678765388,
            97.21011979267422,
            94.36534470301989,
            93.76202195195555,
            93.01063052041857,
            93.05701991875526,
            91.41589444847322,
            90.46998902318207,
            92.070421352056,
            92.71558194843116,
            92.21618173004396,
            92.03978748495652,
            95.72966231755491,
            98.9088237569795,
            101.28866535652833,
            103.06976307055194,
            102.68952123733317,
            109.14200138908369,
            108.25097937469698,
            117.15029895671479,
            122.11098433544801,
            124.14566728968633,
            125.40186177036918,
            125.5648202697993,
            125.66573020986506,
            127.09721533434012,
            127.89308753879045,
            134.6931581979476,
            142.24358267715203,
            153.70305927704803,
            161.0476454476791
        ],