{
    "star": {
        "id": "rleo",
        "RA": "9:47:33.467",
        "Dec": "+11:25:44.28",
        "RA_dg": 146.8894458333333,
        "Dec_dg": 11.428966666666666,
        "PA": 258.4492780870156,
        "D": 233838.22779878095
    },
    "outer": {
        "PA0": 111.83489643717853,
        "R0": 84.79043141778544,
        "x": [
            -40.94137288928511,
            -13.421837645062608,
            6.850387326229149,
            14.377065893937903,
            15.965209746865282,
            24.88877823824464,
            36.502747720355394,
            52.92448048366489,
            59.29059135954991,
            66.83303592127557,
            73.19924528981268,
            76.68400275811591,
            78.99270709007861,
            84.80053972604944,
            87.60949818636878,
            88.19833166325978,
            87.03755301061977,
            87.61178830460418,
            87.03913486793215,
            86.45176887907292,
            83.55595710945306,
            80.66010331363758,
            77.76455934183257,
            72.54575031106224,
            66.17977613647672,
            59.798929391577765,
            55.16784345199134,
            48.78690390297997,
            40.68546051669484,
            33.73072724971355,
            22.71758983107228,
            9.645755605537019,
            -1.985047698279053,
            -10.366454214210322,
            -23.87967804756712,
            -35.64285773981562,
            -46.87679105944982,
            -57.30182960695686,
            -67.74142496539984,
            -78.75413794883875,
            -90.82563589184218,
            -116.14540159218575,
            -130.48160173491615,
            -140.70058236147457
        ],
        "y": [
            131.32082239379062,
            121.94008837765381,
            150.05002302811246,
            144.90010142579803,
            113.50012503594856,
            109.24030386186658,
            104.04065358173509,
            91.69137376953228,
            83.58172401344181,
            73.73219034783975,
            67.35262735684664,
            60.98288330501215,
            54.02305934124331,
            46.493525508935335,
            36.063762585063124,
            27.373813035269016,
            19.253713058431433,
            9.403761881774866,
            0.7137125756913476,
            -7.976337647992528,
            -15.50657912028265,
            -23.046812346352507,
            -35.21703742354329,
            -46.22742197470844,
            -54.33785472884242,
            -61.288248575913315,
            -70.55850947115879,
            -79.25883442301291,
            -86.78918944300666,
            -91.99944289612871,
            -95.47974730555325,
            -92.28995444289193,
            -103.499998070775,
            -112.76994739048676,
            -115.88972084297957,
            -109.90937804356429,
            -109.1089241943948,
            -105.62839243477625,
            -100.99775323144392,
            -93.22696312619972,
            -88.59596061794072,
            -86.3833944239385,
            -86.26166307899408,
            -85.05030598605828
        ],
        "X": [
            -86.84679975161148,
            -57.81252348490817,
            -49.44965853326933,
            -40.54752070136925,
            -27.394615292796143,
            -17.526859121585858,
            -4.812159041132028,
            15.02457791331882,
            23.950229159363076,
            34.61494399802668,
            42.897209846165474,
            48.50108868975796,
            53.232755422131014,
            61.424415193538984,
            67.91103329562813,
            71.68970488263858,
            73.63233642717951,
            77.82890030874121,
            80.52944777136673,
            83.21633850937926,
            83.32902113060004,
            83.44538100624409,
            85.28407647943258,
            84.53479588245109,
            81.64205982759307,
            78.30406110666553,
            77.45313015670303,
            74.76590288423448,
            70.0464508909049,
            65.52852046733726,
            56.59991235448224,
            43.27946835732294,
            36.65245320621077,
            32.32013577953638,
            20.936705318754836,
            7.7931339276051625,
            -2.932586480408537,
            -13.904252791773411,
            -25.317194820954864,
            -38.43006530037793,
            -51.35797148336556,
            -75.6842107542416,
            -89.03720024085621,
            -98.97360978601046
        ],
        "Y": [
            -106.67233840665762,
            -108.20001389846206,
            -141.83324183067774,
            -139.85220049000736,
            -111.29555857444204,
            -110.66031122022721,
            -110.15330823090774,
            -104.79776102921527,
            -99.63767026601076,
            -93.30003341884749,
            -89.74594871236502,
            -85.12927070701176,
            -79.52743214874998,
            -74.69819723534862,
            -66.06141612907827,
            -58.213894923054426,
            -50.24460302248903,
            -41.314869770966496,
            -33.03526034160319,
            -24.750177972851553,
            -16.683111277767043,
            -8.606754011671951,
            3.7673218034754563,
            15.92886423242637,
            25.82516782355288,
            34.65018591703997,
            44.97784831296231,
            55.427291043658236,
            65.4306107201949,
            72.85377450314004,
            80.18055222265603,
            82.08144681339564,
            96.81315865615274,
            108.53540081752497,
            116.45737757271893,
            115.28118560012416,
            118.71643026735781,
            119.36301235710448,
            118.94741048270178,
            115.83009530690722,
            116.0211150527653,
            123.38454273416654,
            128.60365423164632,
            131.27997939939954
        ],
        "R": [
            137.55491415518745,
            122.67652945580275,
            150.20631550389766,
            145.6116046780791,
            114.61747818477494,
            112.03970398936916,
            110.2583701532474,
            105.86929988532982,
            102.47574743725605,
            99.51427326742925,
            99.47113110278987,
            97.9762641418801,
            95.69920957879668,
            96.70976916568102,
            94.7418552924691,
            92.34864020803033,
            89.14169114736863,
            88.11501681018905,
            87.04206100615255,
            86.81895129863884,
            84.98265684532548,
            83.8880672437664,
            85.36724438870361,
            86.02244143607378,
            85.62923114221543,
            85.6280407920317,
            89.56558608045295,
            93.07053683380782,
            95.85233487834104,
            97.98805771109363,
            98.14515287707866,
            92.79265214591517,
            103.51903213909446,
            113.24541671709487,
            118.32441177001132,
            115.54429752170319,
            118.75264577637631,
            120.17011677060073,
            121.61186954464,
            122.03884995278563,
            126.88002353788083,
            144.74752206242368,
            156.41778322321017,
            164.40866286537405
        ],