{
    "star": {
        "id": "rscl",
        "RA": "1:26:58.034",
        "Dec": "-32:32:35.46",
        "RA_dg": 21.74180833333333,
        "Dec_dg": -32.54318333333333,
        "PA": 78.96060415205903,
        "D": 229210.78302694834
    },
    "outer": {
        "PA0": 234.70041927494879,
        "R0": 47.868926247938006,
        "x": [
            80.53042718851997,
            72.17210069895856,
            55.89656866424662,
            46.29883446531798,
            32.11250800421576,
            20.430581916652084,
            7.067298471160568,
            -2.5285537240044422,
            -14.627872076670972,
            -22.97247436892119,
            -31.33011574138325,
            -38.841294426983495,
            -44.68358317981813,
            -48.02349852783002,
            -49.68248406835423,
            -49.26704077234771,
            -45.096049002734716
        ],
        "y": [
            -17.12003266011218,
            -19.628058253372235,
            -35.06483404009763,
            -44.6733166798427,
            -53.01159563024357,
            -53.85064587331298,
            -52.18007728384414,
            -51.760009892911214,
            -47.59033107994954,
            -43.830816538994966,
            -37.99151869689292,
            -29.222334065659357,
            -22.55308891076257,
            -9.613567675539764,
            7.086181932874458,
            19.186245774569368,
            33.79685479696958
        ],
        "X": [
            -55.83141014681646,
            -47.56056363208167,
            -25.35725492617981,
            -11.971865114516547,
            4.424477430717389,
            14.443432402461465,
            24.384426037617256,
            31.973265663962767,
            39.4385695581208,
            44.0765067603755,
            47.523279484700595,
            48.586178690789,
            49.50048052770145,
            44.74920139091956,
            36.45319096630646,
            29.122088437775353,
            17.275203067587057
        ],
        "Y": [
            -60.507014985593045,
            -57.724046783789326,
            -60.91780197368547,
            -63.2136199066645,
            -61.82124587106242,
            -55.75560957304222,
            -46.670193269841825,
            -40.78237966121034,
            -30.38771931224733,
            -22.497480056849664,
            -12.902308021585505,
            -1.4050627158013658,
            7.413963361869051,
            19.904423357123363,
            34.49243490915163,
            44.12773842390684,
            53.64185295828368
        ],
        "R": [
            82.33009912206363,
            74.79353441373384,
            65.98461165072071,
            64.33729319783689,
            61.97937109704551,
            57.596013216419685,
            52.65650171658212,
            51.8217349000344,
            49.78769179014691,
            49.48610973905481,
            49.243594966907466,
            48.60649093494216,
            50.05261656701363,
            48.97629114484553,
            50.18528865701649,
            52.871101117589305,
            56.35495568115103
        ],
        "theta": [
            -132.6985391628474,
            -129.4861276708859,
            -112.59969648782044,
            -100.72408857808529,
            -85.90638492296043,
            -75.47683613113477,
            -62.41365556887351,
            -51.90365832375784,
            -37.61452635530789,
            -27.04062331977586,
            -15.189354331387577,
            -1.6564738144482722,
            8.51819002758192,
            23.97947536251715,
            43.41689385586406,
            56.57719573521557,
            72.14899648412103
        ],
        "Rc": 58.96086856590211,
        "xc": 8.070071508219863,
        "yc": 6.431890823493273,
        "PAc": -128.55503572221502,
        "R90": [
            62.630782792605096,
            -999.0
        ]
    },
    "thickness": {
        "h0": 0.0
    },
    "help": {
        "arcs": {
            "PA0": "[deg] Position angle of symmetry axis",
            "R0": "[arcsec] Radius along symmetry axis",
            "x": "(list) [arcsec] RA offsets from star of shell points",
            "y": "(list) [arcsec] Dec offsets from star of shell points",
            "X": "(list) [arcsec] Offsets from star parallel to axis of shell points",
            "Y": "(list) [arcsec] Offsets from star perpendicular to axis of shell points",
            "R": "(list) [arcsec] Radii of shell points from star",
            "theta": "(list) [deg] Angle from axis of shell points",
            "h": "[arcsec] Bowshock width along symmetry axis"
        },
        "star": {
            "id": "Source identifier deduced from region filename",
            "RA": "[HH:MM:SS] Right ascension of source",
            "Dec": "[deg:arcmin:arcsec] Declination of source",
            "RA_dg": "[deg] Right ascension of source",
            "Dec_dg": "[deg] Declination of source",
            "PA": "[deg] Position Angle of th^1 C from source",
            "D": "[arcsec] Distance of th^1 C from source",
            "PA_binary": "[deg] Position Angle of primary from source",
            "D_binary": "[arcsec] Distance of primary from source"
        },
        "thickness": {
            "h0": "Shell thickness on axis: h0 = R0(outer) - R0(inner)"
        }
    },
    "info": {
        "description": "JSON data file for stationary bowshock arcs",
        "history": [
            "Initially created by find-xy-shell.py: <will@mac> 2017-07-05 17:33",
            "Circle fits added by fit-circle-shell.py: <will@mac> 2017-07-05 17:33"
        ],
        "region": "rscl-forma.reg"
    }
}