{
    "star": {
        "id": "rtvir",
        "RA": "13:02:38.055",
        "Dec": "+5:11:08.45",
        "RA_dg": 195.65856249999996,
        "Dec_dg": 5.185680555555556,
        "PA": 266.2810540793846,
        "D": 403810.5106575664
    },
    "outer": {
        "PA0": 101.48829923361102,
        "R0": 87.01169493877835,
        "x": [
            -56.793262024708156,
            -41.94511784768691,
            -5.765975302798493,
            8.962698333543875,
            26.380396141737346,
            41.10937176194844,
            56.525753887428664,
            70.58281480359514,
            88.00175085492722,
            94.69482510258965,
            94.69588591013438,
            91.35049692257283,
            77.95121220473689,
            65.8958833538822,
            42.4569455178755,
            25.038070458292538,
            12.982203297947743,
            -3.09243536455334,
            -27.204619385229215,
            -43.27946074611248
        ],
        "y": [
            132.35071130750285,
            134.36038800963917,
            128.3300073312373,
            117.6200177102493,
            101.5401533849364,
            92.17037241539053,
            77.43070391796267,
            67.3810973564301,
            40.59170498394564,
            23.841973592576686,
            -1.6080272793497852,
            -23.038164918582957,
            -45.80866433141866,
            -58.539045735960954,
            -76.61960399007539,
            -88.0098623044433,
            -97.38996298817102,
            -106.0899979002099,
            -118.8198375353354,
            -122.16958884014329
        ],
        "X": [
            -82.01543338183392,
            -67.86502877034742,
            -31.209663197646076,
            -14.642987457512739,
            5.6283451280927,
            21.928390375793118,
            39.97157896875267,
            55.748570432184,
            78.15410973346621,
            88.04909827653974,
            93.11895884770698,
            94.10878704296677,
            85.51310222573113,
            76.23477930848163,
            56.86649649857123,
            42.06517449845136,
            32.119055972167935,
            18.099233216845235,
            -2.994498484441529,
            -18.080124162561077
        ],
        "Y": [
            -118.3877277516512,
            -123.31441378588735,
            -124.61057008102243,
            -117.04862855196805,
            -104.7599626820785,
            -98.51143940365856,
            -87.13752140449098,
            -80.08896878673829,
            -57.30558261466054,
            -42.22447037782018,
            -17.2845614105586,
            4.382525769273514,
            29.36553353419902,
            44.241900303360374,
            66.62850376739532,
            81.25984204720268,
            92.85315684866784,
            104.58044065652395,
            121.85761398716687,
            128.34184535883193
        ],
        "R": [
            144.02147546463036,
            140.75548578068683,
            128.4594770845184,
            117.96100426656882,
            104.91104827439007,
            100.92253463847342,
            95.8680069771629,
            97.58148403542201,
            96.91230400231109,
            97.65013879149976,
            94.70953785145569,
            94.2107760864797,
            90.41474001520167,
            88.14242632617608,
            87.59655209141411,
            91.50213568612206,
            98.25142489199109,
            106.13505929216076,
            121.89440146216187,
            129.60910523510282
        ],
        "theta": [
            -124.71304501701229,
            -118.82581003803563,
            -104.06091660655997,
            -97.13075604251489,
            -86.92467742299723,
            -77.45070934492328,
            -65.35820823725668,
            -55.158879296288134,
            -36.25029486691183,
            -25.620325003482424,
            -10.515455255580672,
            2.6662648417904333,
            18.952671868793313,
            30.128200220498407,
            49.519706700945484,
            62.631090986208186,
            70.91886382838277,
            80.18135239366275,
            91.40768882720118,
            98.01875997115017
        ],
        "Rc": 97.94700216961463,
        "xc": -4.42029111932765,
        "yc": 4.601325509915258,
        "PAc": 136.14958494072118,
        "R90": [
            108.84329549565796,
            119.91831157495021
        ]
    },
    "thickness": {
        "h0": 0.0
    },
    "help": {
        "arcs": {
            "PA0": "[deg] Position angle of symmetry axis",
            "R0": "[arcsec] Radius along symmetry axis",
            "x": "(list) [arcsec] RA offsets from star of shell points",
            "y": "(list) [arcsec] Dec offsets from star of shell points",
            "X": "(list) [arcsec] Offsets from star parallel to axis of shell points",
            "Y": "(list) [arcsec] Offsets from star perpendicular to axis of shell points",
            "R": "(list) [arcsec] Radii of shell points from star",
            "theta": "(list) [deg] Angle from axis of shell points",
            "h": "[arcsec] Bowshock width along symmetry axis"
        },
        "star": {
            "id": "Source identifier deduced from region filename",
            "RA": "[HH:MM:SS] Right ascension of source",
            "Dec": "[deg:arcmin:arcsec] Declination of source",
            "RA_dg": "[deg] Right ascension of source",
            "Dec_dg": "[deg] Declination of source",
            "PA": "[deg] Position Angle of th^1 C from source",
            "D": "[arcsec] Distance of th^1 C from source",
            "PA_binary": "[deg] Position Angle of primary from source",
            "D_binary": "[arcsec] Distance of primary from source"
        },
        "thickness": {
            "h0": "Shell thickness on axis: h0 = R0(outer) - R0(inner)"
        }
    },
    "info": {
        "description": "JSON data file for stationary bowshock arcs",
        "history": [
            "Initially created by find-xy-shell.py: <will@mac> 2017-07-05 17:26",
            "Circle fits added by fit-circle-shell.py: <will@mac> 2017-07-05 17:26"
        ],
        "region": "rtvir-forma.reg"
    }
}