{
    "star": {
        "id": "tetaps",
        "RA": "14:05:19.649",
        "Dec": "-76:47:50.40",
        "RA_dg": 211.3318708333333,
        "Dec_dg": -76.79733333333333,
        "PA": 232.23944402944068,
        "D": 333702.57811632525
    },
    "outer": {
        "PA0": 230.56322282115445,
        "R0": 56.842175275734114,
        "x": [
            54.76171155959874,
            36.692131869175654,
            19.243566929105093,
            4.290198661339363,
            -11.911231948594345,
            -29.980630036161763,
            -42.440800656433346,
            -50.54218728683741,
            -57.396997215448486,
            -62.379393332757445,
            -63.628139954908626,
            -63.00450935305142,
            -60.51068756558041,
            -55.527706438843445,
            -47.42526391239719,
            -38.07877410180369,
            -24.99390432553424,
            -9.41871246712698,
            1.7979618807624136,
            25.237975849369633,
            51.643938394396585
        ],
        "y": [
            -74.31103530661085,
            -71.81393237403489,
            -68.70383196879244,
            -66.83019045326789,
            -58.731467820369005,
            -49.38929727225995,
            -38.78862705324376,
            -26.956410512657303,
            -12.624049914653213,
            -0.16020740251005616,
            14.168179306094812,
            24.759004206825292,
            39.712197228505744,
            47.81817232273752,
            55.916787009798675,
            64.6450377172629,
            69.62355452767338,
            74.60908478286335,
            74.60996664953731,
            77.13342906685692,
            59.03247534891064
        ],
        "X": [
            4.910437273167929,
            17.279817653725058,
            28.780180031648516,
            39.13886847814779,
            46.50713212475226,
            54.52820467957262,
            57.417692869248334,
            56.158468171261106,
            52.34832240964434,
            48.27899478677948,
            40.14166494187552,
            32.93244738343304,
            21.507741223330747,
            12.510126112031623,
            1.1079454064863283,
            -11.655006765777797,
            -24.9232770373231,
            -40.119342905793346,
            -48.78283223007871,
            -68.48913417752958,
            -77.3849419581818
        ],
        "Y": [
            -92.17842820890003,
            -78.77157689155044,
            -65.28577664925886,
            -54.33994051178254,
            -37.793510294746255,
            -19.100150701905566,
            -2.9979483997252654,
            11.28659453166029,
            26.710205287376315,
            39.501304299387414,
            51.360726578440214,
            59.14414930886867,
            69.10874753491967,
            72.20388169140534,
            73.311767020281,
            74.11568495164983,
            69.64886833411373,
            63.605550083953155,
            56.48110365406947,
            43.54032388714584,
            12.786722677559233
        ],
        "R": [
            92.3091275079396,
            80.64461187287984,
            71.34795999431948,
            66.96775463291132,
            59.927145425660434,
            57.776646340998965,
            57.49590549799826,
            57.28141726131303,
            58.768885693008144,
            62.379599060708,
            65.18648248656383,
            67.69473013560462,
            72.37818675799379,
            73.27962736426404,
            73.32013861593357,
            75.02648824623566,
            73.97387781171045,
            75.20124783987899,
            74.6316272793897,
            81.1573860137524,
            78.43423690394376
        ],
        "theta": [
            -86.9506786651212,
            -77.6272263434823,
            -66.21049110754177,
            -54.23631488799984,
            -39.09865647338074,
            -19.30434746542055,
            -2.988868833566381,
            11.36378073909006,
            27.032490768343866,
            39.2896262153924,
            51.99011799455782,
            60.89021121777973,
            72.71302754863498,
            80.17045237953738,
            89.13416677771554,
            98.93681876591526,
            109.68933297954025,
            122.24177123309389,
            130.81723206929578,
            147.55481839928729,
            170.61749203938567
        ],
        "Rc": 87.24834636777904,
        "xc": 23.74705200564239,
        "yc": 18.93361585381281,
        "PAc": -128.56549017935927,
        "R90": [
            -999.0,
            73.47085438147609
        ]
    },
    "thickness": {
        "h0": 0.0
    },
    "help": {
        "arcs": {
            "PA0": "[deg] Position angle of symmetry axis",
            "R0": "[arcsec] Radius along symmetry axis",
            "x": "(list) [arcsec] RA offsets from star of shell points",
            "y": "(list) [arcsec] Dec offsets from star of shell points",
            "X": "(list) [arcsec] Offsets from star parallel to axis of shell points",
            "Y": "(list) [arcsec] Offsets from star perpendicular to axis of shell points",
            "R": "(list) [arcsec] Radii of shell points from star",
            "theta": "(list) [deg] Angle from axis of shell points",
            "h": "[arcsec] Bowshock width along symmetry axis"
        },
        "star": {
            "id": "Source identifier deduced from region filename",
            "RA": "[HH:MM:SS] Right ascension of source",
            "Dec": "[deg:arcmin:arcsec] Declination of source",
            "RA_dg": "[deg] Right ascension of source",
            "Dec_dg": "[deg] Declination of source",
            "PA": "[deg] Position Angle of th^1 C from source",
            "D": "[arcsec] Distance of th^1 C from source",
            "PA_binary": "[deg] Position Angle of primary from source",
            "D_binary": "[arcsec] Distance of primary from source"
        },
        "thickness": {
            "h0": "Shell thickness on axis: h0 = R0(outer) - R0(inner)"
        }
    },
    "info": {
        "description": "JSON data file for stationary bowshock arcs",
        "history": [
            "Initially created by find-xy-shell.py: <will@mac> 2017-07-05 17:33",
            "Circle fits added by fit-circle-shell.py: <will@mac> 2017-07-05 17:33"
        ],
        "region": "tetaps-forma.reg"
    }
}