{
    "star": {
        "id": "uuaur",
        "RA": "6:36:32.834",
        "Dec": "+38:26:43.15",
        "RA_dg": 99.13680833333332,
        "Dec_dg": 38.44531944444444,
        "PA": 201.4159492722303,
        "D": 165892.9983721373
    },
    "outer": {
        "PA0": 230.60380147942908,
        "R0": 82.19376820902328,
        "x": [
            127.08315547915369,
            124.2669996419035,
            125.47950238667424,
            122.66395440592781,
            119.43693735619308,
            115.01069599844577,
            109.78551270345373,
            109.78840350524625,
            109.37979807377327,
            107.37382419388784,
            105.7550984813236,
            104.95769986743751,
            102.14005001344934,
            100.12228365511267,
            98.51515551915601,
            96.09709659469135,
            95.70073381388005,
            90.8737480842868,
            86.44577438133211,
            81.6178552384052,
            77.58941137527378,
            69.54216673993804,
            63.50345227997389,
            57.064592697581595,
            49.82629696265355,
            43.386818614206156,
            33.72759659647953,
            22.457956312191254,
            13.608704034271836,
            4.348210916539686,
            -0.8813913927131639,
            -10.541375776647236,
            -19.390370470096013,
            -25.019182381857554,
            -31.87007683041608,
            -39.1085183909508,
            -45.947025524656254,
            -52.38560576532436,
            -58.42431366365703,
            -64.06294764642159,
            -67.68090665786649,
            -74.11850129879652,
            -78.54615415708817,
            -83.37317836782164,
            -86.5898097302148,
            -90.6174593439728,
            -91.82572362449767,
            -95.45362224292987,
            -95.85083064469598,
            -95.44918788097286,
            -93.83700456648823,
            -94.24596686418566,
            -95.04225836604951,
            -95.85129471432194,
            -96.65940536156319,
            -95.04767413998005,
            -93.8347953300164,
            -91.82375150536095,
            -89.01417383004764,
            -86.59325871957152
        ],
        "y": [
            62.38109098745386,
            56.74972732066713,
            51.12030925959766,
            43.868963106458985,
            37.027458135892495,
            32.20545996922342,
            27.37319845868364,
            20.533198746527386,
            14.493025569345622,
            7.652187864378678,
            1.6215231522112528,
            -1.998800646962146,
            -6.829924157243646,
            -14.480710383396143,
            -20.921325381448945,
            -26.95223149990754,
            -35.40237864993309,
            -41.44411196859628,
            -46.67562302949175,
            -51.09718440115178,
            -57.53841870813955,
            -64.78069684987749,
            -70.01224262294289,
            -73.63373610565417,
            -76.45522447638261,
            -78.4663791190569,
            -82.88781194549128,
            -86.50902989538258,
            -85.70964378377666,
            -86.10996363357967,
            -85.30999850577876,
            -83.69978626292495,
            -82.08927679469559,
            -79.26879595472828,
            -76.85804625007854,
            -73.63705792526541,
            -69.205938961576,
            -63.974720903564155,
            -58.3434334496194,
            -51.50210446878117,
            -47.0811872560692,
            -41.849430719162655,
            -35.00812975975624,
            -28.56662546068835,
            -20.515572859573876,
            -14.084198915941846,
            -8.853774234108982,
            -2.412466130403929,
            3.62768072803811,
            9.6575334858298,
            17.306946952611142,
            23.347095599282117,
            30.18738640364183,
            34.20768408142509,
            40.64798420471379,
            47.4873901557155,
            55.93695000787055,
            63.186231949336026,
            70.42525448154043,
            74.8544363901866
        ],
        "X": [
            -137.79875609788886,
            -132.04838971667994,
            -129.41250756681927,
            -122.63444166548707,
            -115.7985201636528,
            -109.3176063235545,
            -102.2127756492302,
            -97.87380375646153,
            -93.72447087923791,
            -87.83256534915498,
            -82.75411576801842,
            -79.84016114241408,
            -74.59653603752261,
            -68.1814600531612,
            -62.85178586043907,
            -57.155477793284945,
            -51.48604528395669,
            -43.92130535537398,
            -37.1791434676338,
            -30.64197172351463,
            -23.440770548337625,
            -12.62553195908419,
            -4.638606748221551,
            2.635674116189544,
            10.019993162829927,
            16.27270355988918,
            26.543307108057704,
            37.55052296401976,
            43.88165618422296,
            51.2920147966319,
            54.82560304288911,
            61.26863580720296,
            67.08476681506075,
            69.6444751543044,
            73.40862700965722,
            76.95802421651527,
            79.4303170258116,
            81.0857497694616,
            82.17825514876118,
            82.193604894519,
            82.18361126179306,
            83.8379405965534,
            82.91749135881538,
            82.55940923299916,
            79.93530777385304,
            78.96591792251294,
            76.579993206126,
            75.2953805003133,
            71.76877766409801,
            67.63137552317286,
            61.530595515269695,
            58.01307466908363,
            54.28703879569835,
            52.3606429303725,
            48.89760638751131,
            43.31127070231829,
            37.011227204927884,
            30.856172666291343,
            24.09054201822653,
            19.408607867701647
        ],