{
    "star": {
        "id": "uuaur",
        "RA": "6:36:32.834",
        "Dec": "+38:26:43.15",
        "RA_dg": 99.13680833333332,
        "Dec_dg": 38.44531944444444,
        "PA": 201.4159492722303,
        "D": 165892.9983721373
    },
    "outer": {
        "PA0": 213.06579275404442,
        "R0": 78.15054165020814,
        "x": [
            114.00984813233926,
            111.45419796972173,
            108.9555816990518,
            105.47033938672219,
            103.6875551374737,
            99.00325453610938,
            108.6031629438714,
            106.59719288658378,
            104.97846873902527,
            107.56448643927291,
            101.36343868284052,
            102.729253888153,
            101.12220981853696,
            98.70424060791268,
            98.30796749110166,
            93.48110058628772,
            89.05323275778282,
            84.22541616494463,
            80.19620309667916,
            72.14921667831072,
            66.11069393031859,
            59.67201909299605,
            52.433918478370266,
            45.99460869919372,
            36.33565363102029,
            25.06630934899881,
            16.217431326283396,
            6.957053711012487,
            1.7275063323865238,
            -7.932377912876984,
            -16.781282231401946,
            -22.41005467334752,
            -29.2608908255727,
            -36.49927754861007,
            -43.33774679476342,
            -49.776301983812736,
            -55.81499365295617,
            -61.453628355590006,
            -65.07158813963171,
            -71.50915772643896,
            -75.93682587447154,
            -80.76385655132967,
            -83.98052991472018,
            -88.00819551417173,
            -89.21649769578146,
            -92.84441721059964,
            -93.24168140396186,
            -92.84010395409582,
            -91.22801678451732,
            -91.63703473724495,
            -92.43338525356866,
            -93.24245217783601,
            -94.05061768608898,
            -92.43897449236056,
            -91.22619505932501,
            -89.21524819569608,
            -86.40577700869137,
            -83.98493551636065,
            -76.12423403927642,
            -60.80612835834001,
            -53.92196842484817,
            -42.65907701198459,
            -27.651697191803624
        ],
        "y": [
            64.40502352295347,
            53.25391267030092,
            45.622851498083165,
            37.471411917581285,
            30.81069336511009,
            23.968865108599946,
            17.622700168979637,
            10.781868459755252,
            4.751208586062849,
            1.1322658774372618,
            -3.7002279217177194,
            -11.349692410791066,
            -17.790323549927585,
            -23.821253946241452,
            -32.27140509017401,
            -38.31318685953975,
            -43.54474236501879,
            -47.966352192835636,
            -51.54762700002713,
            -58.78998589507637,
            -64.02159226597814,
            -67.64315035994885,
            -70.4647113636263,
            -72.4759306241861,
            -76.89746038078925,
            -80.51879142337232,
            -82.57949411443668,
            -82.97990690254423,
            -82.17999425975415,
            -80.5698789680311,
            -78.95945831391947,
            -76.13903397041388,
            -73.72835302945579,
            -70.50743736055783,
            -66.07638704173338,
            -60.845233617285295,
            -55.21400678585209,
            -48.372734415223675,
            -43.951853526981935,
            -38.72016162206172,
            -31.878905121905387,
            -25.43744929246068,
            -17.386428998267334,
            -10.955095502076245,
            -5.724682960784445,
            0.7165887068129094,
            6.756731565273669,
            12.786588343720789,
            20.436017982281893,
            26.476162511026782,
            33.316445306777815,
            37.33673485334136,
            43.77702684974768,
            50.61644897044461,
            59.066020984668015,
            66.31532310543446,
            73.55437383585743,
            77.98358004570258,
            90.36115773297469,
            107.4571198117634,
            120.27559935577281,
            130.91350474722825,
            139.98147265349175
        ],
        "X": [
            -116.178251950833,
            -105.43875652159274,
            -97.68033752967746,
            -88.94751335299661,
            -82.39284394262006,
            -74.10332420560376,
            -74.02268146037594,
            -67.19529862947047,
            -61.25815797021485,
            -59.636258262200386,
            -52.20311057034761,
            -46.537709243113554,
            -40.26336704684838,
            -33.88993019542737,
            -26.592119314338014,
            -18.89528979989992,
            -12.095160618417397,
            -5.755589309042614,
            -0.5559756886110643,
            9.903893759506381,
            17.58284166495942,
            24.13082096517149,
            30.44453509915055,
            35.6433250514828,
            44.618706725544804,
            53.80211731057965,
            60.35704116617682,
            65.74508291013507,
            67.92797048588479,
            71.84907152222554,
            75.32744460730305,
            76.03487113254243,
            77.75244097000544,
            79.00244622260863,
            79.020108995488,
            78.14905587849366,
            76.72455717601055,
            74.06771456679151,
            72.33678427015666,
            71.46474213622739,
            68.14720739055615,
            65.382616323615,
            60.390524716785244,
            57.19828165445531,
            53.4742143869496,
            50.05554054182355,
            45.21037942724164,
            39.9379891309486,
            32.64786834842258,
            27.80911870540947,
            22.511146817049838,
            19.58339315432392,
            14.627077677757267,
            8.016021560422974,
            0.2732087642858569,
            -6.8992058458486625,
            -14.498705578927543,
            -19.5313932373462,
            -34.193167710542966,
            -56.877931342288655,
            -71.37639849122453,
            -86.43649066574106,
            -102.22390451934614
        ],