{
    "star": {
        "id": "v1943sgr",
        "RA": "20:06:55.267",
        "Dec": "-27:13:31.40",
        "RA_dg": 301.73027916666666,
        "Dec_dg": -27.225388888888887,
        "PA": 125.90278055348583,
        "D": 471441.12140371284
    },
    "outer": {
        "PA0": 142.50256136770741,
        "R0": 63.850760281131386,
        "x": [
            12.50148213460522,
            34.68820787528573,
            52.37809991381309,
            59.832921597460206,
            65.42031050065086,
            69.1527543781993,
            72.41794065292665,
            72.41516483169949,
            71.01131381896748,
            64.95270924998522,
            56.10863654360976,
            43.890912207220154,
            30.20672102121916,
            11.695677376902163,
            -3.5873712346913518,
            -22.911304268565164,
            -38.20773379828891,
            -57.519234982096464,
            -76.83166444357646,
            -93.72959502492267,
            -105.80218920495403
        ],
        "y": [
            114.9798052112627,
            102.59850019476637,
            94.21658027539594,
            74.18553705961334,
            59.75466417987139,
            43.45403741166051,
            26.683460429247393,
            11.313460364194876,
            -7.316289197100131,
            -26.875262383808405,
            -37.12392710481933,
            -46.79240317802737,
            -57.26113833354373,
            -66.11017066118123,
            -67.7200160561446,
            -65.3106549101449,
            -65.31182131318069,
            -58.86412755143182,
            -50.81736422531091,
            -48.40095958588246,
            -37.13396376043911
        ],
        "X": [
            -83.6127647888026,
            -60.284042186413345,
            -42.86569336877269,
            -22.435509708382657,
            -7.585147106236498,
            7.619488675955908,
            22.912541985504525,
            35.105111433836086,
            49.03103189867314,
            60.8607109811572,
            63.6081856057058,
            63.841720505326826,
            63.81748895490478,
            59.569986271408446,
            51.544017832485274,
            37.86949782478282,
            28.559089444172454,
            11.688202459444668,
            -6.4519202884718085,
            -18.65525778993184,
            -34.94317468426282
        ],
        "Y": [
            -79.90962536737449,
            -89.97532031330172,
            -98.90784438752,
            -92.6289388897236,
            -88.2774176141754,
            -81.31605129236499,
            -73.69790097860664,
            -64.3395806190277,
            -51.885380299876225,
            -35.17254648130719,
            -21.91720288761597,
            -6.338445588368306,
            10.890916471886147,
            30.963854246189975,
            44.06908250354678,
            57.9336745129944,
            70.07027426352425,
            81.46676517810128,
            91.8905974111032,
            103.82615869404697,
            106.54580727606127
        ],
        "R": [
            115.65743669121224,
            108.30385038314432,
            107.79716763148981,
            95.30725269207524,
            88.60269136572983,
            81.67225235944919,
            77.17749146538787,
            73.29359100913541,
            71.38721718845389,
            70.29320142881289,
            67.27826586994377,
            64.15560123291631,
            64.74012633681676,
            67.13675248442605,
            67.81496742622511,
            69.21278428208771,
            75.66680200223709,
            82.30095932197185,
            92.11682347963503,
            105.48881396797594,
            112.12954340905209
        ],
        "theta": [
            -136.2973024669715,
            -123.82233906274615,
            -113.43143729260721,
            -103.61531540914143,
            -94.91101923787008,
            -84.64689279760498,
            -72.72962663758736,
            -61.38213215654625,
            -46.62013811965589,
            -30.024422979579157,
            -19.012197689549215,
            -5.669958629648115,
            9.684640644227162,
            27.464937792414947,
            40.52976648884221,
            56.82856413582057,
            67.82528080839539,
            81.83537459829549,
            94.01632083494768,
            100.18609244945904,
            108.15762113448915
        ],
        "Rc": 83.26412534333964,
        "xc": -9.688831708182803,
        "yc": 14.964040664535633,
        "PAc": 147.0779807254355,
        "R90": [
            85.28672293092843,
            88.88032124380594
        ]
    },
    "thickness": {
        "h0": 0.0
    },
    "help": {
        "arcs": {
            "PA0": "[deg] Position angle of symmetry axis",
            "R0": "[arcsec] Radius along symmetry axis",
            "x": "(list) [arcsec] RA offsets from star of shell points",
            "y": "(list) [arcsec] Dec offsets from star of shell points",
            "X": "(list) [arcsec] Offsets from star parallel to axis of shell points",
            "Y": "(list) [arcsec] Offsets from star perpendicular to axis of shell points",
            "R": "(list) [arcsec] Radii of shell points from star",
            "theta": "(list) [deg] Angle from axis of shell points",
            "h": "[arcsec] Bowshock width along symmetry axis"
        },
        "star": {
            "id": "Source identifier deduced from region filename",
            "RA": "[HH:MM:SS] Right ascension of source",
            "Dec": "[deg:arcmin:arcsec] Declination of source",
            "RA_dg": "[deg] Right ascension of source",
            "Dec_dg": "[deg] Declination of source",
            "PA": "[deg] Position Angle of th^1 C from source",
            "D": "[arcsec] Distance of th^1 C from source",
            "PA_binary": "[deg] Position Angle of primary from source",
            "D_binary": "[arcsec] Distance of primary from source"
        },
        "thickness": {
            "h0": "Shell thickness on axis: h0 = R0(outer) - R0(inner)"
        }
    },
    "info": {
        "description": "JSON data file for stationary bowshock arcs",
        "history": [
            "Initially created by find-xy-shell.py: <will@mac> 2017-02-28 22:33",
            "Circle fits added by fit-circle-shell.py: <will@mac> 2017-02-28 22:36"
        ],
        "region": "v1943sgr-forma.reg"
    }
}