{
    "star": {
        "id": "v1943sgr",
        "RA": "20:06:55.267",
        "Dec": "-27:13:31.40",
        "RA_dg": 301.73027916666666,
        "Dec_dg": -27.225388888888887,
        "PA": 125.90278055348583,
        "D": 471441.12140371284
    },
    "outer": {
        "PA0": 133.7898466640246,
        "R0": 52.623170523458555,
        "x": [
            2.8017259060307103,
            38.93066691361995,
            46.079441685861326,
            46.97210356369061,
            52.26581488209268,
            52.90512072298603,
            54.27808463137064,
            58.97083849126222,
            57.567589433294515,
            51.50954188194892,
            42.66566933649783,
            30.448069099907055,
            15.817272182206802,
            -1.4403021419747557,
            -17.03029063856337,
            -30.100530132741465,
            -37.27586915986539,
            -53.454056510795404,
            -75.59247390885825,
            -68.69982025946715,
            -91.4127384040192,
            -86.72456080662295,
            -102.05477503925148
        ],
        "y": [
            100.59999021574414,
            100.78811088123709,
            80.75735309108968,
            70.69724938867938,
            51.58659410369916,
            43.92651012294881,
            36.37632648165306,
            17.875663363020994,
            -0.7541331402239282,
            -20.31330938502761,
            -30.552270670470584,
            -40.22115648538251,
            -46.63031210413615,
            -62.36000258812382,
            -61.1503618395453,
            -50.611130301705025,
            -47.49173338091428,
            -41.04356438006421,
            -44.95712835560373,
            -30.80588720023311,
            -32.1304235169628,
            -2.1093801888438826,
            16.337011802863003
        ],
        "X": [
            -67.59421049422374,
            -41.6435292097411,
            -22.62136108399747,
            -15.01521848071952,
            2.0310861385399526,
            7.793485085653498,
            14.009446512724002,
            30.199806348673558,
            42.078928370277474,
            51.24097605614129,
            51.94225341459333,
            49.81359361661401,
            43.68710542968888,
            42.114343990143375,
            30.023108479767235,
            13.294617412791888,
            5.956192803753548,
            -10.184794877323691,
            -23.457893191027328,
            -28.27507942115593,
            -43.75454663278074,
            -61.1452516486044,
            -84.97705546908604
        ],
        "Y": [
            -74.56024682847364,
            -99.69782643721581,
            -90.18502673430348,
            -83.54054583434001,
            -73.40822015010868,
            -68.32094613304874,
            -63.82070986723019,
            -53.71285534705078,
            -39.29325460130026,
            -20.981558947658176,
            -7.470133416963567,
            7.9644354434683455,
            22.715829841553415,
            46.01332875733792,
            55.92861977157478,
            57.3653342405998,
            60.07893914203018,
            66.61966892582569,
            84.76492640639759,
            69.77956630421188,
            86.45341234943163,
            61.537444964115714,
            58.83005275165904
        ],
        "R": [
            100.63899691203376,
            108.04554651325415,
            92.97884181016468,
            84.87920584173254,
            73.43631320068424,
            68.76401740950895,
            65.34024486907015,
            61.62060639940656,
            57.57252877852029,
            55.37023968758037,
            52.47666703453134,
            50.44627182393504,
            49.23994421417595,
            62.37663338984388,
            63.477535808672165,
            58.88572343690991,
            60.3734640479346,
            67.39369654856294,
            87.95092666733902,
            75.29055710961752,
            96.89506106041237,
            86.75020998177888,
            103.35412455707373
        ],
        "theta": [
            -132.19456235588302,
            -112.67017009671441,
            -104.08114275640618,
            -100.18930501363718,
            -88.41512325152783,
            -83.49230370925102,
            -77.61922388962647,
            -60.653328560048706,
            -43.03931715354936,
            -22.267547631740353,
            -8.18394161831974,
            9.083839953943622,
            27.472919224802457,
            47.53325406049378,
            61.77259922903627,
            76.95185129930482,
            84.33822888584866,
            98.69206090880225,
            105.4689250792634,
            112.05807272446111,
            116.84422222622061,
            134.81683688242376,
            145.3049451112611
        ],
        "Rc": 70.7516159596135,
        "xc": -11.19240483349471,
        "yc": 14.517467353112888,
        "PAc": 142.3691691171604,
        "R90": [
            74.9765964108877,
            63.14254686311062
        ]
    },
    "thickness": {
        "h0": 0.0
    },
    "help": {
        "arcs": {
            "PA0": "[deg] Position angle of symmetry axis",
            "R0": "[arcsec] Radius along symmetry axis",
            "x": "(list) [arcsec] RA offsets from star of shell points",
            "y": "(list) [arcsec] Dec offsets from star of shell points",
            "X": "(list) [arcsec] Offsets from star parallel to axis of shell points",
            "Y": "(list) [arcsec] Offsets from star perpendicular to axis of shell points",
            "R": "(list) [arcsec] Radii of shell points from star",
            "theta": "(list) [deg] Angle from axis of shell points",
            "h": "[arcsec] Bowshock width along symmetry axis"
        },
        "star": {
            "id": "Source identifier deduced from region filename",
            "RA": "[HH:MM:SS] Right ascension of source",
            "Dec": "[deg:arcmin:arcsec] Declination of source",
            "RA_dg": "[deg] Right ascension of source",
            "Dec_dg": "[deg] Declination of source",
            "PA": "[deg] Position Angle of th^1 C from source",
            "D": "[arcsec] Distance of th^1 C from source",
            "PA_binary": "[deg] Position Angle of primary from source",
            "D_binary": "[arcsec] Distance of primary from source"
        },
        "thickness": {
            "h0": "Shell thickness on axis: h0 = R0(outer) - R0(inner)"
        }
    },
    "info": {
        "description": "JSON data file for stationary bowshock arcs",
        "history": [
            "Initially created by find-xy-shell.py: <will@mac> 2017-06-08 13:07",
            "Circle fits added by fit-circle-shell.py: <will@mac> 2017-06-08 13:07"
        ],
        "region": "v1943sgr-forma.reg"
    }
}