{
    "star": {
        "id": "waql",
        "RA": "19:15:23.406",
        "Dec": "-7:02:51.20",
        "RA_dg": 288.84752499999996,
        "Dec_dg": -7.047555555555555,
        "PA": 115.83048707725735,
        "D": 547551.5277337173
    },
    "outer": {
        "PA0": 102.6822069428612,
        "R0": 41.893311168475286,
        "x": [
            -40.61217244439178,
            -25.20407814591796,
            -14.827691648702652,
            -5.448730063736955,
            4.927667737918073,
            11.299374852959653,
            17.328633380329606,
            23.015397112897162,
            25.025065167266934,
            31.054211196999674,
            34.40364051408476,
            39.76273529305538,
            42.11461848181196,
            42.78433356741689,
            41.10194818177759,
            38.764586013466456,
            36.41230571066763,
            31.395395078611205,
            25.366336034616804,
            9.28901737286278,
            5.597212662202382,
            -4.108579054651325
        ],
        "y": [
            54.96950609349566,
            62.679809792295934,
            64.01993416974781,
            64.01999111067535,
            60.9999927292414,
            57.98996176831161,
            52.95991007653235,
            43.91984135184844,
            38.22981242189456,
            33.2097111299354,
            26.509645423325804,
            18.46952630189287,
            9.089468540053439,
            1.7294514476987632,
            -5.9805063129975595,
            -13.010450408229472,
            -22.39039745504216,
            -31.430295513454617,
            -36.12019292507523,
            -47.500025874980096,
            -52.19000939533685,
            -57.55000506272673
        ],
        "X": [
            -51.689531604758386,
            -38.35009721957738,
            -28.521081067878896,
            -19.370952670810837,
            -8.58468999570111,
            -1.7076029255890417,
            5.278872258170873,
            12.811580719495417,
            16.021425849066297,
            23.005606736764072,
            27.744273415330767,
            34.73777495827676,
            39.091607020990494,
            41.36082494176143,
            41.41215423799814,
            40.67519396496318,
            40.439606790028705,
            37.52974342793156,
            32.6774120184799,
            19.490700846791114,
            16.91862014274101,
            8.626373699524816
        ],
        "Y": [
            -44.71227430243909,
            -55.61721095158315,
            -59.20270555850747,
            -61.26184876204462,
            -60.593598011510515,
            -59.05586871942922,
            -55.47221933388081,
            -47.90119380666566,
            -42.791194867660224,
            -39.2172284216385,
            -33.415970339767235,
            -26.748560909888674,
            -18.11369064342341,
            -11.080269006432506,
            -3.189056516524381,
            4.182528485624506,
            13.850058051493532,
            23.77083646906011,
            29.669952553724432,
            44.30181579098109,
            49.687887485149794,
            57.04795510239029
        ],
        "R": [
            68.34467902343145,
            67.55741344059834,
            65.71462859004721,
            64.25144294969897,
            61.19870114882196,
            59.08055126653727,
            55.72282844709398,
            49.58488649413137,
            45.692148608258734,
            45.467009428833286,
            43.432381711032534,
            43.842884483139386,
            43.084330425448165,
            42.81927371077121,
            41.534763753960775,
            40.889667993521755,
            42.745595157417995,
            44.4244787049344,
            44.137504922296564,
            48.399775845319006,
            52.489292910757214,
            57.696477401728714
        ],
        "theta": [
            -139.1396686515874,
            -124.58768076783869,
            -115.72258161069065,
            -107.54691701913994,
            -98.06379951478804,
            -91.65624838990072,
            -84.56396323539434,
            -75.02623530878222,
            -69.4736272115148,
            -59.603265630334356,
            -50.298172681790064,
            -37.59676214947535,
            -24.86136529459489,
            -14.996987678110036,
            -4.403527777881498,
            5.870947615374173,
            18.905688773182913,
            32.34962155588129,
            42.23835525028055,
            66.25277890955202,
            71.19640039751815,
            81.40129446545525
        ],
        "Rc": 53.81547132139978,
        "xc": -12.094913270942058,
        "yc": 0.661010578662891,
        "PAc": 93.12821398809872,
        "R90": [
            58.29642839326245,
            -999.0
        ]
    },
    "thickness": {
        "h0": 0.0
    },
    "help": {
        "arcs": {
            "PA0": "[deg] Position angle of symmetry axis",
            "R0": "[arcsec] Radius along symmetry axis",
            "x": "(list) [arcsec] RA offsets from star of shell points",
            "y": "(list) [arcsec] Dec offsets from star of shell points",
            "X": "(list) [arcsec] Offsets from star parallel to axis of shell points",
            "Y": "(list) [arcsec] Offsets from star perpendicular to axis of shell points",
            "R": "(list) [arcsec] Radii of shell points from star",
            "theta": "(list) [deg] Angle from axis of shell points",
            "h": "[arcsec] Bowshock width along symmetry axis"
        },
        "star": {
            "id": "Source identifier deduced from region filename",
            "RA": "[HH:MM:SS] Right ascension of source",
            "Dec": "[deg:arcmin:arcsec] Declination of source",
            "RA_dg": "[deg] Right ascension of source",
            "Dec_dg": "[deg] Declination of source",
            "PA": "[deg] Position Angle of th^1 C from source",
            "D": "[arcsec] Distance of th^1 C from source",
            "PA_binary": "[deg] Position Angle of primary from source",
            "D_binary": "[arcsec] Distance of primary from source"
        },
        "thickness": {
            "h0": "Shell thickness on axis: h0 = R0(outer) - R0(inner)"
        }
    },
    "info": {
        "description": "JSON data file for stationary bowshock arcs",
        "history": [
            "Initially created by find-xy-shell.py: <will@mac> 2017-07-05 17:28",
            "Circle fits added by fit-circle-shell.py: <will@mac> 2017-07-05 17:28"
        ],
        "region": "waql-forma.reg"
    }
}