{
    "star": {
        "id": "wpic",
        "RA": "5:43:13.871",
        "Dec": "-46:27:13.29",
        "RA_dg": 85.80779583333332,
        "Dec_dg": -46.45369166666667,
        "PA": 356.9861644504724,
        "D": 147960.53944268648
    },
    "outer": {
        "PA0": 343.15310655558534,
        "R0": 28.04949166957237,
        "x": [
            -28.88710967430274,
            -33.73401340848041,
            -37.238609105740814,
            -38.85177157837573,
            -39.39070692423092,
            -36.69556850871366,
            -36.69677765801864,
            -34.53797074930535,
            -31.31458866404518,
            -24.855855206643188,
            -20.27775104885585,
            -15.430647762109004,
            -10.852215540887464,
            -4.392623915126955,
            2.3358679740466655,
            7.720777781461589,
            14.71785373527197,
            22.520777175319637,
            30.60207254969851,
            38.6726826251772
        ],
        "y": [
            -47.90212881626826,
            -39.82290297123176,
            -29.063537224221108,
            -22.60385015946592,
            -14.52395750365133,
            -4.563434253171302,
            1.8965656677386826,
            7.8169579733083,
            14.007499395775236,
            18.31842457936176,
            21.548951497739296,
            23.159392853550585,
            25.30969969970755,
            28.009950800692508,
            30.159986087667015,
            30.4298480060469,
            27.739447667084494,
            23.968706728888996,
            17.777611955840342,
            12.39618613969877
        ],
        "X": [
            -37.474371110200664,
            -28.337178028353602,
            -17.023890916544538,
            -10.373917668033581,
            -2.4846011710109885,
            6.2673504060251055,
            12.450454487314408,
            17.491103983354737,
            22.48177842208277,
            24.735850777371503,
            26.500927711844806,
            26.637488871024363,
            27.36861087050477,
            28.080886344126146,
            28.188628437517888,
            26.886279804442342,
            22.283485337569967,
            16.41316879796904,
            8.14569724650409,
            0.6562425440703458
        ],
        "Y": [
            -41.530116305646324,
            -43.8275210694042,
            -44.06348082228004,
            -43.73529500331206,
            -41.909424841907985,
            -36.4432435335936,
            -34.572194533662646,
            -30.790218201237426,
            -25.91106214537266,
            -18.4801489020783,
            -13.162269130468014,
            -8.056460410715292,
            -3.051330866055646,
            3.9136058622745717,
            10.976441445751105,
            16.20845512376374,
            22.125515963657946,
            28.50074028591647,
            34.44093418532291,
            40.60555575239791
        ],
        "R": [
            55.93817167610641,
            52.19049014619115,
            47.23773072570113,
            44.94879527651294,
            41.98301005833817,
            36.97823252077788,
            36.745754201187665,
            35.41152715481698,
            34.304715456056336,
            30.876823300387887,
            29.589601184390695,
            27.82916397780159,
            27.538182239124932,
            28.352292477275274,
            30.25030644473614,
            31.394044964321296,
            31.402104634049266,
            32.88896937935098,
            35.39110525526786,
            40.61085830461778
        ],
        "theta": [
            -132.06126473537333,
            -122.88514421636721,
            -111.12399983333995,
            -103.34382943076444,
            -93.39281034471753,
            -80.24197393741825,
            -70.19457394266196,
            -60.400245330367206,
            -49.05340087813416,
            -36.763400818214805,
            -26.412304545679866,
            -16.827846540738218,
            -6.361644027933258,
            7.934150306983207,
            21.275567128957196,
            31.08376981991989,
            44.796191313074864,
            60.06297509495865,
            76.69337434991324,
            89.0741007149501
        ],
        "Rc": 44.91335086742959,
        "xc": 4.0196513613438745,
        "yc": -15.894297398763308,
        "PAc": -14.192464481855938,
        "R90": [
            40.691817583841285,
            -999.0
        ]
    },
    "thickness": {
        "h0": 0.0
    },
    "help": {
        "arcs": {
            "PA0": "[deg] Position angle of symmetry axis",
            "R0": "[arcsec] Radius along symmetry axis",
            "x": "(list) [arcsec] RA offsets from star of shell points",
            "y": "(list) [arcsec] Dec offsets from star of shell points",
            "X": "(list) [arcsec] Offsets from star parallel to axis of shell points",
            "Y": "(list) [arcsec] Offsets from star perpendicular to axis of shell points",
            "R": "(list) [arcsec] Radii of shell points from star",
            "theta": "(list) [deg] Angle from axis of shell points",
            "h": "[arcsec] Bowshock width along symmetry axis"
        },
        "star": {
            "id": "Source identifier deduced from region filename",
            "RA": "[HH:MM:SS] Right ascension of source",
            "Dec": "[deg:arcmin:arcsec] Declination of source",
            "RA_dg": "[deg] Right ascension of source",
            "Dec_dg": "[deg] Declination of source",
            "PA": "[deg] Position Angle of th^1 C from source",
            "D": "[arcsec] Distance of th^1 C from source",
            "PA_binary": "[deg] Position Angle of primary from source",
            "D_binary": "[arcsec] Distance of primary from source"
        },
        "thickness": {
            "h0": "Shell thickness on axis: h0 = R0(outer) - R0(inner)"
        }
    },
    "info": {
        "description": "JSON data file for stationary bowshock arcs",
        "history": [
            "Initially created by find-xy-shell.py: <will@mac> 2017-07-05 17:30",
            "Circle fits added by fit-circle-shell.py: <will@mac> 2017-07-05 17:30"
        ],
        "region": "wpic-forma.reg"
    }
}