{
    "star": {
        "id": "xpav",
        "RA": "20:11:46.039",
        "Dec": "-59:56:13.56",
        "RA_dg": 302.94182916666665,
        "Dec_dg": -59.937099999999994,
        "PA": 138.7174398237795,
        "D": 388063.8768929936
    },
    "outer": {
        "PA0": 79.32814245067456,
        "R0": 47.93853293378007,
        "x": [
            -48.266700745360374,
            -39.173847624580745,
            -31.684953690778773,
            -22.10505836540593,
            -14.984673119657293,
            -7.255466855402803,
            -0.6992110371428384,
            5.9017983705559205,
            12.27657110517032,
            16.997355334069276,
            24.333954464970798,
            27.45229707591307,
            33.840113532910266,
            38.843782615502604,
            41.84763550897746,
            44.85167738694972,
            47.75017535234642,
            47.35664381529548,
            48.36095534909003,
            48.36562942368794,
            46.92812429202228,
            45.362718742906104,
            44.36109098870359,
            44.591705650227304,
            39.85749581049257,
            35.34860426708638,
            30.847856976599843,
            24.326330091560557,
            19.616054818311564,
            8.305749774167431,
            -2.65820561422687,
            -13.162610480424851,
            -22.72802034497702
        ],
        "y": [
            80.91025070366854,
            74.93357763975138,
            74.94579846184492,
            71.03795496244894,
            69.83906023913062,
            69.30977967908754,
            65.80999795373299,
            62.88985421272274,
            56.33936914212752,
            53.558790651943916,
            50.58752128843787,
            44.516845122376616,
            38.575205837147564,
            31.063682830204733,
            23.5526675057161,
            17.551576520481962,
            11.470452082188363,
            4.530608204563172,
            -1.9797949644307813,
            -8.989797497368787,
            -15.06922427941292,
            -22.008619702486577,
            -28.50824375074999,
            -34.58833015681898,
            -39.3766555569038,
            -45.5352352067566,
            -51.04398714095454,
            -60.56247972372082,
            -68.0216125144765,
            -72.08028910422559,
            -82.63002961533024,
            -89.55072619206996,
            -92.55216522372422
        ],
        "X": [
            -32.4485935713981,
            -24.619795543489005,
            -17.2581673667589,
            -8.567637037292133,
            -1.7924229421336864,
            5.705083725092907,
            11.499838292140565,
            17.44591203917561,
            22.49738116655552,
            26.621595592536952,
            33.281068564863915,
            35.221284106600784,
            40.39831982089007,
            43.92443127276445,
            45.485409624060274,
            47.32618745175123,
            49.04842595638153,
            47.376553255619996,
            47.15787188382422,
            45.8643251228029,
            43.325870967379885,
            40.502476182360034,
            38.31454662256078,
            37.41523809748917,
            31.87619071580699,
            26.30481539562621,
            20.86178113066191,
            12.690379299713506,
            6.680261834102679,
            -5.186020524778087,
            -17.913984623227496,
            -29.518305935548963,
            -39.47408961051467
        ],
        "Y": [
            -88.44903529723142,
            -80.89188502565209,
            -79.51707147909315,
            -73.90277563246286,
            -71.4060360444718,
            -69.45458500447026,
            -64.80122256562309,
            -60.70918497250283,
            -53.09149229471636,
            -49.48479354871338,
            -45.206295194278574,
            -38.66315119433442,
            -31.641358140061566,
            -23.33315615642622,
            -15.395786945086344,
            -8.942191233643705,
            -2.429491377010572,
            4.3174443562622615,
            10.901225149802459,
            17.790847355397034,
            23.49892071710291,
            30.02840348826496,
            36.230123827663505,
            42.24775442484277,
            46.076560641827164,
            51.293646350866396,
            55.873652031624445,
            64.01982942213345,
            70.47768070483322,
            72.37167089252814,
            80.70859313751312,
            85.56434123442901,
            86.74250656870767
        ],
        "R": [
            94.21328499618653,
            84.55549299487596,
            81.36835378370556,
            74.39774627355943,
            71.42852905938841,
            69.68850234043995,
            65.81371230028589,
            63.166169639326846,
            57.66141442449373,
            56.19122835862701,
            56.13589448838797,
            52.300842387038585,
            51.31471318538729,
            49.73722789677747,
            48.02033677856754,
            48.16358378253585,
            49.10855849187197,
            47.57287172488138,
            48.4014626884133,
            49.19400947872827,
            49.28823764297867,
            50.41979366237713,
            52.731644725536626,
            56.43379125872749,
            56.028037402094284,
            57.64530743231164,
            59.641251691213625,
            65.26549077429557,
            70.79356874536408,
            72.55724330940244,
            82.67277575670155,
            90.51290999733946,
            95.30197372773155
        ],
        "theta": [
            -110.1461702758354,
            -106.9278541671507,
            -102.24540249152413,
            -96.61284793105098,
            -91.43792756723822,
            -85.30419748695978,
            -79.93686962460835,
            -73.96701208721139,
            -67.03532472009314,
            -61.72084700521956,
            -53.63934010109493,
            -47.66716515411065,
            -38.06927262772974,
            -27.977747018299855,
            -18.69980243807987,
            -10.699784076707811,
            -2.835685879974687,
            5.2070049272969685,
            13.0161162649706,
            21.20135520855161,
            28.474349982133536,
            36.553116894773204,
            43.398309140333,
            48.47142252018935,
            55.32415673498646,
            62.849981010558025,
            69.52566454764923,
            78.78784743007603,
            84.58536806564821,
            94.09870405354452,
            102.51442563185627,
            109.03360150630324,
            114.46895476013256
        ],
        "Rc": 72.62043756632264,
        "xc": -24.291030722063415,
        "yc": -4.970460427887644,
        "PAc": 78.43570236154598,
        "R90": [
            71.02061538301851,
            71.79738576900289
        ]
    },
    "thickness": {
        "h0": 0.0
    },
    "help": {
        "arcs": {
            "PA0": "[deg] Position angle of symmetry axis",
            "R0": "[arcsec] Radius along symmetry axis",
            "x": "(list) [arcsec] RA offsets from star of shell points",
            "y": "(list) [arcsec] Dec offsets from star of shell points",
            "X": "(list) [arcsec] Offsets from star parallel to axis of shell points",
            "Y": "(list) [arcsec] Offsets from star perpendicular to axis of shell points",
            "R": "(list) [arcsec] Radii of shell points from star",
            "theta": "(list) [deg] Angle from axis of shell points",
            "h": "[arcsec] Bowshock width along symmetry axis"
        },
        "star": {
            "id": "Source identifier deduced from region filename",
            "RA": "[HH:MM:SS] Right ascension of source",
            "Dec": "[deg:arcmin:arcsec] Declination of source",
            "RA_dg": "[deg] Right ascension of source",