{
    "star": {
        "id": "xpav",
        "RA": "20:11:46.039",
        "Dec": "-59:56:13.56",
        "RA_dg": 302.94182916666665,
        "Dec_dg": -59.937099999999994,
        "PA": 138.7174398237795,
        "D": 388063.8768929936
    },
    "outer": {
        "PA0": 78.79202276541524,
        "R0": 55.160359911087234,
        "x": [
            -39.581922655246125,
            -31.573141509942317,
            -22.564848961737997,
            -12.549394559075672,
            -3.037656878265647,
            4.473626687959876,
            12.984415036273047,
            18.494841625018626,
            24.004997599768167,
            28.507568029929967,
            33.01659789574088,
            38.524784998547595,
            42.529400463087825,
            47.532523046874665,
            50.53582947606984,
            53.539434737300084,
            54.04753255011229,
            56.04345380283735,
            57.04729165322651,
            57.05145569079574,
            56.04907817668361,
            54.047597770904545,
            53.0454970991951,
            51.54019335858442,
            48.54084673892161,
            44.03177147100579,
            39.53062335208173,
            35.51823478204795,
            33.01591431265292,
            28.51584356374784,
            22.00394098201835,
            16.994495199415038,
            7.982329312851905,
            -9.033017279585472,
            -14.040995389225898
        ],
        "y": [
            81.12344351668195,
            78.62582820575982,
            77.11786912370248,
            77.1193409188134,
            74.61996138278614,
            70.60991623950393,
            67.10929436741881,
            63.10856830262035,
            59.5975880543259,
            56.596598294930075,
            50.58543684467912,
            44.08378691440693,
            38.57242770217956,
            31.06054065071245,
            23.54930677543893,
            17.547997223589558,
            11.037767584639404,
            4.52684664370618,
            -1.9836296024828586,
            -8.99363248208767,
            -15.503158450531586,
            -22.01223621004373,
            -28.511787385010454,
            -35.021128556652215,
            -40.02987146733753,
            -45.53812309668175,
            -51.046547551494925,
            -56.05528609065574,
            -60.56456769151164,
            -66.06340757021525,
            -69.57202902551774,
            -72.08121035637751,
            -79.59026704620445,
            -87.60034199931772,
            -90.60082635657275
        ],
        "X": [
            -23.058981397252033,
            -15.688406705417172,
            -7.145022791053644,
            2.679703968862619,
            11.524228049571727,
            18.112820996859618,
            25.780873347096644,
            30.408580813441706,
            35.13121517513926,
            38.96460788415177,
            42.21924697389006,
            46.35865077607655,
            49.21564262835557,
            52.66325372463099,
            54.14931591292543,
            55.929156624028614,
            55.16216467929654,
            55.85448618975063,
            55.57373164627609,
            54.21527551151418,
            51.96675264312659,
            48.73826878951427,
            46.49195629347183,
            43.75013487500973,
            39.83443748438185,
            34.340714862536636,
            28.85473461166584,
            23.945316752315875,
            20.614247037972564,
            15.131186572571423,
            8.061504323667688,
            2.6598862754675974,
            -7.639942817451489,
            -25.887700160585986,
            -31.383373551687008
        ],
        "Y": [
            -87.26984052931091,
            -83.26318526752337,
            -80.03303565504606,
            -78.08776622615599,
            -73.78724933171065,
            -68.39370820937192,
            -63.30560001917703,
            -58.31010866782367,
            -53.79507535059384,
            -49.97615137216015,
            -43.20320986146442,
            -35.754927298498735,
            -29.570299343556773,
            -21.229216656564898,
            -13.277480807756588,
            -6.806814076614566,
            -0.32198742542598446,
            6.452706964162739,
            13.034132969853605,
            19.91125116290543,
            26.10179507479083,
            32.09770277096642,
            38.27851593772493,
            44.371124340501986,
            48.701355239109255,
            53.22812092093215,
            57.75659693941044,
            61.88991764713542,
            65.82682034412397,
            70.34610399195215,
            72.5220848397722,
            74.00972070292433,
            79.62386239998047,
            84.17388134074794,
            86.14373542242862
        ],
        "R": [
            90.26484193244994,
            84.72829589840987,
            80.3513419106772,
            78.13373181636422,
            74.68176481630954,
            70.7514919071887,
            68.35387643965092,
            65.76283570483423,
            64.25038841639795,
            63.370784858156576,
            60.40680555513643,
            58.545190476239405,
            57.415869605794214,
            56.78114064296553,
            55.75338474423005,
            56.341843052466096,
            55.163104408725616,
            56.22598202509582,
            57.08176829223262,
            57.75598689020639,
            58.15365067128872,
            58.35821594062182,
            60.22247738501595,
            62.31268712567153,
            62.917441237092916,
            63.34443585701446,
            64.56330381517958,
            66.36068188873547,
            68.97910884869516,
            71.95503563990857,
            72.96876483446619,
            74.0575030197703,
            79.98955050345609,
            88.06483588567413,
            91.68238264799902
        ],
        "theta": [
            -104.80079469243356,
            -100.67054032186893,
            -95.10160844967348,
            -88.03457688099441,
            -81.12315334018915,
            -75.16678425650433,
            -67.84164747234075,
            -62.458067856252185,
            -56.8532002396605,
            -52.057739066371674,
            -45.659948560766196,
            -37.641839655756606,
            -30.99876642004396,
            -21.95498047671027,
            -13.777178870674447,
            -6.939012102625597,
            -0.3344377639980807,
            6.590001184895186,
            13.19944482628463,
            20.16640315091678,
            26.669405721634966,
            33.36781706713505,
            39.465866644012884,
            45.40375599327271,
            50.71913951981055,
            57.17146452638673,
            63.45365255554271,
            68.8484592746304,
            72.61159439836591,
            77.86084622160281,
            83.65708081157999,
            87.94169346365315,
            95.48077548930803,
            107.09529449420748,
            110.01739314581727
        ],
        "Rc": 78.63852410738203,
        "xc": -22.29291590355032,
        "yc": -4.272632680940446,
        "PAc": 79.15033218312789,
        "R90": [
            78.75047480186606,
            75.67705989261513
        ]
    },
    "thickness": {
        "h0": 0.0
    },
    "help": {
        "arcs": {
            "PA0": "[deg] Position angle of symmetry axis",
            "R0": "[arcsec] Radius along symmetry axis",
            "x": "(list) [arcsec] RA offsets from star of shell points",
            "y": "(list) [arcsec] Dec offsets from star of shell points",
            "X": "(list) [arcsec] Offsets from star parallel to axis of shell points",
            "Y": "(list) [arcsec] Offsets from star perpendicular to axis of shell points",
            "R": "(list) [arcsec] Radii of shell points from star",
            "theta": "(list) [deg] Angle from axis of shell points",