{
    "0.25": {
        "head": {
            "Rc": 1.9893995957774817,
            "R90": 1.959056911983305,
            "T": 0.37536010332133113
        },
        "tail": {
            "x0": -38.92890856916904,
            "a": 39.94715027206335,
            "b": 8.766150261149845,
            "r0": 1.0182417028943078,
            "T": 0.21944369501822428
        },
        "far": {
            "x0": -55.588505107091606,
            "a": 57.175227608555616,
            "b": 10.028696058212665,
            "r0": 1.5867225014640098,
            "T": 0.1754028182777533
        }
    },
    "0.5": {
        "head": {
            "Rc": 1.9443318770345464,
            "R90": 1.9194010289306158,
            "T": 0.45228690475094024
        },
        "tail": {
            "x0": -17.277278360530772,
            "a": 18.33528583600588,
            "b": 5.800291512485708,
            "r0": 1.058007475475108,
            "T": 0.3163458461659429
        },
        "far": {
            "x0": -31.20462059640227,
            "a": 35.81215466854165,
            "b": 6.6444755148759675,
            "r0": 4.607534072139384,
            "T": 0.18553688199924623
        }
    },
    "1.0": {
        "head": {
            "Rc": 1.84254051171463,
            "R90": 1.8314065617927142,
            "T": 0.5753529602355836
        },
        "tail": {
            "x0": -9.106031055710734,
            "a": 10.388454532268298,
            "b": 4.001183255580075,
            "r0": 1.2824234765575646,
            "T": 0.3851567375254637
        },
        "far": {
            "x0": -23.467826733815507,
            "a": 56.22029546985237,
            "b": 4.24186622001637,
            "r0": 32.75246873603686,
            "T": 0.0754507991209515
        }
    },
    "2.0": {
        "head": {
            "Rc": 1.7021879980456776,
            "R90": 1.714804917261394,
            "T": 0.6810433846881556
        },
        "tail": {
            "x0": -6.450432146734382,
            "a": 8.400437072521607,
            "b": 3.0106156980396337,
            "r0": 1.9500049257872245,
            "T": 0.35838798291669366
        },
        "far": {
            "x0": 0.9999484940287033,
            "a": 106.8297517398712,
            "b": 3.041501709794586,
            "r0": 107.8297002338999,
            "T": 0.028470549264221785
        }
    }
}