{
    "outer": {
        "R0": {
            "w073-227": 1.6259480449858004,
            "109-246": 1.9478042695220081,
            "w000-400": 1.464627981810519,
            "w005-514": 1.671882422886793,
            "w012-407": 2.2892204909009086,
            "w030-524": 0.6255086556155631,
            "042-628": 3.0687907021439416,
            "LL1": 3.056615958544663,
            "065-502": 1.421701258633922,
            "w069-601": 0.8525978172042248,
            "4285-458": 1.9125286864581912,
            "LL3": 3.118529033986857,
            "LL2": 4.0348917023486415,
            "LL4": 2.4145028247431544,
            "4468-605": 2.468978202329079,
            "116-3101": 1.4524734571028899,
            "w266-558": 1.8803724983406924,
            "308-3036": 2.5568953577927767,
            "LL6": 3.627753218018473
        },
        "Rc": {
            "w073-227": 3.24653642149102,
            "109-246": 4.072768718419291,
            "w000-400": 2.9436042942262475,
            "w005-514": 3.384332982773445,
            "w012-407": 4.562287253016994,
            "w030-524": 1.6688452739929938,
            "042-628": 6.222104074004095,
            "LL1": 6.150035744323792,
            "065-502": 4.175822837527785,
            "w069-601": 1.7259736845889713,
            "4285-458": 3.875491022378071,
            "LL3": 6.259454321556071,
            "LL2": 13.679011907244313,
            "LL4": 4.962431981527984,
            "4468-605": 4.983199948085116,
            "116-3101": 2.880017609979125,
            "w266-558": 3.8562438972618693,
            "308-3036": 4.946766566107399,
            "LL6": 12.970113029791435
        },
        "R90": {
            "w073-227": 5.509453872099115,
            "109-246": 5.662159939930038,
            "w000-400": 3.2992382459884615,
            "w005-514": null,
            "w012-407": 4.388090195306803,
            "w030-524": 2.1899096520528056,
            "042-628": null,
            "LL1": 6.981615358794428,
            "065-502": 6.0598653868421986,
            "w069-601": null,
            "4285-458": null,
            "LL3": null,
            "LL2": null,
            "LL4": 7.732091948880434,
            "4468-605": null,
            "116-3101": null,
            "w266-558": null,
            "308-3036": null,
            "LL6": 12.230900133020203
        },
        "Rm90": {
            "w073-227": null,
            "109-246": null,
            "w000-400": 3.8003509670665663,
            "w005-514": 2.1143080432090473,
            "w012-407": null,
            "w030-524": 1.331412124608286,
            "042-628": 4.620287069495857,
            "LL1": 6.544683991645349,
            "065-502": null,
            "w069-601": 1.4399737993931077,
            "4285-458": 3.2936171290839544,
            "LL3": 4.79942818902475,
            "LL2": 13.279963698676607,
            "LL4": 6.6501361293903525,
            "4468-605": null,
            "116-3101": 2.125995693598143,
            "w266-558": 4.035080884839303,
            "308-3036": 3.9018790461102,
            "LL6": null
        }
    },
    "inner": {
        "R0": {
            "w073-227": 0.8105661376109227,
            "109-246": 1.3219053101301057,
            "w000-400": 0.7949987204445192,
            "w005-514": 1.1706475156221368,
            "w012-407": 0.9528297937056546,
            "w030-524": 0.2878029914982779,
            "042-628": 1.760187699226828,
            "LL1": 1.9040720457546834,
            "065-502": 0.4912457672606526,
            "w069-601": 0.4046988207770767,
            "4285-458": null,
            "LL3": 1.2839134673002872,
            "LL2": 2.073656586175038,
            "LL4": 1.4216184731843333,
            "4468-605": 1.3306187544888806,
            "116-3101": 1.0036728634972554,
            "w266-558": 1.1273396165903025,
            "308-3036": 1.438450079221469,
            "LL6": 1.6255462762878683
        },
        "Rc": {
            "w073-227": 1.926335659412942,
            "109-246": 3.5895918329787397,
            "w000-400": 1.9742230670294836,
            "w005-514": 2.3559508954418606,
            "w012-407": 2.0452526258625476,
            "w030-524": 0.6283923523295168,
            "042-628": 3.543379412703121,
            "LL1": 3.850905724100649,
            "065-502": 1.5600222215490314,
            "w069-601": 0.8562270033740571,
            "4285-458": null,
            "LL3": 2.657009416918667,
            "LL2": 5.973511082097588,
            "LL4": 2.947456904742728,
            "4468-605": 2.832846554449913,
            "116-3101": 1.9871589975197803,
            "w266-558": 2.2568987239484914,
            "308-3036": 2.8197825975278925,
            "LL6": 3.313061379070792
        },
        "R90": {
            "w073-227": null,
            "109-246": 4.935454534949609,
            "w000-400": 1.8587461607111955,
            "w005-514": null,
            "w012-407": null,
            "w030-524": null,
            "042-628": null,
            "LL1": 3.9012189740599013,
            "065-502": null,
            "w069-601": null,
            "4285-458": null,
            "LL3": null,
            "LL2": null,
            "LL4": null,
            "4468-605": 2.694951453400685,
            "116-3101": null,
            "w266-558": null,
            "308-3036": null,
            "LL6": 7.012990761194693
        },
        "Rm90": {
            "w073-227": null,
            "109-246": null,
            "w000-400": 1.954026812925301,
            "w005-514": null,
            "w012-407": null,
            "w030-524": null,
            "042-628": null,
            "LL1": 5.80104326463298,
            "065-502": 1.4987800631876063,
            "w069-601": 0.9438422338922249,
            "4285-458": null,
            "LL3": null,
            "LL2": 7.618768416265104,
            "LL4": null,
            "4468-605": null,
            "116-3101": null,
            "w266-558": null,
            "308-3036": null,
            "LL6": 6.130262717155883
        }
    },
    "help": {
        "outer": "Means outer shell",
        "inner": "Means inner shell",
        "R0": "Shell radius along symmetry axis",
        "Rc": "Radius of curvature at theta=0",
        "R90": "Shell radius perpendicular to R0",
        "Rm90": "Same as R90 but in the opposite direction"
    }
}