{
    "$\\log_{10} (R_0, '')$ vs. $\\log_{10} (|b|,{}^\\circ)$": {
        "r": 0.025050622859083882,
        "p": 0.6031719905512655
    },
    "$\\log_{10} (R_0, '')$ vs. $\\cos(\\ell)$": {
        "r": -0.0018876354687925657,
        "p": 0.968758326994991
    },
    "$\\log_{10} (|b|,{}^\\circ)$ vs. $\\cos(\\ell)$": {
        "r": 0.08985670003473999,
        "p": 0.06173803256668808
    },
    "$\\log_{10} (R_0, '')$ vs. $H_0$ mag": {
        "r": -0.4284513337837662,
        "p": 9.261215781158277e-21
    },
    "$\\log_{10} (|b|,{}^\\circ)$ vs. $H_0$ mag": {
        "r": -0.0878064203924038,
        "p": 0.06794391279898176
    },
    "$\\cos(\\ell)$ vs. $H_0$ mag": {
        "r": -0.13513760170621356,
        "p": 0.0048499478077128795
    },
    "$\\log_{10} (R_0, '')$ vs. $A_K$": {
        "r": -0.061336532260446025,
        "p": 0.202719861205416
    },
    "$\\log_{10} (|b|,{}^\\circ)$ vs. $A_K$": {
        "r": -0.302036634560171,
        "p": 1.3872223739687356e-10
    },
    "$\\cos(\\ell)$ vs. $A_K$": {
        "r": 0.1543592888169563,
        "p": 0.001272744775548039
    },
    "$H_0$ mag vs. $A_K$": {
        "r": 0.10672377864627851,
        "p": 0.026371001529019836
    }
}