{
    "star": {
        "id": "A16-20mic-i00",
        "RA": "2:01:55.149",
        "Dec": "-59:41:41.70",
        "RA_dg": 30.479787499999993,
        "Dec_dg": -59.694916666666664,
        "PA": 59.74614200204203,
        "D": 243363.97245087987
    },
    "outer": {
        "PA0": 349.57597091803103,
        "R0": 41.130792765321075,
        "x": [
            -93.98323665529374,
            -88.720462793595,
            -82.35294634267782,
            -75.14419121328491,
            -67.95105137390922,
            -59.08405406500107,
            -49.93538399203598,
            -41.32997958817561,
            -32.43522143142187,
            -21.851238152359922,
            -8.336323713336483,
            -0.5300183545464439,
            11.766172333142988,
            23.153408582050307,
            30.156218671463048,
            39.391959048461686,
            48.36862805970912,
            58.4712359974797,
            67.20137939352432,
            74.78922150692078,
            82.09597121550588,
            87.44209788673585,
            92.22826573461958
        ],
        "y": [
            -21.77664117489202,
            -15.872650700690382,
            -8.848130341900502,
            -2.373419713820156,
            6.320850905650661,
            15.325523608088385,
            23.759660424279954,
            30.522917457569935,
            34.77563810223558,
            38.1980203877436,
            40.28971188307125,
            41.84999883534319,
            39.43942602434043,
            37.56777740449163,
            34.54622952175177,
            30.98356613242194,
            24.630299145857038,
            16.055822443815202,
            5.7912710091239825,
            -1.1331987083433555,
            -8.3279549249817,
            -14.991716299680887,
            -20.815285219579735
        ],
        "X": [
            -4.412692625322478,
            0.441654250794619,
            6.198154551323092,
            11.261712676525075,
            18.511023757933344,
            25.762760192327317,
            32.40241353780417,
            37.49705778088834,
            40.070247093773474,
            41.52116797182142,
            41.13306206966629,
            41.255190020071346,
            36.65963230593388,
            32.758562808649884,
            28.51985371167255,
            23.34495214540212,
            15.472378208478004,
            5.21153615784021,
            -6.463164844941447,
            -14.646231489466386,
            -23.044265231605422,
            -30.565329127954662,
            -37.15875311672137
        ],
        "Y": [
            -96.37219005947398,
            -90.12805612071392,
            -82.59467332718948,
            -74.33341389865038,
            -65.68592344196999,
            -55.33603984647509,
            -44.81236029082046,
            -35.1252951682596,
            -25.607887311665642,
            -14.579368319286544,
            -0.9090552499211357,
            7.050717579238878,
            18.707819105827625,
            29.56847630150281,
            35.909016179720766,
            44.347728434348596,
            52.02673667420148,
            60.4112138952348,
            67.14009020310166,
            73.34984455389674,
            79.23424236392444,
            83.28644965265009,
            86.9399572463583
        ],
        "R": [
            96.47316141323944,
            90.12913823273693,
            82.82691097624753,
            75.18166394964051,
            68.24440298655352,
            61.039307979514675,
            55.29976526088676,
            51.37913684444923,
            47.554059708115645,
            44.00642419390179,
            41.14310606498285,
            41.85335496676918,
            41.15715170541616,
            44.1295618387583,
            45.85672795491028,
            50.11694132683923,
            54.278686575790374,
            60.63559081447369,
            67.4504574654132,
            74.79780607025752,
            82.51729105496433,
            88.71793528054862,
            94.5480253584815
        ],
        "theta": [
            -92.62162971206813,
            -89.71923590590632,
            -85.70839503010856,
            -81.38504939888809,
            -74.2615733206598,
            -65.0347597046811,
            -54.130487182033335,
            -43.12945052131925,
            -32.5816230176082,
            -19.34775437343538,
            -1.2660509366494632,
            9.698433092346,
            27.035727542727024,
            42.069985390809556,
            51.54250387650367,
            62.237369758465555,
            73.43789988665608,
            85.06943228897974,
            95.49857058514395,
            101.29210250254746,
            106.2163959907877,
            110.15265306193243,
            113.14220632402896
        ],
        "Rc": 78.38806116389763,
        "xc": -1.194026450911974,
        "yc": -37.265982258933235,
        "PAc": 1.8351664341112546,
        "R90": [
            90.74282956483724,
            63.857444865099275
        ]
    },
    "thickness": {
        "h0": 0.0
    },
    "help": {
        "arcs": {
            "PA0": "[deg] Position angle of symmetry axis",
            "R0": "[arcsec] Radius along symmetry axis",
            "x": "(list) [arcsec] RA offsets from star of shell points",
            "y": "(list) [arcsec] Dec offsets from star of shell points",
            "X": "(list) [arcsec] Offsets from star parallel to axis of shell points",
            "Y": "(list) [arcsec] Offsets from star perpendicular to axis of shell points",
            "R": "(list) [arcsec] Radii of shell points from star",
            "theta": "(list) [deg] Angle from axis of shell points",
            "h": "[arcsec] Bowshock width along symmetry axis"
        },
        "star": {
            "id": "Source identifier deduced from region filename",
            "RA": "[HH:MM:SS] Right ascension of source",
            "Dec": "[deg:arcmin:arcsec] Declination of source",
            "RA_dg": "[deg] Right ascension of source",
            "Dec_dg": "[deg] Declination of source",
            "PA": "[deg] Position Angle of th^1 C from source",
            "D": "[arcsec] Distance of th^1 C from source",
            "PA_binary": "[deg] Position Angle of primary from source",
            "D_binary": "[arcsec] Distance of primary from source"
        },
        "thickness": {
            "h0": "Shell thickness on axis: h0 = R0(outer) - R0(inner)"
        }
    },
    "info": {
        "description": "JSON data file for stationary bowshock arcs",
        "history": [
            "Initially created by find-xy-shell.py: <will@mac> 2017-11-23 16:45",
            "Circle fits added by fit-circle-shell.py: <will@mac> 2017-11-23 16:45",
            "Circle fits added by fit-circle-shell.py: <will@mac> 2017-11-23 16:49",
            "Circle fits added by fit-circle-shell.py: <will@mac> 2017-11-23 16:51",
            "Circle fits added by fit-circle-shell.py: <will@mac> 2017-11-23 16:52"
        ],
        "region": "A16-20mic-i00-forma.reg"
    }
}