{
    "star": {
        "id": "A16-12mic-i00",
        "RA": "2:01:56.154",
        "Dec": "-59:46:21.75",
        "RA_dg": 30.483974999999994,
        "Dec_dg": -59.772708333333334,
        "PA": 59.71442241498939,
        "D": 243498.57545132094
    },
    "outer": {
        "PA0": 1.882541480571263,
        "R0": 44.29349507993178,
        "x": [
            -85.87373258845632,
            -84.28379653824584,
            -81.95981360165497,
            -80.07396048272987,
            -77.72725348195901,
            -73.47815004754636,
            -70.47418770607625,
            -66.98933603260635,
            -64.59672486370108,
            -61.057660053101976,
            -58.56646442029214,
            -56.392317139669295,
            -54.11959134333138,
            -52.16396523016391,
            -50.61633805120885,
            -48.290350912617455,
            -45.96422705431387,
            -44.66530756100049,
            -43.10937912144056,
            -41.6743322731076,
            -40.35254766172205,
            -37.656031710879866,
            -34.70285909373934,
            -30.76751336665211,
            -26.968109540102112,
            -24.815294397591707,
            -23.357395281824548,
            -12.630608402056783,
            -1.7903684351347893,
            9.344550595619786,
            18.764490229263576,
            20.411245767632234,
            22.32989135005804,
            26.348419767524845,
            29.89852533515795,
            33.0104524710377,
            35.510473358537496,
            37.051250777435875,
            40.080253161551916,
            42.572661158102925,
            46.0543427306632,
            48.60710196905535,
            50.986067556688674,
            52.91879283281399,
            54.66980635349389,
            56.44280439467582,
            59.8540299561354,
            61.58908926959637,
            67.58140571231966,
            69.82280852512847,
            72.90944218688968,
            75.22607810954564,
            77.22545086838342,
            79.17944832406641,
            81.54789344044124,
            84.49716278941308,
            87.22832244754754
        ],
        "y": [
            -12.860683730983716,
            -8.219556771708415,
            -5.707948637503725,
            -2.8166765527298567,
            -0.11513523029636086,
            3.7675385888224193,
            6.529338128165203,
            13.921332286616849,
            16.682642400131776,
            22.724493110530542,
            25.315733022595865,
            27.73677291621868,
            29.49781778773532,
            31.078682461395974,
            33.03934424196946,
            34.300301187581404,
            35.331213141819035,
            36.1817028120013,
            36.58227084172827,
            37.07277689392073,
            37.46322784258895,
            38.10410272128922,
            39.45499150052775,
            40.48606306928927,
            41.67697539132232,
            42.16743902648485,
            42.407731106700396,
            43.25933654665785,
            44.93998666970572,
            43.45963685683096,
            42.47853567148769,
            42.19826737285233,
            41.64792632103802,
            40.51711276586287,
            39.37628227744212,
            38.28546805346148,
            37.22475556136099,
            36.57429054767011,
            36.39331886357422,
            35.452462023040695,
            33.95117854101384,
            33.0601734225688,
            32.10918790930631,
            29.90835242940905,
            26.90756852582481,
            22.656748598160544,
            17.265097705912602,
            13.30422062384063,
            5.800999419029561,
            3.22971769049059,
            -0.07211584860662244,
            -2.7335441817203145,
            -5.414812952808804,
            -8.066085138690456,
            -11.837669981593924,
            -16.19970880446379,
            -19.10166121909521
        ],
        "X": [
            -15.674749170777746,
            -10.983896746663692,
            -8.39729988026308,
            -5.445636821520369,
            -2.668462779155601,
            1.3517012021242198,
            4.2106921941440785,
            11.713176280850211,
            14.551594836525007,
            20.706445121133328,
            23.3781238292845,
            25.869279140745505,
            27.70403401466377,
            29.348289012803118,
            31.358733106436624,
            32.6954196347527,
            33.80218982469804,
            34.69489079309205,
            35.14635586351498,
            35.68373937723353,
            36.117401053459346,
            36.84651229742475,
            38.29368556234974,
            39.453479242093074,
            40.76856162675671,
            41.32948189111058,
            41.61753719179872,
            42.82106476499284,
            44.85691656886395,
            43.74315491089628,
            43.07203425864175,
            42.846014194924685,
            42.358998904594415,
            41.360806894135635,
            40.3372153684403,
            39.34921867197043,
            38.37120595137226,
            37.771707529455234,
            37.69033817475622,
            36.831866327992,
            35.4457685834497,
            34.63910412907598,
            33.76678242105706,
            31.630626047237936,
            28.688983657438023,
            24.498702128209793,
            19.222022188083663,
            15.320280702912834,
            8.01796059972569,
            5.521698170714914,
            2.32304460098584,
            -0.26084432248572814,
            -2.874985272122011,
            -5.46063643409715,
            -9.152380720091818,
            -13.415179856343892,
            -16.2258456755667
        ],
        "Y": [
            -85.404902512299,
            -83.96828856587699,
            -81.7280678713705,
            -79.93821272583335,
            -77.68151965793554,
            -73.5622578860123,
            -70.6506437371193,
            -67.41050464235956,
            -65.10989562486637,
            -61.771219582716746,
            -59.366492395856916,
            -57.27305126257122,
            -55.05940356307881,
            -53.1567653652008,
            -51.67438246958438,
            -49.39107396817728,
            -47.100071696635936,
            -45.82979239261473,
            -44.287862645298475,
            -42.86970376726988,
            -41.561459121653265,
            -38.887451702587526,
            -35.980250549968815,
            -32.08090019484048,
            -28.32266923898899,
            -26.187128072849575,
            -24.737909573342183,
            -14.044888018613866,
            -3.2657092554042815,
            7.911830382601025,
            17.358915610727873,
            19.013989341159586,
            20.94967843067233,
            25.00318588087054,
            28.588852364688375,
            31.73493384774438,
            34.268450484196855,
            35.82976449192946,
            38.86307707416377,
            41.385047594206256,
            44.91416812327396,
            47.49481965115248,
            49.90374172363587,
            51.907722698879944,
            53.756368807832736,
            55.66805204970922,
            59.25455563739789,
            61.11879582133547,
            67.35436363097777,
            69.67902493583377,
            72.87245998647815,
            75.27527516905073,
            77.36165019455109,
            79.40168900031485,
            81.89275476085281,
            84.98372805562215,
            87.80874461268141
        ],