{
    "star": {
        "id": "A16-Halpha-i60",
        "RA": "2:00:24.403",
        "Dec": "-59:51:01.98",
        "RA_dg": 30.101679166666663,
        "Dec_dg": -59.85055,
        "PA": 60.05678702917502,
        "D": 244237.81172682907
    },
    "outer": {
        "PA0": 0.04518173291484118,
        "R0": 76.01007034268675,
        "x": [
            -95.21396362396598,
            -94.62655436047011,
            -94.7201811179772,
            -90.95328133706184,
            -85.9952661361313,
            -78.2392517151359,
            -63.87558728667993,
            -53.11674681009582,
            -43.75810963317371,
            -32.11308132095416,
            -18.4996647409716,
            -0.2638523287934905,
            12.92871124846834,
            29.836664545752075,
            43.19254323527801,
            54.533523344723335,
            63.12268828499306,
            71.20665516943504,
            78.95586791710244,
            86.1910743444221,
            91.17926618436127,
            92.28073568448815,
            93.70728771224024,
            95.64334238919196,
            96.47759676160128
        ],
        "y": [
            -17.64784126871988,
            -7.927372422462516,
            5.682558317891249,
            15.8854803867636,
            26.27914423141219,
            34.80446109363944,
            49.032979771288616,
            57.86823145113728,
            65.91201371745822,
            70.34569895820106,
            75.01857268901975,
            76.00999970966889,
            75.5193028931598,
            70.92628714569473,
            65.31221878281562,
            57.267595207232084,
            50.54337887306976,
            45.02884792958209,
            35.8539913679366,
            26.119003510394112,
            15.805308611283698,
            7.814462750172667,
            1.45335336494274,
            -8.198179987060518,
            -19.96885319273752
        ],
        "X": [
            -17.72291864925004,
            -8.001989612017994,
            5.607863065473694,
            15.813752425896777,
            26.211322780581163,
            34.742753151772526,
            48.98259415917261,
            57.826327189920654,
            65.87748689502253,
            70.32035367627566,
            75.00396108501347,
            76.00976801053076,
            75.52947460538648,
            70.94979338935661,
            65.3462588161926,
            57.31058089762469,
            50.5931398112691,
            45.08498535548103,
            35.916242442565725,
            26.186963077987574,
            15.877204923661798,
            7.887230132789938,
            1.5272476613819894,
            -8.122755975273357,
            -19.892767653294054
        ],
        "Y": [
            -95.20001746314921,
            -94.62027365162595,
            -94.72463276200935,
            -90.9657798697368,
            -86.01596234101903,
            -78.2666731399646,
            -63.914233359304674,
            -53.16236344157831,
            -43.81007225918926,
            -32.16854383847005,
            -18.55881637885001,
            -0.3237914461002947,
            12.869154978061465,
            29.780724932360002,
            43.14102655469506,
            54.48834688615258,
            63.08281167060052,
            71.17112463478655,
            78.92756998895783,
            86.17045088528778,
            91.16677424384704,
            92.27454474218017,
            93.70611250590201,
            95.64977748977049,
            96.49331360161335
        ],
        "R": [
            96.83566063404457,
            94.95803296014205,
            94.89048519245036,
            92.33010274605445,
            89.92096095660575,
            85.6313670389715,
            80.5252988598606,
            78.55011777820717,
            79.11488931269038,
            77.32895546846643,
            77.26592938563599,
            76.0104576615302,
            76.61799190800478,
            76.94650583027978,
            78.30250132317443,
            79.07896451780888,
            80.86474463096434,
            84.24953938321715,
            86.71526841078794,
            90.06166576863698,
            92.53899914207265,
            92.61101449905513,
            93.71855742801402,
            95.9940576206488,
            98.5224937500429
        ],
        "theta": [
            -100.54574965170289,
            -94.83397335816915,
            -86.6119446785656,
            -80.13809559901974,
            -73.05264434382748,
            -66.06345698290966,
            -52.5341641275682,
            -42.59373400571864,
            -33.62483692754346,
            -24.58206127571448,
            -13.897993532119957,
            -0.24407088159550713,
            9.669531478304547,
            22.769919017682327,
            33.432442369935146,
            43.55394174439714,
            51.269986329429706,
            57.64684573381767,
            65.53194012145285,
            73.0961174318171,
            80.12070374382682,
            85.11447879807847,
            89.06626050226646,
            94.85401729530639,
            101.64872689967173
        ],
        "Rc": 91.30707088151144,
        "xc": 0.49269373675646894,
        "yc": -15.102187590421028,
        "PAc": -1.868554663903985,
        "R90": [
            94.91831963364449,
            94.08566414706594
        ]
    },
    "thickness": {
        "h0": 0.0
    },
    "help": {
        "arcs": {
            "PA0": "[deg] Position angle of symmetry axis",
            "R0": "[arcsec] Radius along symmetry axis",
            "x": "(list) [arcsec] RA offsets from star of shell points",
            "y": "(list) [arcsec] Dec offsets from star of shell points",
            "X": "(list) [arcsec] Offsets from star parallel to axis of shell points",
            "Y": "(list) [arcsec] Offsets from star perpendicular to axis of shell points",
            "R": "(list) [arcsec] Radii of shell points from star",
            "theta": "(list) [deg] Angle from axis of shell points",
            "h": "[arcsec] Bowshock width along symmetry axis"
        },
        "star": {
            "id": "Source identifier deduced from region filename",
            "RA": "[HH:MM:SS] Right ascension of source",
            "Dec": "[deg:arcmin:arcsec] Declination of source",
            "RA_dg": "[deg] Right ascension of source",
            "Dec_dg": "[deg] Declination of source",
            "PA": "[deg] Position Angle of th^1 C from source",
            "D": "[arcsec] Distance of th^1 C from source",
            "PA_binary": "[deg] Position Angle of primary from source",
            "D_binary": "[arcsec] Distance of primary from source"
        },
        "thickness": {
            "h0": "Shell thickness on axis: h0 = R0(outer) - R0(inner)"
        }
    },
    "info": {
        "description": "JSON data file for stationary bowshock arcs",
        "history": [
            "Initially created by find-xy-shell.py: <will@mac> 2017-11-23 16:45",
            "Circle fits added by fit-circle-shell.py: <will@mac> 2017-11-23 16:45",
            "Circle fits added by fit-circle-shell.py: <will@mac> 2017-11-23 16:49",
            "Circle fits added by fit-circle-shell.py: <will@mac> 2017-11-23 16:51",
            "Circle fits added by fit-circle-shell.py: <will@mac> 2017-11-23 16:53"
        ],
        "region": "A16-Halpha-i60-forma.reg"
    }
}