{
    "star": {
        "id": "A16-Halpha-i30",
        "RA": "2:01:09.952",
        "Dec": "-59:51:01.62",
        "RA_dg": 30.29146666666666,
        "Dec_dg": -59.85045,
        "PA": 59.873241441935996,
        "D": 243940.55096020768
    },
    "outer": {
        "PA0": 0.7686177881606113,
        "R0": 62.874520193003264,
        "x": [
            -113.22546623154282,
            -112.50521698686323,
            -111.21358596352664,
            -105.48240745234136,
            -96.79517297667651,
            -89.79482738081768,
            -84.73676219135642,
            -83.36358494531338,
            -80.54248630938984,
            -74.00016165227474,
            -61.4409654274002,
            -49.91976936504351,
            -40.16759424941076,
            -28.635468272480935,
            -15.301709358403517,
            -0.41458092715080425,
            13.05545185246141,
            26.065350670726552,
            37.74781149737686,
            49.91940706376336,
            59.36154845464364,
            68.85520213340442,
            76.34207875456624,
            81.92055751816936,
            83.5888153544284,
            87.2280551283199,
            93.4156857976573,
            99.01996617453091,
            109.91347532382802,
            114.85993587517804
        ],
        "y": [
            -41.18352365887214,
            -30.232839501138784,
            -17.951627315141167,
            -7.976439089625271,
            -0.18910206038786564,
            8.02635180567777,
            15.160037772487117,
            23.35100319767328,
            30.282934287551353,
            40.4471548628243,
            48.304252455737796,
            54.919605220999614,
            58.31327010801595,
            59.66657973639326,
            62.129023390429026,
            62.87999928312286,
            62.15928907337861,
            60.65716616763163,
            57.58405649071231,
            54.049605287909195,
            49.86530055534992,
            44.6602218817018,
            37.44568532370368,
            28.851999810852007,
            22.16084597772432,
            11.398248963302846,
            3.9435820752426345,
            -6.520922609497451,
            -14.6204257421153,
            -33.14507598431767
        ],
        "X": [
            -42.69868203051487,
            -31.739321409900263,
            -19.441887674168264,
            -9.390716057606248,
            -1.4875447390316554,
            6.821076109410541,
            14.021971657040579,
            22.23062056903446,
            29.199771585967625,
            39.450839670489174,
            47.475705740505454,
            54.24501445104341,
            57.76919461925643,
            59.27708028346341,
            61.918168195814424,
            62.86878003120884,
            62.32882854237405,
            61.001362196888266,
            58.08524350683513,
            54.71438630398986,
            50.657119757390326,
            45.57986212951782,
            38.46640749706695,
            29.948327783876397,
            23.280154870528307,
            12.567344872949976,
            5.196352770846121,
            -5.192031664631537,
            -13.144674941856072,
            -31.601304024219438
        ],
        "Y": [
            -112.66282162793594,
            -112.08953523858436,
            -110.96276686255383,
            -105.36591628424098,
            -96.7839267741465,
            -89.89441733705702,
            -84.9325021578128,
            -83.66932624557131,
            -80.94146989825254,
            -74.5360819358882,
            -62.08341487385802,
            -50.65199717973297,
            -40.94622389815936,
            -29.433289549275166,
            -16.133762859679273,
            -1.2580479236357565,
            12.22044081509019,
            25.24931926210431,
            36.97195317424696,
            49.18986648441176,
            58.687288677309,
            68.24991170403786,
            75.83289413044858,
            81.52615101991873,
            83.28401729029024,
            87.06730456229242,
            93.3543791715832,
            99.09853147286172,
            110.09971129533174,
            115.29422585379139
        ],
        "R": [
            120.48273247362513,
            116.49655974990333,
            112.65310748545045,
            105.78356140011671,
            96.79535769433352,
            90.15283327582861,
            86.08220264339039,
            86.57226256297237,
            86.0473602730636,
            84.33265240142802,
            78.15556946218636,
            74.21688764081652,
            70.80870778707745,
            66.1822542727553,
            63.985606637254996,
            62.881365977455424,
            63.51552598522493,
            66.02040830739855,
            68.85361889375926,
            73.57517946547252,
            77.52639314716238,
            82.07054452941577,
            85.03112570071168,
            86.85283897014017,
            86.47654680203844,
            87.96961794221144,
            93.4988887240421,
            99.23445033295796,
            110.88159859346572,
            119.54664751157267
        ],
        "theta": [
            -110.75647366546838,
            -105.81002327917356,
            -99.93797041447391,
            -95.093018245024,
            -90.8805524625876,
            -85.66078286885971,
            -80.62528973795652,
            -75.12050840996244,
            -70.16300571890415,
            -62.10839659246301,
            -52.59455415951594,
            -43.0382256063043,
            -35.32863055544283,
            -26.406119287665785,
            -14.604582323182328,
            -1.1463753180169676,
            11.092927983484369,
            22.485349495101307,
            32.477241377360976,
            41.956487440072806,
            49.20021759379466,
            56.2635081255463,
            63.10349459435429,
            69.82938016488838,
            74.38287237586947,
            81.78662044227579,
            86.8140523471706,
            92.9991337938592,
            96.80825015593688,
            105.32790975209764
        ],
        "Rc": 141.01374757875757,
        "xc": -0.4969286335551651,
        "yc": -77.95979774711218,
        "PAc": 0.3652078205644086,
        "R90": [
            95.6747926713982,
            96.45328782178835
        ]
    },
    "thickness": {
        "h0": 0.0
    },
    "help": {
        "arcs": {
            "PA0": "[deg] Position angle of symmetry axis",
            "R0": "[arcsec] Radius along symmetry axis",
            "x": "(list) [arcsec] RA offsets from star of shell points",
            "y": "(list) [arcsec] Dec offsets from star of shell points",
            "X": "(list) [arcsec] Offsets from star parallel to axis of shell points",
            "Y": "(list) [arcsec] Offsets from star perpendicular to axis of shell points",
            "R": "(list) [arcsec] Radii of shell points from star",
            "theta": "(list) [deg] Angle from axis of shell points",
            "h": "[arcsec] Bowshock width along symmetry axis"
        },
        "star": {
            "id": "Source identifier deduced from region filename",
            "RA": "[HH:MM:SS] Right ascension of source",
            "Dec": "[deg:arcmin:arcsec] Declination of source",
            "RA_dg": "[deg] Right ascension of source",
            "Dec_dg": "[deg] Declination of source",
            "PA": "[deg] Position Angle of th^1 C from source",
            "D": "[arcsec] Distance of th^1 C from source",
            "PA_binary": "[deg] Position Angle of primary from source",
            "D_binary": "[arcsec] Distance of primary from source"
        },
        "thickness": {
            "h0": "Shell thickness on axis: h0 = R0(outer) - R0(inner)"
        }
    },
    "info": {
        "description": "JSON data file for stationary bowshock arcs",