{
    "star": {
        "id": "A16-Halpha-i30",
        "RA": "2:01:09.952",
        "Dec": "-59:51:01.62",
        "RA_dg": 30.29146666666666,
        "Dec_dg": -59.85045,
        "PA": 59.873241441935996,
        "D": 243940.55096020768
    },
    "outer": {
        "PA0": 353.1236796284589,
        "R0": 60.10154808803745,
        "x": [
            -109.05619052706031,
            -108.60442209412076,
            -106.7464321099724,
            -94.59648409445516,
            -91.2037857976033,
            -80.57935858091884,
            -81.10384835844305,
            -80.56685419548204,
            -75.22837023812653,
            -72.30093701992558,
            -61.98203602641117,
            -48.7876958181091,
            -40.15851565168089,
            -25.273038817289393,
            -13.612865609298298,
            -0.4070345698001588,
            11.110468547469335,
            23.283397271609413,
            33.0134091884788,
            46.57962657771601,
            54.620628195978185,
            63.277597868509396,
            70.4855883450177,
            78.29587492440251,
            79.67799446420747,
            82.50154171544318,
            89.51927825759822,
            95.6739789060173,
            107.13205052492303,
            112.06562988737373
        ],
        "y": [
            -37.8196529027717,
            -29.379238517439102,
            -18.207563261619892,
            -8.207348620956433,
            -1.8347155954184078,
            6.672903561819231,
            13.50255141387608,
            21.69291574810002,
            28.07638751967514,
            34.598190793450605,
            45.233973421067596,
            51.30007100418791,
            53.71327286266673,
            56.607335729834546,
            58.78922704598561,
            60.369999308965944,
            59.639485108343756,
            57.85773873742627,
            54.49545375756971,
            52.08094947918394,
            49.5675547085436,
            43.803296215221756,
            36.02927250090807,
            28.83442279963949,
            22.143510180160735,
            8.031595755533191,
            2.25655620638898,
            -7.928204201315299,
            -16.587906803464907,
            -33.15242881436117
        ],
        "X": [
            -24.490692920309613,
            -16.165079879352255,
            -5.29621421102354,
            3.1773967985739318,
            9.097994880359284,
            16.272392101276345,
            23.11570901273048,
            31.182866854255142,
            36.88126354415737,
            43.00566345433605,
            52.32949566628355,
            56.77224662570395,
            58.1349482655972,
            59.22600731854052,
            59.99617196140377,
            59.98448520009091,
            57.880274921961764,
            54.65392224657647,
            50.15088188473921,
            46.12950916430809,
            42.671472216104505,
            35.91220758598121,
            27.331115418170423,
            19.252920386475434,
            12.444659733095344,
            -1.9037999226470819,
            -8.477508357688452,
            -19.325889827696468,
            -29.295137599907832,
            -46.33118984254594
        ],
        "Y": [
            -112.79975531109854,
            -111.34069492668296,
            -108.15852367319826,
            -94.89868030696127,
            -90.76741273324988,
            -79.20082023918664,
            -78.90384724506443,
            -77.39011179317436,
            -71.32575708834797,
            -67.63854826200546,
            -56.12048667598663,
            -42.29478172712691,
            -33.438747750505335,
            -18.313847400112422,
            -6.476316602740352,
            6.823784066457249,
            18.17097879286601,
            30.043024204980405,
            39.30049252455104,
            52.48004663710575,
            60.16228854704557,
            68.06685314915505,
            74.29223897074735,
            81.18493102145305,
            81.75602906859305,
            82.86969567736955,
            89.14552752504868,
            94.03657077932253,
            104.3754272556408,
            107.290306114388
        ],
        "R": [
            115.42780790589677,
            112.50804484241348,
            108.28811628306606,
            94.95185819360475,
            91.2222381063476,
            80.85518332956545,
            82.22015028710231,
            83.4362067007497,
            80.29689424155589,
            80.15273108347124,
            76.73255594229337,
            70.79503194628181,
            67.06580396122594,
            61.99287821589202,
            60.34470421471351,
            60.37137147444607,
            60.66556432880734,
            62.3669345111323,
            63.71530166678453,
            69.87193221009977,
            73.75876560997851,
            76.95962026496262,
            79.16013290342548,
            83.43661047984902,
            82.69774993878103,
            82.89156118571607,
            89.54771479872554,
            96.00190967666632,
            108.4086477260698,
            116.86654328055192
        ],
        "theta": [
            -102.24974061233306,
            -98.26080927086322,
            -92.8033716027262,
            -88.08233958232987,
            -84.2761239328478,
            -78.38972762273264,
            -73.67150079380225,
            -68.05397163645199,
            -62.65733001773777,
            -57.55115114331669,
            -47.002023183403466,
            -36.68575892245274,
            -29.907161567741802,
            -17.182638319905937,
            -6.16096563943296,
            6.490019065376787,
            17.429200133460782,
            28.797404662251132,
            38.08385011678359,
            48.684807307781945,
            54.65296061355145,
            62.18378151420777,
            69.80211000399775,
            76.65882328981776,
            81.34504385170384,
            91.31604823500082,
            95.43234344061638,
            101.61341959105316,
            105.67788158319972,
            113.35614320020098
        ],
        "Rc": 128.38457748988716,
        "xc": 1.2037756722262305,
        "yc": -68.31334297608683,
        "PAc": -1.0095264701629323,
        "R90": [
            100.36898185375016,
            82.86598051804738
        ]
    },
    "thickness": {
        "h0": 0.0
    },
    "help": {
        "arcs": {
            "PA0": "[deg] Position angle of symmetry axis",
            "R0": "[arcsec] Radius along symmetry axis",
            "x": "(list) [arcsec] RA offsets from star of shell points",
            "y": "(list) [arcsec] Dec offsets from star of shell points",
            "X": "(list) [arcsec] Offsets from star parallel to axis of shell points",
            "Y": "(list) [arcsec] Offsets from star perpendicular to axis of shell points",
            "R": "(list) [arcsec] Radii of shell points from star",
            "theta": "(list) [deg] Angle from axis of shell points",
            "h": "[arcsec] Bowshock width along symmetry axis"
        },
        "star": {
            "id": "Source identifier deduced from region filename",
            "RA": "[HH:MM:SS] Right ascension of source",
            "Dec": "[deg:arcmin:arcsec] Declination of source",
            "RA_dg": "[deg] Right ascension of source",
            "Dec_dg": "[deg] Declination of source",
            "PA": "[deg] Position Angle of th^1 C from source",
            "D": "[arcsec] Distance of th^1 C from source",
            "PA_binary": "[deg] Position Angle of primary from source",
            "D_binary": "[arcsec] Distance of primary from source"
        },
        "thickness": {
            "h0": "Shell thickness on axis: h0 = R0(outer) - R0(inner)"
        }
    },
    "info": {
        "description": "JSON data file for stationary bowshock arcs",