{
    "star": {
        "id": "A16-12mic-i60",
        "RA": "2:00:22.979",
        "Dec": "-59:46:22.63",
        "RA_dg": 30.095745833333332,
        "Dec_dg": -59.772952777777775,
        "PA": 60.08993157965628,
        "D": 244107.75517733785
    },
    "outer": {
        "PA0": 359.23540959342336,
        "R0": 51.16167369860128,
        "x": [
            -82.31764763905366,
            -76.8300455919535,
            -70.317481875097,
            -63.91041469782151,
            -58.972746456168316,
            -53.988584471205705,
            -49.373895422142134,
            -44.38149871758554,
            -38.64843630546259,
            -30.686297547170554,
            24.469253690177126,
            34.53905636758598,
            40.18131272834917,
            46.12526004768662,
            50.316029168425914,
            54.597521832414145,
            59.3465429272025,
            66.88934007979151,
            75.36569266477841,
            77.15949385295731
        ],
        "y": [
            -0.5481921450545805,
            14.795444844403942,
            23.539432951689452,
            33.593011767546884,
            38.36553599889236,
            41.40787791318844,
            43.39986181321171,
            45.821808570555405,
            47.84378828535538,
            48.72608408657344,
            50.167510112332636,
            48.63503904374374,
            45.833285650141946,
            42.481151964528365,
            38.29947071861176,
            34.93760217824079,
            30.475350988617652,
            25.111389722314726,
            16.076372229270454,
            -1.4147699113696208
        ],
        "X": [
            0.550321791032181,
            15.819364821163408,
            24.475669271380504,
            34.442855596125604,
            39.1490655400189,
            42.12462679612084,
            44.05485388945776,
            46.409965341483506,
            48.3552617541968,
            49.13123043465096,
            49.83652009010875,
            48.16981176768689,
            45.293016304414415,
            41.86186372223848,
            37.62463224364182,
            34.20592984072867,
            29.680703960477217,
            24.216567516702526,
            15.069244137362524,
            -2.4442775096542717
        ],
        "Y": [
            -82.31763342918461,
            -76.62577105948358,
            -69.99710547343852,
            -63.45645156204767,
            -58.455537328888894,
            -53.431221432469336,
            -48.79036178735537,
            -43.76609059646487,
            -38.00655689528345,
            -30.033353518089484,
            25.13652148435481,
            35.1849779283059,
            40.78934468839813,
            46.68803114718805,
            50.822625838639965,
            55.05887575983642,
            59.74792873146516,
            67.21847638711371,
            75.5735089566738,
            77.13374471009736
        ],
        "R": [
            82.31947295418804,
            78.2416838635612,
            74.15290392790884,
            72.20132648685939,
            70.35409850936773,
            68.03954443173494,
            65.7368203867703,
            63.791500759079746,
            61.50389992798267,
            57.58367935070935,
            55.816874214033554,
            59.65160046092443,
            60.952669884599004,
            62.707159772230696,
            63.234106687796945,
            64.81917491148707,
            66.71401033733265,
            71.44764313884662,
            77.0612572885746,
            77.17246312997061
        ],
        "theta": [
            -89.61696364496356,
            -78.33518663456795,
            -70.7269591464451,
            -61.507801328597324,
            -56.188837679236485,
            -51.74811645436119,
            -47.91980262638776,
            -43.32062424918163,
            -38.16684963829453,
            -31.436962831323942,
            26.765443008354133,
            36.145747611526694,
            42.00512018174944,
            48.119661662820995,
            53.48698598975141,
            58.1489297698981,
            63.58340352228327,
            70.1876056012931,
            78.72320938876956,
            91.81502838415297
        ],
        "Rc": 102.46162808070028,
        "xc": -3.190012019608227,
        "yc": -48.13913976474913,
        "PAc": 3.791247480376429,
        "R90": [
            -999.0,
            77.1570457339091
        ]
    },
    "thickness": {
        "h0": 0.0
    },
    "help": {
        "arcs": {
            "PA0": "[deg] Position angle of symmetry axis",
            "R0": "[arcsec] Radius along symmetry axis",
            "x": "(list) [arcsec] RA offsets from star of shell points",
            "y": "(list) [arcsec] Dec offsets from star of shell points",
            "X": "(list) [arcsec] Offsets from star parallel to axis of shell points",
            "Y": "(list) [arcsec] Offsets from star perpendicular to axis of shell points",
            "R": "(list) [arcsec] Radii of shell points from star",
            "theta": "(list) [deg] Angle from axis of shell points",
            "h": "[arcsec] Bowshock width along symmetry axis"
        },
        "star": {
            "id": "Source identifier deduced from region filename",
            "RA": "[HH:MM:SS] Right ascension of source",
            "Dec": "[deg:arcmin:arcsec] Declination of source",
            "RA_dg": "[deg] Right ascension of source",
            "Dec_dg": "[deg] Declination of source",
            "PA": "[deg] Position Angle of th^1 C from source",
            "D": "[arcsec] Distance of th^1 C from source",
            "PA_binary": "[deg] Position Angle of primary from source",
            "D_binary": "[arcsec] Distance of primary from source"
        },
        "thickness": {
            "h0": "Shell thickness on axis: h0 = R0(outer) - R0(inner)"
        }
    },
    "info": {
        "description": "JSON data file for stationary bowshock arcs",
        "history": [
            "Initially created by find-xy-shell.py: <will@mac> 2017-11-23 16:45",
            "Circle fits added by fit-circle-shell.py: <will@mac> 2017-11-23 16:45",
            "Circle fits added by fit-circle-shell.py: <will@mac> 2017-11-23 16:49",
            "Circle fits added by fit-circle-shell.py: <will@mac> 2017-11-23 16:51",
            "Circle fits added by fit-circle-shell.py: <will@mac> 2017-11-23 16:52"
        ],
        "region": "A16-12mic-i60-forma.reg"
    }
}