{
    "star": {
        "id": "A16-20mic-i60",
        "RA": "2:00:24.296",
        "Dec": "-59:41:44.75",
        "RA_dg": 30.101233333333326,
        "Dec_dg": -59.695763888888884,
        "PA": 60.111954086855825,
        "D": 243960.60782365248
    },
    "outer": {
        "PA0": 359.1500141966877,
        "R0": 43.334099588107264,
        "x": [
            -81.78778097649476,
            -77.57212676315841,
            -74.02820416266128,
            -65.5737683783918,
            -58.61385982346039,
            -47.571117523186935,
            -38.0849503548883,
            -29.28700827750691,
            -24.26702936953567,
            -17.02839507430065,
            16.65763680929548,
            24.494380940377827,
            29.294621185028063,
            36.63135653520259,
            46.68438482913186,
            57.94746745120755,
            66.3315499739436,
            73.05243122810589,
            79.57186083063749,
            83.59026347957497
        ],
        "y": [
            -13.307747650676236,
            -1.9449583097997305,
            7.537272055607428,
            22.422169385782805,
            32.195754835770806,
            40.29061744620863,
            42.82398644914576,
            43.69644392651815,
            43.707558515899,
            42.508797810552316,
            44.298849610077895,
            44.70751257730203,
            43.866442083100665,
            43.30443675383215,
            38.02096378116831,
            31.87607686542598,
            23.791755128247004,
            8.647867492348723,
            0.4537388841863465,
            -11.44898366451851
        ],
        "X": [
            -12.093001914693177,
            -0.7940000557998257,
            8.634614566474752,
            23.39245661753204,
            33.06171979784147,
            40.991878036169645,
            43.38424566326923,
            44.12609400684301,
            44.062738462347,
            42.75672809633627,
            44.046867256877086,
            44.33923102241695,
            43.427043881204355,
            42.7562635436393,
            37.32424023452728,
            31.01294721097799,
            22.805141322585907,
            7.563219121790275,
            -0.726720348448401,
            -12.687744174227827
        ],
        "Y": [
            -81.97619513788369,
            -77.59244342909795,
            -73.90824658234914,
            -65.23393099227268,
            -58.12980196816724,
            -46.9681914881698,
            -37.44548687305361,
            -28.635570421581562,
            -23.615979019330293,
            -16.39592426796529,
            17.312955429439054,
            25.15489953950726,
            29.942134712546316,
            37.26972567597781,
            47.24327004599368,
            58.4139569420562,
            66.67718997742128,
            73.17267958068878,
            79.5698359465477,
            83.41122540344631
        ],
        "R": [
            82.86336503300573,
            77.59650580655276,
            74.41092313356219,
            69.30131874147644,
            66.87414442704537,
            62.340557236855,
            57.30931214847135,
            52.60330850498002,
            49.9923932798045,
            45.79262091325287,
            47.327211420563266,
            50.97780280182703,
            52.74883478717155,
            56.71975426758986,
            60.20818444134808,
            66.1361721022566,
            70.46929923043257,
            73.56251301105993,
            79.57315448708417,
            84.37067841101657
        ],
        "theta": [
            -98.39166206768525,
            -90.58628472459766,
            -83.33640816501156,
            -70.27250181349459,
            -60.370651472722095,
            -48.88690108701071,
            -40.79788891304097,
            -32.98150187012708,
            -28.189642866464503,
            -20.980322351460167,
            21.457684820732663,
            29.567467751502353,
            34.58553703013764,
            41.077970176115,
            51.68972849515647,
            62.035419547184546,
            71.11812548445037,
            84.09879274120117,
            90.52327431227336,
            98.64900476997111
        ],
        "Rc": 214.24326031029895,
        "xc": -0.9411260460038887,
        "yc": -169.0000422837961,
        "PAc": 0.3190649676899709,
        "R90": [
            77.33889335691072,
            79.08358746912424
        ]
    },
    "thickness": {
        "h0": 0.0
    },
    "help": {
        "arcs": {
            "PA0": "[deg] Position angle of symmetry axis",
            "R0": "[arcsec] Radius along symmetry axis",
            "x": "(list) [arcsec] RA offsets from star of shell points",
            "y": "(list) [arcsec] Dec offsets from star of shell points",
            "X": "(list) [arcsec] Offsets from star parallel to axis of shell points",
            "Y": "(list) [arcsec] Offsets from star perpendicular to axis of shell points",
            "R": "(list) [arcsec] Radii of shell points from star",
            "theta": "(list) [deg] Angle from axis of shell points",
            "h": "[arcsec] Bowshock width along symmetry axis"
        },
        "star": {
            "id": "Source identifier deduced from region filename",
            "RA": "[HH:MM:SS] Right ascension of source",
            "Dec": "[deg:arcmin:arcsec] Declination of source",
            "RA_dg": "[deg] Right ascension of source",
            "Dec_dg": "[deg] Declination of source",
            "PA": "[deg] Position Angle of th^1 C from source",
            "D": "[arcsec] Distance of th^1 C from source",
            "PA_binary": "[deg] Position Angle of primary from source",
            "D_binary": "[arcsec] Distance of primary from source"
        },
        "thickness": {
            "h0": "Shell thickness on axis: h0 = R0(outer) - R0(inner)"
        }
    },
    "info": {
        "description": "JSON data file for stationary bowshock arcs",
        "history": [
            "Initially created by find-xy-shell.py: <will@mac> 2017-11-23 23:04",
            "Circle fits added by fit-circle-shell.py: <will@mac> 2017-11-23 23:05"
        ],
        "region": "A16-20mic-i60-forma.reg"
    }
}