{
    "star": {
        "id": "A16-20mic-i30",
        "RA": "2:01:09.676",
        "Dec": "-59:41:43.22",
        "RA_dg": 30.29031666666666,
        "Dec_dg": -59.695338888888884,
        "PA": 59.92933010919616,
        "D": 243662.3212143661
    },
    "outer": {
        "PA0": 0.4520970838911158,
        "R0": 40.74062100933455,
        "x": [
            -90.14883793470104,
            -85.39424672652288,
            -78.4149248434561,
            -70.85174716415135,
            -62.92252666099307,
            -53.90209556411289,
            -42.20766723537698,
            -30.883000641579113,
            -20.60929973688462,
            -10.312361518311935,
            1.9231670422134906,
            12.57619045548313,
            20.556322227046184,
            30.950908058160984,
            42.737940826493904,
            53.45600683105266,
            62.69580377896016,
            70.91998559807074,
            78.72565901049899,
            85.56162452564972,
            91.82271498416641
        ],
        "y": [
            -17.013711424108212,
            -9.08024699439407,
            0.6244974546015621,
            10.549181598320788,
            17.743581642595455,
            24.69795239256455,
            30.4826133246686,
            35.84604557095335,
            38.438238993789355,
            40.079559095940326,
            40.70998466585895,
            39.64934426590512,
            38.568248037836916,
            34.93602812800703,
            31.36242661614015,
            25.98815111838252,
            18.47369985681864,
            10.739141514568987,
            1.2442950839136118,
            -7.850365337318675,
            -15.214974367736142
        ],
        "X": [
            -17.724501254430933,
            -9.753767691714158,
            0.005744988586963129,
            9.989797431393775,
            17.246539031010993,
            24.271869006584623,
            30.14862475515347,
            35.60124732570123,
            38.274424697228575,
            39.996941703262394,
            40.723892095293756,
            39.74734240306983,
            38.72924706596591,
            35.17915871644348,
            31.69867404369958,
            26.409136757844774,
            18.967826049760443,
            11.29840140107167,
            1.8654412216939686,
            -7.174996887158739,
            -14.489973514615691
        ],
        "Y": [
            -90.01178485443724,
            -85.31994066620967,
            -78.41741134640176,
            -70.9327798404017,
            -63.06057359684139,
            -54.09529677814274,
            -42.446876374198915,
            -31.164882489059565,
            -20.911955113872086,
            -10.628288281523226,
            1.601885007607477,
            12.262945770979137,
            20.251359507787004,
            30.67428178440225,
            42.489145122171585,
            53.249283193099295,
            62.548085285128636,
            70.83304062004372,
            78.71339013116902,
            85.62090426447796,
            91.93991026545578
        ],
        "R": [
            91.74028208698631,
            85.87565580226719,
            78.41741155684542,
            71.63278096379602,
            65.37644110006933,
            59.29101752026308,
            52.064161268127414,
            47.31488890088024,
            43.61469308144242,
            41.38497139553601,
            40.755385202040806,
            41.596046291550934,
            43.70437209490904,
            46.67424097921286,
            53.01069127394653,
            59.438444334230645,
            65.36085524141875,
            71.7284707609224,
            78.73549172319439,
            85.92100923172188,
            93.07473573464674
        ],
        "theta": [
            -101.13976918700354,
            -96.52173559040068,
            -89.99580241692318,
            -81.98348902627075,
            -74.70412671477274,
            -65.83483511635379,
            -54.61507032316172,
            -41.198493387179155,
            -28.650819878903597,
            -14.881168900580855,
            2.2525832577172133,
            17.146166640139256,
            27.60487774449461,
            41.08662900342326,
            53.27552644449459,
            63.620754071920324,
            73.12997292256524,
            80.93723887132779,
            88.64239228657253,
            94.79017110856938,
            98.95629762293407
        ],
        "Rc": 97.26884151751136,
        "xc": 0.26327015230949763,
        "yc": -56.66154559956365,
        "PAc": -0.2662151180486901,
        "R90": [
            78.4222088170985,
            80.32226221006374
        ]
    },
    "thickness": {
        "h0": 0.0
    },
    "help": {
        "arcs": {
            "PA0": "[deg] Position angle of symmetry axis",
            "R0": "[arcsec] Radius along symmetry axis",
            "x": "(list) [arcsec] RA offsets from star of shell points",
            "y": "(list) [arcsec] Dec offsets from star of shell points",
            "X": "(list) [arcsec] Offsets from star parallel to axis of shell points",
            "Y": "(list) [arcsec] Offsets from star perpendicular to axis of shell points",
            "R": "(list) [arcsec] Radii of shell points from star",
            "theta": "(list) [deg] Angle from axis of shell points",
            "h": "[arcsec] Bowshock width along symmetry axis"
        },
        "star": {
            "id": "Source identifier deduced from region filename",
            "RA": "[HH:MM:SS] Right ascension of source",
            "Dec": "[deg:arcmin:arcsec] Declination of source",
            "RA_dg": "[deg] Right ascension of source",
            "Dec_dg": "[deg] Declination of source",
            "PA": "[deg] Position Angle of th^1 C from source",
            "D": "[arcsec] Distance of th^1 C from source",
            "PA_binary": "[deg] Position Angle of primary from source",
            "D_binary": "[arcsec] Distance of primary from source"
        },
        "thickness": {
            "h0": "Shell thickness on axis: h0 = R0(outer) - R0(inner)"
        }
    },
    "info": {
        "description": "JSON data file for stationary bowshock arcs",
        "history": [
            "Initially created by find-xy-shell.py: <will@mac> 2017-11-23 16:45",
            "Circle fits added by fit-circle-shell.py: <will@mac> 2017-11-23 16:45",
            "Circle fits added by fit-circle-shell.py: <will@mac> 2017-11-23 16:49",
            "Circle fits added by fit-circle-shell.py: <will@mac> 2017-11-23 16:51",
            "Circle fits added by fit-circle-shell.py: <will@mac> 2017-11-23 16:52"
        ],
        "region": "A16-20mic-i30-forma.reg"
    }
}