{
    "star": {
        "id": "A16-12mic-i00",
        "RA": "2:01:56.154",
        "Dec": "-59:46:21.75",
        "RA_dg": 30.483974999999994,
        "Dec_dg": -59.772708333333334,
        "PA": 59.71442241498939,
        "D": 243498.57545132094
    },
    "outer": {
        "PA0": 7.225093259005642,
        "R0": 44.2627592703357,
        "x": [
            -85.87373258845632,
            -84.28379653824584,
            -81.95981360165497,
            -80.07396048272987,
            -77.72725348195901,
            -73.47815004754636,
            -70.47418770607625,
            -66.98933603260635,
            -64.59672486370108,
            -61.057660053101976,
            -58.56646442029214,
            -56.392317139669295,
            -54.11959134333138,
            -52.16396523016391,
            -50.61633805120885,
            -48.290350912617455,
            -45.96422705431387,
            -44.66530756100049,
            -43.10937912144056,
            -41.6743322731076,
            -40.35254766172205,
            -37.656031710879866,
            -34.70285909373934,
            -30.76751336665211,
            -26.968109540102112,
            -24.815294397591707,
            -23.357395281824548,
            -12.630608402056783,
            -1.7903684351347893,
            9.344550595619786,
            18.764490229263576,
            20.411245767632234,
            22.32989135005804,
            26.348419767524845,
            29.89852533515795,
            33.0104524710377,
            35.510473358537496,
            37.051250777435875,
            40.080253161551916,
            42.572661158102925,
            46.0543427306632,
            48.60710196905535,
            50.986067556688674,
            52.91879283281399,
            54.66980635349389,
            56.44280439467582,
            59.8540299561354,
            61.58908926959637,
            67.58140571231966,
            69.82280852512847,
            72.90944218688968,
            75.22607810954564,
            77.22545086838342,
            79.17944832406641,
            81.54789344044124,
            84.49716278941308,
            87.22832244754754
        ],
        "y": [
            -12.860683730983716,
            -8.219556771708415,
            -5.707948637503725,
            -2.8166765527298567,
            -0.11513523029636086,
            3.7675385888224193,
            6.529338128165203,
            13.921332286616849,
            16.682642400131776,
            22.724493110530542,
            25.315733022595865,
            27.73677291621868,
            29.49781778773532,
            31.078682461395974,
            33.03934424196946,
            34.300301187581404,
            35.331213141819035,
            36.1817028120013,
            36.58227084172827,
            37.07277689392073,
            37.46322784258895,
            38.10410272128922,
            39.45499150052775,
            40.48606306928927,
            41.67697539132232,
            42.16743902648485,
            42.407731106700396,
            43.25933654665785,
            44.93998666970572,
            43.45963685683096,
            42.47853567148769,
            42.19826737285233,
            41.64792632103802,
            40.51711276586287,
            39.37628227744212,
            38.28546805346148,
            37.22475556136099,
            36.57429054767011,
            36.39331886357422,
            35.452462023040695,
            33.95117854101384,
            33.0601734225688,
            32.10918790930631,
            29.90835242940905,
            26.90756852582481,
            22.656748598160544,
            17.265097705912602,
            13.30422062384063,
            5.800999419029561,
            3.22971769049059,
            -0.07211584860662244,
            -2.7335441817203145,
            -5.414812952808804,
            -8.066085138690456,
            -11.837669981593924,
            -16.19970880446379,
            -19.10166121909521
        ],
        "X": [
            -23.558710488725804,
            -18.754472754358844,
            -15.97052544996009,
            -12.865031426647613,
            -9.889801103698018,
            -5.503556735085605,
            -2.3858851516641826,
            5.385696345773785,
            8.425994141518473,
            14.86497097745497,
            17.748947721629836,
            20.424201433032692,
            22.457098666712586,
            24.27136547789248,
            26.41110059978727,
            27.95457930611547,
            29.269856838739216,
            30.276955532369207,
            30.870028522759277,
            31.537122399009814,
            32.09071090353359,
            33.06563173804748,
            34.777207886351654,
            36.29503194451968,
            37.954330470879064,
            38.711654354545765,
            39.133395106767786,
            41.3273221724278,
            44.35797980731882,
            44.28979786231748,
            44.50121130610249,
            44.430277120326494,
            44.125609629068634,
            43.50917624481622,
            42.82389298701883,
            42.13312014442561,
            41.39525195873573,
            40.94373189793262,
            41.145147928727766,
            40.52522625060095,
            39.47374656820812,
            38.910871013872814,
            38.266633693525975,
            36.326347941050095,
            33.56961210852873,
            29.575530837132252,
            24.655713277184418,
            20.94450115502663,
            14.254497688208124,
            11.985528808294491,
            9.09811167081184,
            6.749173873336668,
            4.3406517092990295,
            1.9561812002509682,
            -1.487582223595478,
            -5.4440623105171335,
            -7.979480651363653
        ],
        "Y": [
            -83.57441172279047,
            -82.58080421096521,
            -80.59115360955312,
            -79.08390342278163,
            -77.09559665829987,
            -73.36854738027527,
            -70.73578260870696,
            -68.20827596116891,
            -66.18194650578411,
            -63.43085271482747,
            -61.285332241406245,
            -59.43293699633081,
            -57.39973990255669,
            -55.65846377603859,
            -54.3697131752737,
            -52.22078272719237,
            -50.04278440907216,
            -48.861142860003675,
            -47.36794746637948,
            -46.005985130477036,
            -44.74380199405402,
            -42.14929852523263,
            -39.38947315230459,
            -35.615050719658974,
            -31.995593578540365,
            -29.92155689842429,
            -28.505454905810694,
            -17.970946249974514,
            -7.4281524230693075,
            3.8045324123703037,
            13.273065909864096,
            14.941994447476212,
            16.914620581350743,
            21.043460590522233,
            24.70885696761878,
            27.933263742546362,
            30.546837152531253,
            32.15718786691474,
            35.18489950707532,
            37.775846501638995,
            41.41869554375254,
            44.06324483628302,
            46.54292404711877,
            48.73709701233537,
            50.85160876101561,
            53.145144657604654,
            57.20737979996929,
            59.426812760177754,
            66.31521158806329,
            68.86220128548436,
            72.33959029967245,
            74.9725532682751,
            77.29326751973657,
            79.56519415850056,
            82.38917680311373,
            85.8636318261067,
            88.93807726096244
        ],