{
    "star": {
        "id": "A16-12mic-i30",
        "RA": "2:01:09.540",
        "Dec": "-59:46:22.80",
        "RA_dg": 30.289749999999994,
        "Dec_dg": -59.772999999999996,
        "PA": 59.90232265276143,
        "D": 243803.35646749428
    },
    "outer": {
        "PA0": 359.6725982211541,
        "R0": 41.660865107949434,
        "x": [
            -87.84371790107956,
            -85.42294608367202,
            -83.3796313371592,
            -81.3065334626698,
            -78.77260672876209,
            -74.14696333399111,
            -70.67531119351507,
            -67.42909441662,
            -65.1196582856787,
            -61.178679525608096,
            -58.34042090668588,
            -55.22183964264697,
            -51.7784131665165,
            -47.94973167328861,
            -44.551486274357586,
            -40.78274608842038,
            -35.43496471862225,
            -30.328999455099133,
            -27.0733151451769,
            -22.420092893720696,
            -17.774491007133957,
            -14.752961991440912,
            10.409438846670618,
            14.193986064107214,
            18.900098526626177,
            22.98661732993558,
            26.476589258073673,
            29.037099983554977,
            31.507201711814606,
            34.037403498467015,
            37.16419877792351,
            40.351252106810534,
            43.93111416465077,
            47.699437944840504,
            51.47537453650431,
            55.23608231817162,
            58.301724038435765,
            61.96324017531564,
            64.5904297319937,
            67.5493562416812,
            71.1567285303414,
            75.22407221022652,
            77.59951132779997,
            79.80782553731581,
            79.75135068929659,
            79.77105547926506
        ],
        "y": [
            -12.822108042420481,
            -8.640361601932439,
            -4.358925329244899,
            0.7624964558167118,
            5.89418527122483,
            11.727129249587625,
            15.69922154927004,
            18.041086890254558,
            21.07236074148144,
            24.114431596933358,
            27.49584306009744,
            29.37731634414944,
            31.368849042070387,
            33.58043735190589,
            35.84174492325156,
            37.4230825934974,
            38.37477783543294,
            40.026174430756896,
            40.27695167144589,
            40.29790948338932,
            40.77868607303344,
            41.25909482323361,
            41.56954936144033,
            41.429162117686616,
            41.19851439507971,
            40.187802497466386,
            40.437084571926725,
            39.286493374720656,
            39.2258714001909,
            38.00518162190561,
            36.46425561191312,
            34.65322802206607,
            33.18197302604398,
            30.990536696885076,
            29.258978969143843,
            27.4973095797142,
            25.57586158287649,
            22.28402946480859,
            20.072646124826896,
            17.011019184812763,
            12.428936875134289,
            7.176458959241471,
            1.9149474975815621,
            -4.536500254541858,
            -9.986464098736134,
            -14.426478266805253
        ],
        "X": [
            -12.319941437283704,
            -8.15209606239785,
            -3.882405614686446,
            1.227086444625524,
            6.344212094743773,
            12.15062895506033,
            16.102818663334574,
            18.426096212893952,
            21.444123976647923,
            24.463625594538826,
            27.828763452157236,
            29.692385797104286,
            31.664209525982322,
            33.853883846828644,
            36.09573621879683,
            37.65551270675656,
            38.57663407644691,
            40.198827163557674,
            40.43099665293233,
            40.42536464326924,
            40.879587448553906,
            41.34272271046223,
            41.50938898995448,
            41.34737834850867,
            41.08984268639943,
            40.05579607177748,
            40.28513165117023,
            39.119927948100596,
            39.04519228843867,
            37.810064340312934,
            36.251296329465134,
            34.42208682147708,
            32.93039976936191,
            30.71746623248179,
            28.964360287752804,
            27.181230193531704,
            25.242295852476403,
            21.92959481307167,
            19.703235269246274,
            16.62475039272758,
            12.022129615826264,
            6.746495805569427,
            1.4714964914796786,
            -4.992464699439367,
            -10.442016857304608,
            -14.882071133995403
        ],
        "Y": [
            -87.91555193660476,
            -85.47092427261755,
            -83.40317786864937,
            -81.30084897108267,
            -78.73764006974457,
            -74.07874153956183,
            -70.58444871676073,
            -67.32490303283285,
            -64.99818327720278,
            -61.03988583303922,
            -58.18235146398482,
            -55.05306998504594,
            -51.598319695135224,
            -47.75706323436449,
            -44.345951734298595,
            -40.56823698540019,
            -35.21510474016446,
            -30.099786414245504,
            -26.842722264044447,
            -22.189456224820418,
            -17.541182925952604,
            -14.51695808491962,
            10.646805948097555,
            14.43048917628595,
            19.13520683673721,
            23.21588350471366,
            26.707222904408816,
            29.26111710909814,
            31.73083210336813,
            34.25401730619172,
            37.37195636529156,
            40.54860907344887,
            44.1200056287247,
            47.87574556360466,
            51.64172602761692,
            55.39230586596585,
            58.44691798252863,
            62.08956412753119,
            64.70407448793989,
            67.64545791663419,
            71.22658833951719,
            75.26385186414846,
            77.6091868293143,
            79.78060007156469,
            79.69298391900179,
            79.68731722313964
        ],
        "R": [
            88.77457535429808,
            85.85881181466516,
            83.49349167418089,
            81.31010874769126,
            78.99281607118294,
            75.0686201557532,
            72.3979638494983,
            69.80088530976646,
            68.44424214251109,
            65.75968856176432,
            64.49516336249393,
            62.54980646734605,
            60.53931582258499,
            58.53906849519946,
            57.17924106174986,
            55.35087613861497,
            52.232751205817586,
            50.2189490880562,
            48.530374291716036,
            46.11487909660508,
            44.484084439332875,
            43.81738003524951,
            42.853049497273815,
            43.793203972324626,
            45.3269380465719,
            46.29734383145819,
            48.33391756745874,
            48.85265332750043,
            50.31274934659492,
            51.01900299919125,
            52.06553186260511,
            53.18900035662154,
            55.054392428294854,
            56.88277195262789,
            59.20981366285658,
            61.70191912722386,
            63.66487038831051,
            65.84847076593584,
            67.63752461035327,
            69.65838285785583,
            72.23405351346949,
            75.56561786343741,
            77.62313561195431,
            79.93665524372467,
            80.37417123655156,
            81.06506379112143
        ],