{
    "star": {
        "id": "A16-20mic-i00",
        "RA": "2:01:55.149",
        "Dec": "-59:41:41.70",
        "RA_dg": 30.479787499999993,
        "Dec_dg": -59.694916666666664,
        "PA": 59.74614200204203,
        "D": 243363.97245087987
    },
    "outer": {
        "PA0": 1.9807468927346576,
        "R0": 40.967352586563834,
        "x": [
            -93.98323665529374,
            -88.720462793595,
            -82.35294634267782,
            -75.14419121328491,
            -67.95105137390922,
            -59.08405406500107,
            -49.93538399203598,
            -41.32997958817561,
            -32.43522143142187,
            -21.851238152359922,
            -8.336323713336483,
            -0.5300183545464439,
            11.766172333142988,
            23.153408582050307,
            30.156218671463048,
            39.391959048461686,
            48.36862805970912,
            58.4712359974797,
            67.20137939352432,
            74.78922150692078,
            82.09597121550588,
            87.44209788673585,
            92.22826573461958
        ],
        "y": [
            -21.77664117489202,
            -15.872650700690382,
            -8.848130341900502,
            -2.373419713820156,
            6.320850905650661,
            15.325523608088385,
            23.759660424279954,
            30.522917457569935,
            34.77563810223558,
            38.1980203877436,
            40.28971188307125,
            41.84999883534319,
            39.43942602434043,
            37.56777740449163,
            34.54622952175177,
            30.98356613242194,
            24.630299145857038,
            16.055822443815202,
            5.7912710091239825,
            -1.1331987083433555,
            -8.3279549249817,
            -14.991716299680887,
            -20.815285219579735
        ],
        "X": [
            -25.012035099489577,
            -18.929671496637837,
            -11.689263570638824,
            -4.969260567360983,
            3.9684365137796997,
            13.274204868059341,
            22.0195138767711,
            29.07616420185584,
            33.63377931657159,
            37.41993801960662,
            39.97750475846342,
            41.80667399304711,
            39.82254297331423,
            38.34559733573257,
            35.567897646550065,
            32.326584032529496,
            26.287379755830102,
            18.067209521911984,
            8.110536968003561,
            1.4524683015978814,
            -5.485440952151647,
            -11.960438960843293,
            -17.61510076311636
        ],
        "Y": [
            -93.17440084726519,
            -88.11883507857546,
            -81.99791643111043,
            -75.01725830534161,
            -68.12892227701253,
            -59.57845754749642,
            -50.72676854028712,
            -42.36026886349232,
            -33.61781497371876,
            -23.158445736759287,
            -9.72390302098203,
            -1.9761911884887344,
            10.395970740685156,
            21.841094135749064,
            28.94415581313763,
            38.297516534961574,
            47.48841418667989,
            57.88135117213159,
            66.96105885053015,
            74.78370229372645,
            82.33476337860061,
            87.90801977241641,
            92.89261178529387
        ],
        "R": [
            96.47316141323944,
            90.12913823273693,
            82.82691097624753,
            75.18166394964051,
            68.24440298655352,
            61.039307979514675,
            55.29976526088676,
            51.37913684444923,
            47.554059708115645,
            44.00642419390179,
            41.14310606498285,
            41.85335496676918,
            41.15715170541616,
            44.1295618387583,
            45.85672795491028,
            50.11694132683923,
            54.278686575790374,
            60.63559081447369,
            67.4504574654132,
            74.79780607025752,
            82.51729105496433,
            88.71793528054862,
            94.5480253584815
        ],
        "theta": [
            -105.02640568677171,
            -102.12401188060991,
            -98.11317100481214,
            -93.78982537359168,
            -86.6663492953634,
            -77.43953567938469,
            -66.53526315673693,
            -55.534226496022846,
            -44.9863989923118,
            -31.752530348138976,
            -13.670826911353059,
            -2.706342882357595,
            14.630951568023429,
            29.665209416105963,
            39.137727901800076,
            49.83259378376196,
            61.03312391195248,
            72.66465631427616,
            83.09379461044036,
            88.88732652784387,
            93.8116200160841,
            97.74787708722883,
            100.73743034932536
        ],
        "Rc": 83.952088552183,
        "xc": -0.8682784455485638,
        "yc": -43.01699555049042,
        "PAc": 1.156332171786638,
        "R90": [
            71.49090857509967,
            76.5420697258871
        ]
    },
    "thickness": {
        "h0": 0.0
    },
    "help": {
        "arcs": {
            "PA0": "[deg] Position angle of symmetry axis",
            "R0": "[arcsec] Radius along symmetry axis",
            "x": "(list) [arcsec] RA offsets from star of shell points",
            "y": "(list) [arcsec] Dec offsets from star of shell points",
            "X": "(list) [arcsec] Offsets from star parallel to axis of shell points",
            "Y": "(list) [arcsec] Offsets from star perpendicular to axis of shell points",
            "R": "(list) [arcsec] Radii of shell points from star",
            "theta": "(list) [deg] Angle from axis of shell points",
            "h": "[arcsec] Bowshock width along symmetry axis"
        },
        "star": {
            "id": "Source identifier deduced from region filename",
            "RA": "[HH:MM:SS] Right ascension of source",
            "Dec": "[deg:arcmin:arcsec] Declination of source",
            "RA_dg": "[deg] Right ascension of source",
            "Dec_dg": "[deg] Declination of source",
            "PA": "[deg] Position Angle of th^1 C from source",
            "D": "[arcsec] Distance of th^1 C from source",
            "PA_binary": "[deg] Position Angle of primary from source",
            "D_binary": "[arcsec] Distance of primary from source"
        },
        "thickness": {
            "h0": "Shell thickness on axis: h0 = R0(outer) - R0(inner)"
        }
    },
    "info": {
        "description": "JSON data file for stationary bowshock arcs",
        "history": [
            "Initially created by find-xy-shell.py: <will@mac> 2017-11-23 23:04",
            "Circle fits added by fit-circle-shell.py: <will@mac> 2017-11-23 23:05"
        ],
        "region": "A16-20mic-i00-forma.reg"
    }
}