{
    "star": {
        "id": "A16-Halpha-i30",
        "RA": "2:01:09.952",
        "Dec": "-59:51:01.62",
        "RA_dg": 30.29146666666666,
        "Dec_dg": -59.85045,
        "PA": 59.873241441935996,
        "D": 243940.55096020768
    },
    "outer": {
        "PA0": 0.7926131471694475,
        "R0": 62.65539867981768,
        "x": [
            -113.22546623154282,
            -112.50521698686323,
            -111.21358596352664,
            -105.48240745234136,
            -96.79517297667651,
            -89.79482738081768,
            -84.73676219135642,
            -83.36358494531338,
            -80.54248630938984,
            -74.00016165227474,
            -61.4409654274002,
            -49.91976936504351,
            -40.16759424941076,
            -28.635468272480935,
            -15.301709358403517,
            -0.41458092715080425,
            13.05545185246141,
            26.065350670726552,
            37.74781149737686,
            49.91940706376336,
            59.36154845464364,
            68.85520213340442,
            76.34207875456624,
            81.92055751816936,
            83.5888153544284,
            87.2280551283199,
            93.4156857976573,
            99.01996617453091,
            109.91347532382802,
            114.85993587517804
        ],
        "y": [
            -41.18352365887214,
            -30.232839501138784,
            -17.951627315141167,
            -7.976439089625271,
            -0.18910206038786564,
            8.02635180567777,
            15.160037772487117,
            23.35100319767328,
            30.282934287551353,
            40.4471548628243,
            48.304252455737796,
            54.919605220999614,
            58.31327010801595,
            59.66657973639326,
            62.129023390429026,
            62.87999928312286,
            62.15928907337861,
            60.65716616763163,
            57.58405649071231,
            54.049605287909195,
            49.86530055534992,
            44.6602218817018,
            37.44568532370368,
            28.851999810852007,
            22.16084597772432,
            11.398248963302846,
            3.9435820752426345,
            -6.520922609497451,
            -14.6204257421153,
            -33.14507598431767
        ],
        "X": [
            -42.745861251251014,
            -31.786261500529612,
            -19.48835695488102,
            -9.434842269894082,
            -1.5280775242865459,
            6.783427908349756,
            13.986400864682098,
            22.195578072366587,
            29.165870898937285,
            39.41962064819922,
            47.449701166623356,
            54.223796738475784,
            57.75204135614581,
            59.26474848208504,
            61.91140597810391,
            62.86824764991131,
            62.33394097265806,
            61.011931211921265,
            58.10072219332668,
            54.73498212384378,
            50.68169343454213,
            45.60844105939583,
            38.498162788698,
            29.982468147150424,
            23.315032009465448,
            12.603807384528439,
            5.235448943150667,
            -5.150528941768913,
            -13.098564249387769,
            -31.553016260832795
        ],
        "Y": [
            -112.64492962490554,
            -112.07623304422194,
            -110.95461490775222,
            -105.3619742309078,
            -96.78329530582093,
            -89.89726610677086,
            -84.93836708337491,
            -83.67862904771867,
            -80.95369160618266,
            -74.55259733243469,
            -62.103292160374075,
            -50.67471044173856,
            -40.97041393095446,
            -29.45811209121923,
            -16.159692650292907,
            -1.2843771331311618,
            12.194336554194484,
            25.223769798890245,
            36.947623947703576,
            49.16694789468826,
            58.66606842984687,
            68.23081696335193,
            75.8167778253939,
            81.51360157040179,
            83.27426030414648,
            87.06203374785335,
            93.35219476260036,
            99.1006971948447,
            110.10520660371662,
            115.30745030612647
        ],
        "R": [
            120.48273247362513,
            116.49655974990333,
            112.65310748545045,
            105.78356140011671,
            96.79535769433352,
            90.15283327582861,
            86.08220264339039,
            86.57226256297237,
            86.0473602730636,
            84.33265240142802,
            78.15556946218636,
            74.21688764081652,
            70.80870778707745,
            66.1822542727553,
            63.985606637254996,
            62.881365977455424,
            63.51552598522493,
            66.02040830739855,
            68.85361889375926,
            73.57517946547252,
            77.52639314716238,
            82.07054452941577,
            85.03112570071168,
            86.85283897014017,
            86.47654680203844,
            87.96961794221144,
            93.4988887240421,
            99.23445033295796,
            110.88159859346572,
            119.54664751157267
        ],
        "theta": [
            -110.78046902447717,
            -105.83401863818236,
            -99.9619657734827,
            -95.11701360403279,
            -90.9045478215964,
            -85.6847782278685,
            -80.64928509696531,
            -75.14450376897123,
            -70.18700107791294,
            -62.1323919514718,
            -52.61854951852473,
            -43.062220965313095,
            -35.35262591445162,
            -26.43011464667458,
            -14.628577682191121,
            -1.1703706770257607,
            11.068932624475575,
            22.461354136092513,
            32.45324601835218,
            41.93249208106401,
            49.17622223478587,
            56.23951276653751,
            63.0794992353455,
            69.80538480587958,
            74.35887701686067,
            81.762625083267,
            86.79005698816181,
            92.97513843485041,
            96.78425479692808,
            105.30391439308885
        ],
        "Rc": 141.01374259224033,
        "xc": -0.4969265765246473,
        "yc": -77.95979259153292,
        "PAc": 0.3652063329825683,
        "R90": [
            95.6442568871486,
            96.47553924420038
        ]
    },
    "thickness": {
        "h0": 0.0
    },
    "help": {
        "arcs": {
            "PA0": "[deg] Position angle of symmetry axis",
            "R0": "[arcsec] Radius along symmetry axis",
            "x": "(list) [arcsec] RA offsets from star of shell points",
            "y": "(list) [arcsec] Dec offsets from star of shell points",
            "X": "(list) [arcsec] Offsets from star parallel to axis of shell points",
            "Y": "(list) [arcsec] Offsets from star perpendicular to axis of shell points",
            "R": "(list) [arcsec] Radii of shell points from star",
            "theta": "(list) [deg] Angle from axis of shell points",
            "h": "[arcsec] Bowshock width along symmetry axis"
        },
        "star": {
            "id": "Source identifier deduced from region filename",
            "RA": "[HH:MM:SS] Right ascension of source",
            "Dec": "[deg:arcmin:arcsec] Declination of source",
            "RA_dg": "[deg] Right ascension of source",
            "Dec_dg": "[deg] Declination of source",
            "PA": "[deg] Position Angle of th^1 C from source",
            "D": "[arcsec] Distance of th^1 C from source",
            "PA_binary": "[deg] Position Angle of primary from source",
            "D_binary": "[arcsec] Distance of primary from source"
        },
        "thickness": {
            "h0": "Shell thickness on axis: h0 = R0(outer) - R0(inner)"
        }
    },
    "info": {
        "description": "JSON data file for stationary bowshock arcs",