{
    "star": {
        "id": "A16-Halpha-i00",
        "RA": "2:01:55.655",
        "Dec": "-59:50:59.21",
        "RA_dg": 30.48189583333333,
        "Dec_dg": -59.849780555555554,
        "PA": 59.6890877890843,
        "D": 243641.804103896
    },
    "outer": {
        "PA0": 11.181723560850418,
        "R0": 52.292781463952906,
        "x": [
            -109.78866232427555,
            -98.31292532334565,
            -96.67485686941592,
            -95.99686461435162,
            -91.79953564003527,
            -81.87334490887129,
            -81.42178832791765,
            -81.20166463061848,
            -73.91085316314755,
            -68.63916362168645,
            -57.231158004730815,
            -50.62005127808791,
            -47.82049246812012,
            -41.21918861131107,
            -35.31133064831767,
            -23.312331824593464,
            -11.486823062647384,
            -0.9270994170824985,
            9.383898501026435,
            21.812398204420408,
            34.09775458694303,
            40.07326551220018,
            46.3430439809544,
            48.0732754045829,
            55.93492660469272,
            66.90575668967467,
            72.90926479603105,
            80.71304792355807,
            82.00262323451068,
            80.99992729892114,
            89.15710190963033,
            95.48288499113151,
            94.02326553560376,
            94.19834798930437,
            95.30152418248775,
            102.35703007773635,
            106.31598877527034,
            110.85959838619155
        ],
        "y": [
            -38.14032092191506,
            -25.940346479764273,
            -20.989011398397516,
            -11.648462797588792,
            -3.4851701990345028,
            1.4620257153575622,
            13.272336471479862,
            22.012488078324083,
            27.647207876729617,
            33.50034429031887,
            37.08633544834364,
            33.02930965199328,
            42.74046028007126,
            45.25291244746744,
            48.83479870904041,
            49.19773299248706,
            51.72944960913104,
            53.44999641474659,
            51.44963268465015,
            48.94801532512413,
            48.475150064210844,
            44.30330098871067,
            42.091040592965676,
            34.10035838487549,
            37.13694742307469,
            33.33132449220433,
            28.74782164373896,
            23.772818622599296,
            14.221940627028404,
            2.2626195896308783,
            -0.8831738025268375,
            -4.348049451153234,
            -11.486897486685299,
            -18.75703753008737,
            -23.977911956158447,
            -26.87373443508621,
            -30.317184484736135,
            -36.581306679996416
        ],
        "X": [
            -58.70668026540277,
            -44.512905812285,
            -39.33790503153948,
            -30.043190246241757,
            -21.220908869426413,
            -14.442724138979163,
            -2.769041267770313,
            5.847883295284784,
            12.789484165752004,
            19.553804446686023,
            25.283979749830312,
            22.5860035037363,
            32.655702426464416,
            36.40059517190271,
            41.0601469906331,
            43.743054753616114,
            48.51993155034342,
            52.25557405862006,
            52.29270659177703,
            52.248729740636655,
            54.16723475722574,
            51.23335926687213,
            50.2789384915311,
            42.775471855480795,
            47.278960176592726,
            45.67305822935498,
            42.34077261709255,
            38.9735305658809,
            29.854032576011505,
            17.927290343243055,
            16.42306433263205,
            14.250667115435368,
            6.96428388626633,
            -0.1338953072403789,
            -5.0417326960473545,
            -6.514370150730371,
            -9.124726464300373,
            -14.388833939600255
        ],
        "Y": [
            -100.30832541317915,
            -91.41626812154719,
            -90.76946500852418,
            -91.91567560085215,
            -89.38106165065308,
            -80.60266648942029,
            -82.44995415635952,
            -83.92891177148984,
            -77.86919425201108,
            -73.83262545728213,
            -63.336577832716095,
            -56.064225074576,
            -55.20101035198621,
            -49.21223695265481,
            -44.11113199879275,
            -32.410290148688055,
            -21.300218385880086,
            -11.274600208861145,
            -0.7714219139395054,
            11.90626558525804,
            24.05010853145471,
            30.72119765795583,
            37.300962022234636,
            40.547913110822286,
            47.67146738665315,
            59.172030745957315,
            65.95041407410316,
            74.57081819052232,
            77.68803351540234,
            79.02354035847138,
            87.63590459860562,
            94.51351938756895,
            94.4659834321316,
            96.04757827694505,
            98.14225239265804,
            105.62538610751413,
            110.17695090760422,
            115.84905701222709
        ],
        "R": [
            116.22493043654822,
            101.67759271896615,
            98.9270769314656,
            96.70100672347193,
            91.86566907742166,
            81.8863976845933,
            82.49643949849231,
            84.13239548581626,
            78.91249786113387,
            76.37805869655594,
            68.19678675384591,
            60.442740568934376,
            64.13693510642587,
            61.21149887686945,
            60.26381698089919,
            54.44154430855175,
            52.989461791342954,
            53.458036159828936,
            52.29839628958987,
            53.58814159584926,
            59.266322997290416,
            59.738171107823376,
            62.60457989332217,
            58.93958135329622,
            67.14066486248535,
            74.7486285534562,
            78.37217709339201,
            84.14120875274841,
            83.22676139643926,
            81.03152269233185,
            89.16147608070246,
            95.5818333171075,
            94.72234834424383,
            96.04767160540221,
            98.27166821257582,
            105.82608000309831,
            110.55415480362977,
            116.73920743590662
        ],
        "theta": [
            -120.33882926751872,
            -115.96262862556262,
            -113.4310683702491,
            -108.1002909401815,
            -103.35591416431876,
            -100.15869218349515,
            -91.92352767350842,
            -86.01426516353042,
            -80.67283330630991,
            -75.16635943544169,
            -68.23810179098912,
            -68.0574928072439,
            -59.392375349175616,
            -53.51094384091725,
            -47.0515583722235,
            -36.53564399756277,
            -23.70144305492984,
            -12.175429104057441,
            -0.845165931521684,
            12.837164560411162,
            23.941094084186698,
            30.94828004221853,
            36.57099758510719,
            43.46862531970198,
            45.23684862767851,
            52.33656138244472,
            57.29916377085722,
            62.40672920926595,
            68.97918244127835,
            77.21821512002403,
            79.38581929732372,
            81.42558031762769,
            85.78363020125167,
            90.07987323750874,
            92.9407954818907,
            93.52920605562439,
            94.7343650331661,
            97.08006606747394
        ],
        "Rc": 128.44962765419893,
        "xc": -2.920469765083089,
        "yc": -76.74134827988051,
        "PAc": 2.1793972375517408,
        "R90": [
            83.02896053795297,
            96.02303197055824
        ]
    },
    "thickness": {
        "h0": 0.0
    },