{
    "star": {
        "id": "A16-Halpha-i00",
        "RA": "2:01:55.655",
        "Dec": "-59:50:59.21",
        "RA_dg": 30.48189583333333,
        "Dec_dg": -59.849780555555554,
        "PA": 59.6890877890843,
        "D": 243641.804103896
    },
    "outer": {
        "PA0": 1.9070410262801634,
        "R0": 52.15091199987931,
        "x": [
            -109.78866232427555,
            -98.31292532334565,
            -96.67485686941592,
            -95.99686461435162,
            -91.79953564003527,
            -81.87334490887129,
            -81.42178832791765,
            -81.20166463061848,
            -73.91085316314755,
            -68.63916362168645,
            -57.231158004730815,
            -50.62005127808791,
            -47.82049246812012,
            -41.21918861131107,
            -35.31133064831767,
            -23.312331824593464,
            -11.486823062647384,
            -0.9270994170824985,
            9.383898501026435,
            21.812398204420408,
            34.09775458694303,
            40.07326551220018,
            46.3430439809544,
            48.0732754045829,
            55.93492660469272,
            66.90575668967467,
            72.90926479603105,
            80.71304792355807,
            82.00262323451068,
            80.99992729892114,
            89.15710190963033,
            95.48288499113151,
            94.02326553560376,
            94.19834798930437,
            95.30152418248775,
            102.35703007773635,
            106.31598877527034,
            110.85959838619155
        ],
        "y": [
            -38.14032092191506,
            -25.940346479764273,
            -20.989011398397516,
            -11.648462797588792,
            -3.4851701990345028,
            1.4620257153575622,
            13.272336471479862,
            22.012488078324083,
            27.647207876729617,
            33.50034429031887,
            37.08633544834364,
            33.02930965199328,
            42.74046028007126,
            45.25291244746744,
            48.83479870904041,
            49.19773299248706,
            51.72944960913104,
            53.44999641474659,
            51.44963268465015,
            48.94801532512413,
            48.475150064210844,
            44.30330098871067,
            42.091040592965676,
            34.10035838487549,
            37.13694742307469,
            33.33132449220433,
            28.74782164373896,
            23.772818622599296,
            14.221940627028404,
            2.2626195896308783,
            -0.8831738025268375,
            -4.348049451153234,
            -11.486897486685299,
            -18.75703753008737,
            -23.977911956158447,
            -26.87373443508621,
            -30.317184484736135,
            -36.581306679996416
        ],
        "X": [
            -41.772743362603,
            -29.197636499583588,
            -24.194532152981814,
            -14.836594738563578,
            -6.538144798139219,
            -1.263365195588758,
            10.555431130533275,
            19.298067140764584,
            25.172289680956034,
            31.197615524010203,
            35.16125613052245,
            31.32648179032724,
            41.12541745925384,
            43.856156252327715,
            47.632660324155395,
            48.39469626949364,
            51.31853993098357,
            53.389540264154476,
            51.73341385282746,
            49.64677766312591,
            49.58300639181319,
            45.61232101231349,
            43.60993159821091,
            35.681253798168825,
            38.97778099891623,
            35.53935315316359,
            31.158173691916648,
            26.44562044819031,
            16.942946846119693,
            4.956881955193188,
            2.0842853650611146,
            -1.168161799420494,
            -8.35162908539622,
            -15.611916051470313,
            -20.79318731564075,
            -23.452612774082297,
            -26.76240938755937,
            -32.87185985930593
        ],
        "Y": [
            -108.45862052848811,
            -97.39523029369633,
            -95.92283963740046,
            -95.55605767242908,
            -91.63271150435804,
            -81.87665133688567,
            -81.81836837518193,
            -81.8892213591773,
            -74.78996022797105,
            -69.71597116780761,
            -58.43361867002018,
            -51.691163907613856,
            -49.21632334549161,
            -42.702285108930724,
            -36.916897317501466,
            -24.936622058399596,
            -13.20191350858806,
            -2.7052948910988097,
            7.666560219229181,
            20.171425020680406,
            32.46571297181948,
            38.57674505679878,
            44.916670509051805,
            46.91185753615483,
            54.66810282584443,
            65.75950005951451,
            71.91221283302546,
            79.87723185917152,
            81.48392703293942,
            80.87976873804828,
            89.13711107842046,
            95.5746946543367,
            94.35345021496688,
            94.7703714143879,
            96.0466768531804,
            103.19464212298581,
            107.26599921744825,
            112.01554973374807
        ],
        "R": [
            116.22493043654822,
            101.67759271896615,
            98.9270769314656,
            96.70100672347193,
            91.86566907742166,
            81.8863976845933,
            82.49643949849231,
            84.13239548581626,
            78.91249786113387,
            76.37805869655594,
            68.19678675384591,
            60.442740568934376,
            64.13693510642587,
            61.21149887686945,
            60.26381698089919,
            54.44154430855175,
            52.989461791342954,
            53.458036159828936,
            52.29839628958987,
            53.58814159584926,
            59.266322997290416,
            59.738171107823376,
            62.60457989332217,
            58.93958135329622,
            67.14066486248535,
            74.7486285534562,
            78.37217709339201,
            84.14120875274841,
            83.22676139643926,
            81.03152269233185,
            89.16147608070246,
            95.5818333171075,
            94.72234834424383,
            96.04767160540221,
            98.27166821257582,
            105.82608000309831,
            110.55415480362977,
            116.73920743590662
        ],
        "theta": [
            -111.06414673294846,
            -106.68794609099236,
            -104.15638583567885,
            -98.82560840561125,
            -94.08123162974852,
            -90.8840096489249,
            -82.64884513893817,
            -76.73958262896016,
            -71.39815077173967,
            -65.89167690087143,
            -58.96341925641887,
            -58.78281027267366,
            -50.11769281460536,
            -44.236261306347004,
            -37.77687583765325,
            -27.260961462992523,
            -14.426760520359592,
            -2.900746569487192,
            8.429516603048565,
            22.111847094981414,
            33.215776618756976,
            40.22296257678881,
            45.84568011967747,
            52.7433078542722,
            54.51153116224879,
            61.61124391701497,
            66.57384630542752,
            71.6814117438362,
            78.2538649758486,
            86.49289765459433,
            88.66050183189398,
            90.700262852198,
            95.05831273582191,
            99.35455577207898,
            102.21547801646096,
            102.80388859019465,
            104.00904756773636,
            106.35474860204418
        ],
        "Rc": 95.25883411792061,
        "xc": -0.9072024088619068,
        "yc": -42.24119660401746,
        "PAc": 1.2303363502353655,
        "R90": [
            81.95188306124612,
            93.3776840928886
        ]
    },
    "thickness": {
        "h0": 0.0
    },