{
    "star": {
        "id": "A16-20mic-i60",
        "RA": "2:00:24.296",
        "Dec": "-59:41:44.75",
        "RA_dg": 30.101233333333326,
        "Dec_dg": -59.695763888888884,
        "PA": 60.111954086855825,
        "D": 243960.60782365248
    },
    "outer": {
        "PA0": 357.93786243593064,
        "R0": 40.92268701555619,
        "x": [
            -81.78778097649476,
            -77.57212676315841,
            -74.02820416266128,
            -65.5737683783918,
            -58.61385982346039,
            -47.571117523186935,
            -38.0849503548883,
            -29.28700827750691,
            -24.26702936953567,
            -17.02839507430065,
            16.65763680929548,
            24.494380940377827,
            29.294621185028063,
            36.63135653520259,
            46.68438482913186,
            57.94746745120755,
            66.3315499739436,
            73.05243122810589,
            79.57186083063749,
            83.59026347957497
        ],
        "y": [
            -13.307747650676236,
            -1.9449583097997305,
            7.537272055607428,
            22.422169385782805,
            32.195754835770806,
            40.29061744620863,
            42.82398644914576,
            43.69644392651815,
            43.707558515899,
            42.508797810552316,
            44.298849610077895,
            44.70751257730203,
            43.866442083100665,
            43.30443675383215,
            38.02096378116831,
            31.87607686542598,
            23.791755128247004,
            8.647867492348723,
            0.4537388841863465,
            -11.44898366451851
        ],
        "X": [
            -10.356133501096163,
            0.8476039546635112,
            10.196171436417547,
            24.767210495969913,
            34.284025860949626,
            41.97629162823535,
            44.16667620510153,
            44.72198950222567,
            44.552461384260134,
            43.09400691049579,
            43.67076417751168,
            43.79717041582628,
            42.78391602405162,
            41.95827455592479,
            36.31648187181125,
            29.77029133177418,
            21.389517949466853,
            6.013598013613633,
            -2.409814724260481,
            -14.449424428288967
        ],
        "Y": [
            -82.21367139047271,
            -77.59187638485368,
            -73.70904672852637,
            -64.72447808639349,
            -57.41739077679392,
            -46.09051982504573,
            -36.51933695899535,
            -27.695698594419323,
            -22.678570732007174,
            -15.487759634725261,
            18.240868866335735,
            26.087242898954187,
            30.854109953962677,
            38.16587114773372,
            48.02227210553239,
            59.05694721504486,
            67.14469938809525,
            73.3163007757008,
            79.53665637943364,
            83.12415719408133
        ],
        "R": [
            82.86336503300573,
            77.59650580655276,
            74.41092313356219,
            69.30131874147644,
            66.87414442704537,
            62.340557236855,
            57.30931214847135,
            52.60330850498002,
            49.9923932798045,
            45.79262091325287,
            47.327211420563266,
            50.97780280182703,
            52.74883478717155,
            56.71975426758986,
            60.20818444134808,
            66.1361721022566,
            70.46929923043257,
            73.56251301105993,
            79.57315448708417,
            84.37067841101657
        ],
        "theta": [
            -97.17951030692822,
            -89.37413296384062,
            -82.12425640425452,
            -69.06035005273756,
            -59.15849971196506,
            -47.674749326253675,
            -39.58573715228393,
            -31.76935010937005,
            -26.977491105707468,
            -19.768170590703132,
            22.669836581489697,
            30.779619512259387,
            35.79768879089467,
            42.29012193687203,
            52.901880255913504,
            63.247571307941584,
            72.33027724520741,
            85.31094450195819,
            91.7354260730304,
            99.86115653072815
        ],
        "Rc": 153.09485557496157,
        "xc": 0.7605742385177199,
        "yc": -107.00469767713625,
        "PAc": -0.4072434292074236,
        "R90": [
            78.01882409163196,
            77.94951780640653
        ]
    },
    "thickness": {
        "h0": 0.0
    },
    "help": {
        "arcs": {
            "PA0": "[deg] Position angle of symmetry axis",
            "R0": "[arcsec] Radius along symmetry axis",
            "x": "(list) [arcsec] RA offsets from star of shell points",
            "y": "(list) [arcsec] Dec offsets from star of shell points",
            "X": "(list) [arcsec] Offsets from star parallel to axis of shell points",
            "Y": "(list) [arcsec] Offsets from star perpendicular to axis of shell points",
            "R": "(list) [arcsec] Radii of shell points from star",
            "theta": "(list) [deg] Angle from axis of shell points",
            "h": "[arcsec] Bowshock width along symmetry axis"
        },
        "star": {
            "id": "Source identifier deduced from region filename",
            "RA": "[HH:MM:SS] Right ascension of source",
            "Dec": "[deg:arcmin:arcsec] Declination of source",
            "RA_dg": "[deg] Right ascension of source",
            "Dec_dg": "[deg] Declination of source",
            "PA": "[deg] Position Angle of th^1 C from source",
            "D": "[arcsec] Distance of th^1 C from source",
            "PA_binary": "[deg] Position Angle of primary from source",
            "D_binary": "[arcsec] Distance of primary from source"
        },
        "thickness": {
            "h0": "Shell thickness on axis: h0 = R0(outer) - R0(inner)"
        }
    },
    "info": {
        "description": "JSON data file for stationary bowshock arcs",
        "history": [
            "Initially created by find-xy-shell.py: <will@mac> 2017-11-23 18:30",
            "Circle fits added by fit-circle-shell.py: <will@mac> 2017-11-23 18:31",
            "Circle fits added by fit-circle-shell.py: <will@mac> 2017-11-23 18:44"
        ],
        "region": "A16-20mic-i60-forma.reg"
    }
}