{
    "star": {
        "id": "A16-12mic-i60",
        "RA": "2:00:22.979",
        "Dec": "-59:46:22.63",
        "RA_dg": 30.095745833333332,
        "Dec_dg": -59.772952777777775,
        "PA": 60.08993157965628,
        "D": 244107.75517733785
    },
    "outer": {
        "PA0": 2.751718284380633,
        "R0": 53.896911941201424,
        "x": [
            -77.4233440350147,
            -78.84218721756383,
            -76.13434913290499,
            -70.317481875097,
            -63.91041469782151,
            -58.972746456168316,
            -53.988584471205705,
            -49.373895422142134,
            -44.38149871758554,
            -38.64843630546259,
            -30.686297547170554,
            24.469253690177126,
            34.53905636758598,
            40.18131272834917,
            46.12526004768662,
            50.316029168425914,
            54.597521832414145,
            59.3465429272025,
            66.88934007979151,
            73.9806068806999,
            76.47011481852128,
            70.25131381005625
        ],
        "y": [
            -25.54494517994526,
            -3.3258625131880883,
            13.40588721479623,
            23.539432951689452,
            33.593011767546884,
            38.36553599889236,
            41.40787791318844,
            43.39986181321171,
            45.821808570555405,
            47.84378828535538,
            48.72608408657344,
            50.167510112332636,
            48.63503904374374,
            45.833285650141946,
            42.481151964528365,
            38.29947071861176,
            34.93760217824079,
            30.475350988617652,
            25.111389722314726,
            11.21723169584316,
            -4.884330058571834,
            -25.040537599075353
        ],
        "X": [
            -29.232436888460427,
            -7.107089939756819,
            9.735365314474768,
            20.13648318801803,
            30.486060713732467,
            35.4901299627238,
            38.76824396177617,
            40.979473377195404,
            43.6383029007848,
            45.93318450622482,
            47.19670999759048,
            51.284386302404734,
            50.237114183504765,
            47.70946527506918,
            44.64655429695241,
            40.67088554501236,
            37.518439674726494,
            33.28932509852969,
            28.293663999769997,
            14.755964801318335,
            -1.2075144965833573,
            -21.639033584468486
        ],
        "Y": [
            -76.10770696435961,
            -78.59160972581121,
            -76.69015316258424,
            -71.36648517168507,
            -65.44945873435991,
            -60.746603627649776,
            -55.914245649907855,
            -51.400508910809755,
            -46.530141725928885,
            -40.90076120891168,
            -32.99016054778536,
            22.03259332468526,
            32.16435598707462,
            37.934613339638396,
            44.03263648828387,
            48.419327934082176,
            52.85728067712019,
            57.81505002829393,
            65.60666343873993,
            73.35678553574402,
            76.61642806356504,
            71.3724585594468
        ],
        "R": [
            81.52863561847857,
            78.91230478642741,
            77.30560736393517,
            74.15290392790884,
            72.20132648685939,
            70.35409850936773,
            68.03954443173494,
            65.7368203867703,
            63.791500759079746,
            61.50389992798267,
            57.58367935070935,
            55.816874214033554,
            59.65160046092443,
            60.952669884599004,
            62.707159772230696,
            63.234106687796945,
            64.81917491148707,
            66.71401033733265,
            71.44764313884662,
            74.82617510841303,
            76.62594299895366,
            74.58066515719544
        ],
        "theta": [
            -111.01143264848587,
            -95.16723948772318,
            -82.76533287889922,
            -74.24326783740227,
            -65.0241100195545,
            -59.70514637019376,
            -55.26442514531836,
            -51.43611131734493,
            -46.8369329401388,
            -41.683158329251704,
            -34.95327152228112,
            23.24913431739688,
            32.62943892056944,
            38.48881149079221,
            44.60335297186377,
            49.970677298794186,
            54.63262107894088,
            60.067094831326045,
            66.67129691033588,
            78.62653993817989,
            90.90293633545723,
            106.86649787183948
        ],
        "Rc": 102.46161388238538,
        "xc": -3.1900093080231207,
        "yc": -48.13912397661043,
        "PAc": 3.7912455069097772,
        "R90": [
            78.24287623578682,
            76.4935689886033
        ]
    },
    "thickness": {
        "h0": 0.0
    },
    "help": {
        "arcs": {
            "PA0": "[deg] Position angle of symmetry axis",
            "R0": "[arcsec] Radius along symmetry axis",
            "x": "(list) [arcsec] RA offsets from star of shell points",
            "y": "(list) [arcsec] Dec offsets from star of shell points",
            "X": "(list) [arcsec] Offsets from star parallel to axis of shell points",
            "Y": "(list) [arcsec] Offsets from star perpendicular to axis of shell points",
            "R": "(list) [arcsec] Radii of shell points from star",
            "theta": "(list) [deg] Angle from axis of shell points",
            "h": "[arcsec] Bowshock width along symmetry axis"
        },
        "star": {
            "id": "Source identifier deduced from region filename",
            "RA": "[HH:MM:SS] Right ascension of source",
            "Dec": "[deg:arcmin:arcsec] Declination of source",
            "RA_dg": "[deg] Right ascension of source",
            "Dec_dg": "[deg] Declination of source",
            "PA": "[deg] Position Angle of th^1 C from source",
            "D": "[arcsec] Distance of th^1 C from source",
            "PA_binary": "[deg] Position Angle of primary from source",
            "D_binary": "[arcsec] Distance of primary from source"
        },
        "thickness": {
            "h0": "Shell thickness on axis: h0 = R0(outer) - R0(inner)"
        }
    },
    "info": {
        "description": "JSON data file for stationary bowshock arcs",
        "history": [
            "Initially created by find-xy-shell.py: <will@mac> 2017-11-23 23:04",
            "Circle fits added by fit-circle-shell.py: <will@mac> 2017-11-23 23:05"
        ],
        "region": "A16-12mic-i60-forma.reg"
    }
}