{
    "star": {
        "id": "A16-Halpha-i00",
        "RA": "2:01:55.655",
        "Dec": "-59:50:59.21",
        "RA_dg": 30.48189583333333,
        "Dec_dg": -59.849780555555554,
        "PA": 59.6890877890843,
        "D": 243641.804103896
    },
    "outer": {
        "PA0": 1.0524388675045202,
        "R0": 45.61990544446126,
        "x": [
            -108.95266002404037,
            -95.51752715946236,
            -95.28131295219373,
            -94.31650564098348,
            -89.5695343002525,
            -81.02896161154145,
            -81.14299823843575,
            -80.63613827498808,
            -72.50835871847038,
            -66.1137956958211,
            -55.82874668796992,
            -50.62005127808791,
            -45.573705723183735,
            -38.399149922590375,
            -22.444727165055067,
            -13.114203863080961,
            -0.8667437943568045,
            10.265233868801289,
            21.841885186122564,
            39.530060519179465,
            44.95587113637233,
            48.0732754045829,
            54.82656818087615,
            65.51864434747662,
            71.2431723110949,
            79.60439538562835,
            80.33683448148874,
            79.04838464063036,
            87.49839266907148,
            93.81016334811214,
            93.18706030780982,
            92.80476240368858,
            93.3501560099919,
            97.89031808622052,
            104.92253666695908,
            108.34423500337428
        ],
        "y": [
            -38.129557482433555,
            -27.03808508980904,
            -20.977894821531088,
            -12.197128242490008,
            -3.4734822354599686,
            0.6325995424404327,
            13.272525588303306,
            21.462869817228306,
            26.258064370311363,
            32.121763793275626,
            35.69699675698925,
            33.02930965199328,
            40.52133546678479,
            41.363848850070596,
            44.73789850594532,
            45.57928256924178,
            45.63999686616498,
            45.319560423095716,
            45.31800988852752,
            42.623481270298406,
            40.96156883587141,
            34.10035838487549,
            36.01745944504427,
            32.48209069726554,
            27.61882346156693,
            22.37355986284207,
            13.373068823499082,
            1.9739229859427845,
            -2.571951432326605,
            -4.636728084847796,
            -11.496244105477489,
            -18.765949761157447,
            -24.54637549338291,
            -26.910000719412437,
            -30.325955728263406,
            -36.319004715543066
        ],
        "X": [
            -40.1243121043113,
            -28.78794112992346,
            -22.72443453282754,
            -13.927428149980688,
            -5.118063841218208,
            -0.8558058575590743,
            11.779893309310618,
            19.978165600714828,
            24.92183813465222,
            30.90200044713032,
            34.66554082120281,
            32.09397440936369,
            39.677425049040245,
            40.651574888705795,
            44.31809806236376,
            45.330718485152126,
            45.61637764624134,
            45.50046175367843,
            45.7115455137719,
            43.34235884570405,
            41.78038529519147,
            34.97759120023396,
            37.018409892916566,
            33.68002415717934,
            28.922722551033413,
            23.831918495743274,
            14.846398876618036,
            3.4255104458009296,
            -0.964391656801163,
            -2.9128886005716685,
            -9.782692283461548,
            -17.058193417760787,
            -22.827626500035016,
            -25.10746160676243,
            -28.393676147700983,
            -34.32286611640764
        ],
        "Y": [
            -108.23393579777161,
            -95.00479190800033,
            -94.8799280364416,
            -94.07656413165046,
            -89.49062507392259,
            -81.0269115686876,
            -81.3730926795597,
            -81.01675429147173,
            -72.9784215539908,
            -66.69263871571827,
            -56.474992817985694,
            -51.21817737966292,
            -46.31029283898834,
            -39.15242221800592,
            -23.262663742072505,
            -13.949168581285505,
            -1.7048897864961001,
            9.431095563393193,
            21.005822418624753,
            38.740505545742295,
            44.19592600807562,
            47.438827598615234,
            54.15576878198375,
            64.91097708375935,
            70.72386535382171,
            79.18002024791276,
            80.07765221746024,
            78.99879343656576,
            87.5308722827184,
            93.8795029531631,
            93.38249712355743,
            93.13378996135418,
            93.78526347634192,
            98.36807350662693,
            105.46184829729394,
            108.99304667523148
        ],
        "R": [
            115.43199417891181,
            99.27062022563565,
            97.56331620561645,
            95.1019094113752,
            89.63685934705748,
            81.0314309513645,
            82.22132386805113,
            83.44364311734171,
            77.11645757243906,
            73.50402499523251,
            66.26556069496442,
            60.442740568934376,
            60.98312292228942,
            56.43990349450519,
            50.05242591765183,
            47.42840227637059,
            45.6482262387993,
            46.467597133097044,
            50.30695745859054,
            58.13249384164995,
            60.81842213610895,
            58.93958135329622,
            65.5988564181394,
            73.1285099888991,
            76.40935158964221,
            82.68878972174902,
            81.44228597150354,
            79.07302628739764,
            87.53618482571233,
            93.92468256391554,
            93.89351328682993,
            94.68307554807974,
            96.52344884509658,
            101.52173419391637,
            109.21722525069919,
            114.26960821668214
        ],
        "theta": [
            -110.3406703662472,
            -106.85763111996384,
            -103.4690376474493,
            -98.42110438555663,
            -93.27324083204938,
            -90.60513525135846,
            -81.76285732138841,
            -76.14762653351242,
            -71.14516984597876,
            -65.13937591248619,
            -58.4575205188795,
            -57.92820811389805,
            -49.410911933562666,
            -43.923800533625,
            -27.695076384009667,
            -17.10417825801559,
            -2.1404054741236758,
            11.710145747083159,
            24.680196032401764,
            41.791156733958324,
            46.60932572800948,
            53.59791001304786,
            55.64527207543648,
            62.57678824503563,
            67.75775544633723,
            73.24904636481061,
            79.49662206182609,
            87.51712130746976,
            90.6312439785193,
            91.77720045162275,
            95.98045630458438,
            100.37913518078516,
            103.6799558049952,
            104.31845953241087,
            105.06853962967536,
            107.47967187296753
        ],
        "Rc": 135.61359870951233,
        "xc": 0.5514593077483464,
        "yc": -89.08933713288607,
        "PAc": -0.3546539730770829,
        "R90": [
            81.11286315185984,
            85.82067184472729
        ]
    },
    "thickness": {
        "h0": 0.0
    },
    "help": {
        "arcs": {
            "PA0": "[deg] Position angle of symmetry axis",
            "R0": "[arcsec] Radius along symmetry axis",
            "x": "(list) [arcsec] RA offsets from star of shell points",
            "y": "(list) [arcsec] Dec offsets from star of shell points",
            "X": "(list) [arcsec] Offsets from star parallel to axis of shell points",