{
    "star": {
        "id": "A16-Halpha-i60",
        "RA": "2:00:24.403",
        "Dec": "-59:51:01.98",
        "RA_dg": 30.101679166666663,
        "Dec_dg": -59.85055,
        "PA": 60.05678702917502,
        "D": 244237.81172682907
    },
    "outer": {
        "PA0": 10.521803617712642,
        "R0": 80.45335293574053,
        "x": [
            -114.04244270176997,
            -111.78707742558105,
            -107.36268562808816,
            -99.39284011184934,
            -86.62465519748882,
            -78.90534788719853,
            -63.88722796320323,
            -53.798128203709105,
            -43.0969329189464,
            -31.79053403095151,
            -18.839478862950042,
            0.3995667733116977,
            15.937060756355185,
            34.519215474804525,
            47.87522895899707,
            61.55999147238573,
            72.49326275424231,
            82.93283798229675,
            93.02477360878156,
            103.62072513912416,
            110.95435939644186,
            112.40814305439562,
            113.74708080257263
        ],
        "y": [
            -13.31428500851813,
            -0.3721528327136336,
            14.181900257425237,
            25.588780735120878,
            42.15869553405005,
            50.69402821828296,
            56.73297478391367,
            64.56792833136402,
            71.94225367007768,
            76.3757851603765,
            78.69851982243271,
            81.69999933418302,
            78.86894076624071,
            75.2850305121528,
            69.34044049347071,
            60.2941930785957,
            53.908078452299186,
            43.71130738955973,
            34.533896339868264,
            17.43519606459949,
            3.4486230838130534,
            -12.922740089117715,
            -22.90400899385602
        ],
        "X": [
            -33.91566632996504,
            -20.779298254006854,
            -5.66202767827316,
            7.008422644606563,
            25.631316629692733,
            35.432752132327415,
            44.112610903655685,
            53.65819085574714,
            62.86266240887052,
            69.28630416761825,
            73.93497128277033,
            80.39921844225579,
            80.45305962489526,
            80.32269249308553,
            76.91699527166065,
            70.52182626753941,
            66.2396122692299,
            58.120662483658975,
            50.940450311406344,
            36.06417971515031,
            23.65197678087177,
            7.821365073303214,
            -1.7475706609901045
        ],
        "Y": [
            -109.6935572404734,
            -109.83947351091398,
            -108.14718675378344,
            -102.39435715430956,
            -92.86668996494382,
            -86.83581345576802,
            -73.17298602569912,
            -64.68426795840774,
            -55.509631281592455,
            -45.20294976690522,
            -32.893814121887786,
            -14.526362885673661,
            1.2668544247822486,
            20.191015994074803,
            34.40799433393755,
            49.51458662828732,
            61.43018666418774,
            73.55625467601689,
            85.15438346584968,
            98.69455750770801,
            108.45896396612913,
            112.8778724318388,
            116.01697296465923
        ],
        "R": [
            114.81702366232342,
            111.78769689497922,
            108.29530257673804,
            102.63392404565724,
            96.33891476042565,
            93.78666441555481,
            85.44125657230516,
            84.04317918324413,
            83.86318316251757,
            82.72785874683976,
            80.9220797191309,
            81.70097640060271,
            80.46303327081662,
            82.82156757881224,
            84.2622942703612,
            86.16856891627701,
            90.34021290197882,
            93.74718134164067,
            99.22801268481511,
            105.07730839800259,
            111.00794057295629,
            113.14852114079247,
            116.03013409928312
        ],
        "theta": [
            -107.18085480277894,
            -100.71254756026882,
            -92.99697458409733,
            -86.08447433174857,
            -74.57043177464755,
            -67.80242481257093,
            -58.916167393754634,
            -50.32293414975168,
            -41.445477133955414,
            -33.12075700474324,
            -23.984375370828918,
            -10.241591776741481,
            0.9021336638554812,
            14.11029927453866,
            24.10084391517802,
            35.07335277740833,
            42.84264129701835,
            51.68588296405772,
            59.111592196397595,
            69.92708784352064,
            77.69793324043447,
            86.03628175598546,
            90.86298451719772
        ],
        "Rc": 109.49870233236419,
        "xc": 1.6575474280525742,
        "yc": -29.157480043699465,
        "PAc": -3.2536544368876226,
        "R90": [
            105.84076269258566,
            115.5149195748426
        ]
    },
    "thickness": {
        "h0": 0.0
    },
    "help": {
        "arcs": {
            "PA0": "[deg] Position angle of symmetry axis",
            "R0": "[arcsec] Radius along symmetry axis",
            "x": "(list) [arcsec] RA offsets from star of shell points",
            "y": "(list) [arcsec] Dec offsets from star of shell points",
            "X": "(list) [arcsec] Offsets from star parallel to axis of shell points",
            "Y": "(list) [arcsec] Offsets from star perpendicular to axis of shell points",
            "R": "(list) [arcsec] Radii of shell points from star",
            "theta": "(list) [deg] Angle from axis of shell points",
            "h": "[arcsec] Bowshock width along symmetry axis"
        },
        "star": {
            "id": "Source identifier deduced from region filename",
            "RA": "[HH:MM:SS] Right ascension of source",
            "Dec": "[deg:arcmin:arcsec] Declination of source",
            "RA_dg": "[deg] Right ascension of source",
            "Dec_dg": "[deg] Declination of source",
            "PA": "[deg] Position Angle of th^1 C from source",
            "D": "[arcsec] Distance of th^1 C from source",
            "PA_binary": "[deg] Position Angle of primary from source",
            "D_binary": "[arcsec] Distance of primary from source"
        },
        "thickness": {
            "h0": "Shell thickness on axis: h0 = R0(outer) - R0(inner)"
        }
    },
    "info": {
        "description": "JSON data file for stationary bowshock arcs",
        "history": [
            "Initially created by find-xy-shell.py: <will@mac> 2017-11-23 18:30",
            "Circle fits added by fit-circle-shell.py: <will@mac> 2017-11-23 18:31",
            "Circle fits added by fit-circle-shell.py: <will@mac> 2017-11-23 18:44"
        ],
        "region": "A16-Halpha-i60-forma.reg"
    }
}