{
    "star": {
        "id": "A16-20mic-i30",
        "RA": "2:01:09.676",
        "Dec": "-59:41:43.22",
        "RA_dg": 30.29031666666666,
        "Dec_dg": -59.695338888888884,
        "PA": 59.92933010919616,
        "D": 243662.3212143661
    },
    "outer": {
        "PA0": 359.73281128381416,
        "R0": 40.43297350720427,
        "x": [
            -90.14883793470104,
            -85.39424672652288,
            -78.4149248434561,
            -70.85174716415135,
            -62.92252666099307,
            -53.90209556411289,
            -42.20766723537698,
            -30.883000641579113,
            -20.60929973688462,
            -10.312361518311935,
            1.9231670422134906,
            12.57619045548313,
            20.556322227046184,
            30.950908058160984,
            42.737940826493904,
            53.45600683105266,
            62.69580377896016,
            70.91998559807074,
            78.72565901049899,
            85.56162452564972,
            91.82271498416641
        ],
        "y": [
            -17.013711424108212,
            -9.08024699439407,
            0.6244974546015621,
            10.549181598320788,
            17.743581642595455,
            24.69795239256455,
            30.4826133246686,
            35.84604557095335,
            38.438238993789355,
            40.079559095940326,
            40.70998466585895,
            39.64934426590512,
            38.568248037836916,
            34.93602812800703,
            31.36242661614015,
            25.98815111838252,
            18.47369985681864,
            10.739141514568987,
            1.2442950839136118,
            -7.850365337318675,
            -15.214974367736142
        ],
        "X": [
            -16.593134819827792,
            -8.681928766142832,
            0.990163447491372,
            10.87947026619457,
            18.036815702902498,
            24.949045806386806,
            30.67910914345622,
            35.989672686927086,
            38.533928513897074,
            40.12721299658116,
            40.70057369894465,
            39.590266524474096,
            38.47196825572653,
            34.791314706365426,
            31.162785511548382,
            25.73858682909283,
            18.18112927438319,
            10.408303156313828,
            0.8771597226570438,
            -8.249280008329444,
            -15.643006341562563
        ],
        "Y": [
            -90.22719786323212,
            -85.4356621813695,
            -78.41115999411643,
            -70.80178271296681,
            -62.839098738049735,
            -53.786335364467405,
            -42.06505854884169,
            -30.715503765858937,
            -20.429826378956122,
            -10.125346144025988,
            2.1129892435839417,
            12.760950732996108,
            20.73595425199029,
            31.113488907357755,
            42.883728715013824,
            53.5766162884022,
            62.781270584449494,
            70.9692943681052,
            78.7306055337704,
            85.5240855358408,
            91.75076449094122
        ],
        "R": [
            91.74028208698631,
            85.87565580226719,
            78.41741155684542,
            71.63278096379602,
            65.37644110006933,
            59.29101752026308,
            52.064161268127414,
            47.31488890088024,
            43.61469308144242,
            41.38497139553601,
            40.755385202040806,
            41.596046291550934,
            43.70437209490904,
            46.67424097921286,
            53.01069127394653,
            59.438444334230645,
            65.36085524141875,
            71.7284707609224,
            78.73549172319439,
            85.92100923172188,
            93.07473573464674
        ],
        "theta": [
            -100.42048338692655,
            -95.8024497903237,
            -89.2765166168462,
            -81.26420322619371,
            -73.98484091469575,
            -65.1155493162768,
            -53.895784523084735,
            -40.479207587102174,
            -27.931534078826616,
            -14.161883100503873,
            2.971869057794169,
            17.865452440216213,
            28.32416354457156,
            41.805914803500215,
            53.99481224457157,
            64.3400398719973,
            73.84925872264218,
            81.65652467140471,
            89.36167808664952,
            95.5094569086463,
            99.67558342301099
        ],
        "Rc": 97.26884104284483,
        "xc": 0.2632724205443502,
        "yc": -56.6615451112777,
        "PAc": -0.2662174139173491,
        "R90": [
            79.244253578611,
            79.4815617132281
        ]
    },
    "thickness": {
        "h0": 0.0
    },
    "help": {
        "arcs": {
            "PA0": "[deg] Position angle of symmetry axis",
            "R0": "[arcsec] Radius along symmetry axis",
            "x": "(list) [arcsec] RA offsets from star of shell points",
            "y": "(list) [arcsec] Dec offsets from star of shell points",
            "X": "(list) [arcsec] Offsets from star parallel to axis of shell points",
            "Y": "(list) [arcsec] Offsets from star perpendicular to axis of shell points",
            "R": "(list) [arcsec] Radii of shell points from star",
            "theta": "(list) [deg] Angle from axis of shell points",
            "h": "[arcsec] Bowshock width along symmetry axis"
        },
        "star": {
            "id": "Source identifier deduced from region filename",
            "RA": "[HH:MM:SS] Right ascension of source",
            "Dec": "[deg:arcmin:arcsec] Declination of source",
            "RA_dg": "[deg] Right ascension of source",
            "Dec_dg": "[deg] Declination of source",
            "PA": "[deg] Position Angle of th^1 C from source",
            "D": "[arcsec] Distance of th^1 C from source",
            "PA_binary": "[deg] Position Angle of primary from source",
            "D_binary": "[arcsec] Distance of primary from source"
        },
        "thickness": {
            "h0": "Shell thickness on axis: h0 = R0(outer) - R0(inner)"
        }
    },
    "info": {
        "description": "JSON data file for stationary bowshock arcs",
        "history": [
            "Initially created by find-xy-shell.py: <will@mac> 2017-11-23 23:04",
            "Circle fits added by fit-circle-shell.py: <will@mac> 2017-11-23 23:05"
        ],
        "region": "A16-20mic-i30-forma.reg"
    }
}