{
    "star": {
        "id": "A16-12mic-i30",
        "RA": "2:01:09.540",
        "Dec": "-59:46:22.80",
        "RA_dg": 30.289749999999994,
        "Dec_dg": -59.772999999999996,
        "PA": 59.90232265276143,
        "D": 243803.35646749428
    },
    "outer": {
        "PA0": 359.7408952562797,
        "R0": 41.522078485502256,
        "x": [
            -87.84371790107956,
            -85.42294608367202,
            -83.3796313371592,
            -81.3065334626698,
            -78.77260672876209,
            -74.14696333399111,
            -70.67531119351507,
            -67.42909441662,
            -65.1196582856787,
            -61.178679525608096,
            -58.34042090668588,
            -55.22183964264697,
            -51.7784131665165,
            -47.94973167328861,
            -44.551486274357586,
            -40.78274608842038,
            -35.43496471862225,
            -30.328999455099133,
            -27.0733151451769,
            -22.420092893720696,
            -17.774491007133957,
            -14.752961991440912,
            10.409438846670618,
            14.193986064107214,
            18.900098526626177,
            22.98661732993558,
            26.476589258073673,
            29.037099983554977,
            31.507201711814606,
            34.037403498467015,
            37.16419877792351,
            40.351252106810534,
            43.93111416465077,
            47.699437944840504,
            51.47537453650431,
            55.23608231817162,
            58.301724038435765,
            61.96324017531564,
            64.5904297319937,
            67.5493562416812,
            71.1567285303414,
            75.22407221022652,
            77.59951132779997,
            79.80782553731581,
            79.75135068929659,
            79.77105547926506
        ],
        "y": [
            -12.822108042420481,
            -8.640361601932439,
            -4.358925329244899,
            0.7624964558167118,
            5.89418527122483,
            11.727129249587625,
            15.69922154927004,
            18.041086890254558,
            21.07236074148144,
            24.114431596933358,
            27.49584306009744,
            29.37731634414944,
            31.368849042070387,
            33.58043735190589,
            35.84174492325156,
            37.4230825934974,
            38.37477783543294,
            40.026174430756896,
            40.27695167144589,
            40.29790948338932,
            40.77868607303344,
            41.25909482323361,
            41.56954936144033,
            41.429162117686616,
            41.19851439507971,
            40.187802497466386,
            40.437084571926725,
            39.286493374720656,
            39.2258714001909,
            38.00518162190561,
            36.46425561191312,
            34.65322802206607,
            33.18197302604398,
            30.990536696885076,
            29.258978969143843,
            27.4973095797142,
            25.57586158287649,
            22.28402946480859,
            20.072646124826896,
            17.011019184812763,
            12.428936875134289,
            7.176458959241471,
            1.9149474975815621,
            -4.536500254541858,
            -9.986464098736134,
            -14.426478266805253
        ],
        "X": [
            -12.424728712730877,
            -8.25397228348998,
            -3.981820099198974,
            1.1301743226664311,
            6.250351702497301,
            12.062317881314087,
            16.018670006263317,
            18.34583130931235,
            21.3666303971473,
            24.390848191484725,
            27.759389861768753,
            29.626741010808733,
            31.602681428286527,
            33.79693300135224,
            36.04284985230054,
            37.607128297765925,
            38.534629988711785,
            40.16291942294886,
            40.398971193415676,
            40.39888591740072,
            40.858649178247845,
            41.32538901087631,
            41.522050576225,
            41.364550229988225,
            41.112622811226366,
            40.083441129855736,
            40.31693825029043,
            39.15477963697007,
            39.0829879500639,
            37.85086853599326,
            36.2958182403934,
            34.470396626916774,
            32.98296776728752,
            30.77451267405244,
            29.02589705307894,
            27.247238946277047,
            25.31194710434305,
            22.003590481218623,
            19.78034903596522,
            16.705372498667167,
            12.10702372723514,
            6.836206114821989,
            1.5640062060006197,
            -4.897362051021059,
            -10.347014776439337,
            -14.787072653476775
        ],
        "Y": [
            -87.90080401083365,
            -85.46114618801613,
            -83.39849075759182,
            -81.3022539082513,
            -78.74514648186786,
            -74.09317255603843,
            -70.60359325688532,
            -67.34681925375114,
            -65.02369866390553,
            -61.069003301512815,
            -58.21548223331238,
            -55.08842443000988,
            -51.63602702386119,
            -47.79738340105828,
            -44.388946630013876,
            -40.61309383077912,
            -35.261063372534764,
            -30.14768234764486,
            -26.890897259251567,
            -22.23762781250162,
            -17.58989925311013,
            -14.566228621480116,
            10.59731886663854,
            14.381192524697322,
            19.086213827252287,
            23.168120187828137,
            26.65918373731959,
            29.214465059577126,
            31.684267384751802,
            34.20892307720957,
            37.328717984901026,
            40.50754886832492,
            44.0807209890079,
            47.83909608980145,
            51.60716359435249,
            55.35986627320334,
            58.41678744459777,
            62.06337976735663,
            64.68054210836156,
            67.62559302551362,
            71.21220726430926,
            75.25575651761612,
            77.60737765714958,
            79.78649444921938,
            79.70537426785386,
            79.70500015556983
        ],
        "R": [
            88.77457535429808,
            85.85881181466516,
            83.49349167418089,
            81.31010874769126,
            78.99281607118294,
            75.0686201557532,
            72.3979638494983,
            69.80088530976646,
            68.44424214251109,
            65.75968856176432,
            64.49516336249393,
            62.54980646734605,
            60.53931582258499,
            58.53906849519946,
            57.17924106174986,
            55.35087613861497,
            52.232751205817586,
            50.2189490880562,
            48.530374291716036,
            46.11487909660508,
            44.484084439332875,
            43.81738003524951,
            42.853049497273815,
            43.793203972324626,
            45.3269380465719,
            46.29734383145819,
            48.33391756745874,
            48.85265332750043,
            50.31274934659492,
            51.01900299919125,
            52.06553186260511,
            53.18900035662154,
            55.054392428294854,
            56.88277195262789,
            59.20981366285658,
            61.70191912722386,
            63.66487038831051,
            65.84847076593584,
            67.63752461035327,
            69.65838285785583,
            72.23405351346949,
            75.56561786343741,
            77.62313561195431,
            79.93665524372467,
            80.37417123655156,
            81.06506379112143
        ],