{
    "star": {
        "id": "A16-Halpha-i60",
        "RA": "2:00:24.403",
        "Dec": "-59:51:01.98",
        "RA_dg": 30.101679166666663,
        "Dec_dg": -59.85055,
        "PA": 60.05678702917502,
        "D": 244237.81172682907
    },
    "outer": {
        "PA0": 1.0420951166764592,
        "R0": 80.70229515234544,
        "x": [
            -114.04244270176997,
            -111.78707742558105,
            -107.36268562808816,
            -99.39284011184934,
            -86.62465519748882,
            -78.90534788719853,
            -63.88722796320323,
            -53.798128203709105,
            -43.0969329189464,
            -31.79053403095151,
            -18.839478862950042,
            0.3995667733116977,
            15.937060756355185,
            34.519215474804525,
            47.87522895899707,
            61.55999147238573,
            72.49326275424231,
            82.93283798229675,
            93.02477360878156,
            103.62072513912416,
            110.95435939644186,
            112.40814305439562,
            113.74708080257263
        ],
        "y": [
            -13.31428500851813,
            -0.3721528327136336,
            14.181900257425237,
            25.588780735120878,
            42.15869553405005,
            50.69402821828296,
            56.73297478391367,
            64.56792833136402,
            71.94225367007768,
            76.3757851603765,
            78.69851982243271,
            81.69999933418302,
            78.86894076624071,
            75.2850305121528,
            69.34044049347071,
            60.2941930785957,
            53.908078452299186,
            43.71130738955973,
            34.533896339868264,
            17.43519606459949,
            3.4486230838130534,
            -12.922740089117715,
            -22.90400899385602
        ],
        "X": [
            -15.386171420194358,
            -2.4051615319925572,
            12.226950723380865,
            23.776892023814458,
            40.57628103713047,
            49.250592953957444,
            55.5616750653236,
            63.57882307312549,
            71.14655123275355,
            75.78497877305013,
            78.34286994872706,
            81.69375331989211,
            79.1457432193106,
            75.90037916066298,
            70.19967801796075,
            61.40381143842722,
            55.21759633121352,
            45.21237621421847,
            36.220024993923865,
            19.31686123637612,
            5.4659783113784455,
            -10.876237141908229,
            -20.831503930285507
        ],
        "Y": [
            -113.78143368626944,
            -111.76181984510082,
            -107.60285421955712,
            -99.84178369148664,
            -87.37706743998888,
            -79.81426887392688,
            -64.90846315073158,
            -54.96352630484224,
            -44.39821773264264,
            -33.17432147317278,
            -20.26765191792619,
            -1.0863762333825078,
            14.500036324212868,
            33.14429814431676,
            46.60621677286824,
            60.45323986283329,
            71.50084700601815,
            82.12414411466601,
            92.38132003179734,
            103.28649288335592,
            110.87328781698744,
            112.62457681155271,
            114.14482232278485
        ],
        "R": [
            114.81702366232342,
            111.78769689497922,
            108.29530257673804,
            102.63392404565724,
            96.33891476042565,
            93.78666441555481,
            85.44125657230516,
            84.04317918324413,
            83.86318316251757,
            82.72785874683976,
            80.9220797191309,
            81.70097640060271,
            80.46303327081662,
            82.82156757881224,
            84.2622942703612,
            86.16856891627701,
            90.34021290197882,
            93.74718134164067,
            99.22801268481511,
            105.07730839800259,
            111.00794057295629,
            113.14852114079247,
            116.03013409928312
        ],
        "theta": [
            -97.70114630174271,
            -91.23283905923259,
            -83.5172660830611,
            -76.60476583071234,
            -65.09072327361137,
            -58.322716311534656,
            -49.43645889271846,
            -40.84322564871551,
            -31.96576863291914,
            -23.641048503706966,
            -14.504666869792743,
            -0.7618832757053077,
            10.381842164891657,
            23.590007775574836,
            33.580552416214225,
            44.5530612784445,
            52.3223497980545,
            61.16559146509389,
            68.59130069743377,
            79.40679634455681,
            87.17764174147064,
            95.51599025702163,
            100.3426930182339
        ],
        "Rc": 110.30407818454064,
        "xc": 0.030986640816620687,
        "yc": -29.930198911030004,
        "PAc": -0.059318119169275076,
        "R90": [
            111.2296618483188,
            111.73248275686868
        ]
    },
    "thickness": {
        "h0": 0.0
    },
    "help": {
        "arcs": {
            "PA0": "[deg] Position angle of symmetry axis",
            "R0": "[arcsec] Radius along symmetry axis",
            "x": "(list) [arcsec] RA offsets from star of shell points",
            "y": "(list) [arcsec] Dec offsets from star of shell points",
            "X": "(list) [arcsec] Offsets from star parallel to axis of shell points",
            "Y": "(list) [arcsec] Offsets from star perpendicular to axis of shell points",
            "R": "(list) [arcsec] Radii of shell points from star",
            "theta": "(list) [deg] Angle from axis of shell points",
            "h": "[arcsec] Bowshock width along symmetry axis"
        },
        "star": {
            "id": "Source identifier deduced from region filename",
            "RA": "[HH:MM:SS] Right ascension of source",
            "Dec": "[deg:arcmin:arcsec] Declination of source",
            "RA_dg": "[deg] Right ascension of source",
            "Dec_dg": "[deg] Declination of source",
            "PA": "[deg] Position Angle of th^1 C from source",
            "D": "[arcsec] Distance of th^1 C from source",
            "PA_binary": "[deg] Position Angle of primary from source",
            "D_binary": "[arcsec] Distance of primary from source"
        },
        "thickness": {
            "h0": "Shell thickness on axis: h0 = R0(outer) - R0(inner)"
        }
    },
    "info": {
        "description": "JSON data file for stationary bowshock arcs",
        "history": [
            "Initially created by find-xy-shell.py: <will@mac> 2017-11-23 23:04",
            "Circle fits added by fit-circle-shell.py: <will@mac> 2017-11-23 23:05"
        ],
        "region": "A16-Halpha-i60-forma.reg"
    }
}