{
    "star": {
        "id": "M16-MS2070n00p10-CD",
        "RA": "2:02:06.128",
        "Dec": "-59:52:36.59",
        "RA_dg": 30.52553333333333,
        "Dec_dg": -59.87683055555556,
        "PA": 59.63721835436651,
        "D": 243622.91705625184
    },
    "outer": {
        "PA0": 359.26820966724205,
        "R0": 129.55748842346554,
        "x": [
            -356.5728143603229,
            -352.48953299982105,
            -347.6287167112318,
            -341.94246838740935,
            -336.24226362648125,
            -328.89178614130645,
            -321.55327429918515,
            -315.030325690715,
            -305.20048236301915,
            -296.2017454103087,
            -284.71968402530445,
            -276.5147531668334,
            -265.8284796678459,
            -253.49625087821838,
            -241.96412512078723,
            -229.60395821841567,
            -218.0635633439889,
            -204.02792350017776,
            -192.47082290761958,
            -180.06372799624714,
            -165.9984275624584,
            -153.59373532121808,
            -140.33245301429358,
            -127.06911651376625,
            -112.97418423169819,
            -97.19637263814748,
            -83.08122428181146,
            -68.12709984743125,
            -51.49089154695564,
            -34.85324947593681,
            -19.87243708466746,
            -4.785385603811619,
            7.272314104238074,
            16.918434469135285,
            28.508445364620666,
            34.6951329657687,
            40.48974165977951,
            47.25632289960588,
            54.49749003184808,
            62.22805342482668,
            69.49062109295942,
            77.22033277923954,
            84.47469670290954,
            91.25401728560745,
            98.50770562127002,
            105.29307141816459,
            113.03484404865505,
            120.30147986323846,
            127.56715346450277,
            135.3278725135791,
            143.08843451560722,
            150.84830502338855,
            158.13169355088172,
            165.90323096769131,
            173.17821640011445,
            179.98411992908987,
            186.79604290248926,
            193.60041021738965,
            200.40399955991754,
            207.21269402433558,
            213.55285789948746,
            220.35980877696304,
            226.69163711042705,
            231.0890276976132,
            238.40157046042032,
            245.23026364356045,
            252.06532936001307,
            258.9046661583114,
            264.2679418747489,
            268.18701390557203,
            272.59242016119975,
            277.95907018809635,
            283.3440732934313,
            289.2222605722213,
            296.0849363150561,
            300.98551769378497,
            307.3591855876537,
            312.2766520954841,
            315.7135460134333,
            320.6231564040144,
            324.0713215676995,
            328.985512613084,
            333.965998753926,
            338.89020547494385,
            347.7184695115528,
            350.6770375567616,
            353.1758869747876,
            357.5985549789188,
            361.53975371112074
        ],
        "y": [
            -288.16261333384296,
            -277.2904320793382,
            -259.75609492751977,
            -241.37958992757436,
            -224.66332932613295,
            -206.27278344234955,
            -185.38271896678083,
            -167.82527314019023,
            -146.07968322328819,
            -124.34696845022792,
            -101.748998083806,
            -85.0196916799566,
            -66.59540876023834,
            -45.66858328773177,
            -28.904664089047273,
            -10.480268647721008,
            5.4513466493545275,
            21.396122011036464,
            35.65528312006743,
            47.414601777473806,
            60.034941802438105,
            71.79150612261125,
            81.0677868889799,
            90.34259882067778,
            98.78672642036547,
            106.41057035626866,
            113.1911927902388,
            118.31063066983656,
            122.60893584348847,
            126.0749309091523,
            128.68835208322886,
            129.29990444253943,
            129.87977931466045,
            129.468805598839,
            127.63660855871093,
            126.54497681993058,
            125.14315872114669,
            123.75068092645294,
            122.35760599978407,
            120.493840108664,
            117.65984745925392,
            115.30511427813983,
            112.47021815441946,
            109.62524528183732,
            106.78949938519054,
            102.99372610139174,
            99.19666939908943,
            95.38958996662461,
            91.11206992407776,
            85.38354921237061,
            80.14452529107119,
            74.89499847240617,
            68.68559709343444,
            61.9950758237982,
            56.26476914926198,
            49.56472417475951,
            42.3842810257524,
            35.69346181962768,
            28.992255797197817,
            21.330651248816654,
            13.179493723317991,
            5.517141044449926,
            -2.1446996361275703,
            -9.34312487951232,
            -18.927490494161578,
            -29.00131405444701,
            -39.07554340447362,
            -50.12017772918693,
            -57.791926671521495,
            -64.99066948463941,
            -73.16065216862968,
            -81.79303038832259,
            -91.87569946225344,
            -102.91980853188703,
            -116.85665352333642,
            -126.94892668415564,
            -139.91519254862317,
            -151.44798290495262,
            -159.61704447113067,
            -170.67016033106268,
            -179.8094998330441,
            -191.34297857607592,
            -211.07688335036286,
            -223.58080884967794,
            -241.83627178202832,
            -250.00496283470935,
            -261.0823818942659,
            -271.6555996544027,
            -282.2375246627323
        ],