{
    "star": {
        "id": "M17-HD2040-Halpha-i00-CD",
        "RA": "2:02:07.422",
        "Dec": "-59:39:17.05",
        "RA_dg": 30.530924999999993,
        "Dec_dg": -59.65473611111111,
        "PA": 59.710948778532746,
        "D": 243210.7780702414
    },
    "outer": {
        "PA0": 359.8747449517526,
        "R0": 116.83653608912681,
        "x": [
            -350.8261174138777,
            -346.10535375145787,
            -339.4700578943597,
            -325.9938577797618,
            -308.77472925292477,
            -287.0962916391549,
            -272.4473177247966,
            -257.2838223084761,
            -243.55355585436004,
            -225.5710498703134,
            -209.91053569745677,
            -195.2510888325461,
            -176.80081242178767,
            -156.4024368470744,
            -145.62894953995024,
            -134.50619074598995,
            -119.07790627617887,
            -106.95816491620384,
            -97.42947771020896,
            -89.35568591666714,
            -82.49654028722207,
            -77.30437943991522,
            -67.7727023947886,
            -52.46736332637924,
            -42.644881157248605,
            -36.675307968788985,
            -30.796840551147884,
            -25.358144890775623,
            -20.24556963180102,
            -16.38458441220458,
            -9.322542096619477,
            9.322542096614574,
            16.384584412200617,
            20.24556963179789,
            25.358144890771047,
            30.79684055114631,
            36.675307968789674,
            42.64488115724715,
            52.467363326379825,
            67.77270239478916,
            77.30437943991208,
            82.49654028722117,
            89.35568591666754,
            97.42947771020701,
            106.9581649162025,
            119.07790627617912,
            134.50619074598964,
            145.62894953995013,
            156.40243684707406,
            176.80081242178764,
            195.25108883254597,
            209.91053569745674,
            225.5710498703134,
            243.55355585436,
            257.28382230847603,
            272.4473177247966,
            287.0962916391546,
            308.77472925292454,
            325.9938577797614,
            339.47005789435974,
            346.1053537514566,
            350.8261174138758
        ],
        "y": [
            -280.0909626437747,
            -262.6972240210719,
            -223.74816966617956,
            -172.25074890052286,
            -126.26524961694464,
            -80.55155438322568,
            -58.19752483833342,
            -36.544191089979435,
            -22.8956759674267,
            -0.12069257813330295,
            14.99757243396997,
            28.16218211420813,
            43.20061688151557,
            56.25876192419921,
            62.62223389521291,
            69.57513339902577,
            79.4413285976364,
            85.8726667588568,
            90.61072645088645,
            94.65696703194607,
            101.18184545151266,
            106.2152790505366,
            110.55100019212561,
            113.67861309818593,
            114.96247761113538,
            115.30443624323505,
            116.09607689655138,
            116.36734018578082,
            116.45830458513156,
            116.52888958185025,
            116.74964051271492,
            116.74964051271532,
            116.52888958185082,
            116.4583045851321,
            116.36734018578181,
            116.09607689655179,
            115.30443624323483,
            114.96247761113592,
            113.67861309818565,
            110.55100019212526,
            106.21527905053887,
            101.1818454515134,
            94.6569670319457,
            90.61072645088855,
            85.87266675885844,
            79.44132859763602,
            69.57513339902641,
            62.622233895213206,
            56.25876192420023,
            43.20061688151577,
            28.16218211420887,
            14.997572433970394,
            -0.1206925781332477,
            -22.895675967427074,
            -36.54419108997983,
            -58.19752483833336,
            -80.55155438322689,
            -126.26524961694513,
            -172.25074890052366,
            -223.74816966617945,
            -262.6972240210736,
            -280.0909626437771
        ],
        "X": [
            -279.32334843011364,
            -261.9399714850922,
            -223.00551569563757,
            -171.5376784580875,
            -125.58993198956674,
            -79.92373746720367,
            -57.60178562500415,
            -35.981652706245995,
            -22.36318608745643,
            0.3724311212787157,
            15.45642438132306,
            28.5889554223571,
            43.58701989773537,
            56.60054061897044,
            62.94044534232554,
            69.8690126436882,
            79.70145632025982,
            86.10628401051483,
            90.82350161039192,
            94.85208231566783,
            101.36195028828699,
            106.38402121843147,
            110.69889469315267,
            113.7930409516391,
            115.05542935791192,
            115.38433702174919,
            116.16312479961914,
            116.42249784685522,
            116.50228537052485,
            116.5644296553321,
            116.76974164851056,
            116.72898142009842,
            116.49279260653586,
            116.41376723523764,
            116.31162639493313,
            116.0284741601009,
            115.22398441465799,
            114.86897644854714,
            113.56364196462188,
            110.40257735812533,
            106.04602927046459,
            101.00125705778238,
            94.4613993742363,
            90.39751825473577,
            85.63863911415795,
            79.180821217902,
            69.28092164866977,
            62.30372317092583,
            55.91671436384763,
            42.81400740574059,
            27.735274216509616,
            14.538648811896891,
            -0.6138157007447987,
            -23.42805642694408,
            -37.10655482580338,
            -58.79298592056242,
            -81.17898633627144,
            -126.93996381156724,
            -172.96299614144942,
            -224.48975432449947,
            -263.45322110386803,
            -280.8572382780431
        ],