{
    "star": {
        "id": "M17-MHD2040-AllB7-60mic-i30",
        "RA": "2:02:02.709",
        "Dec": "-59:37:46.45",
        "RA_dg": 30.511287499999995,
        "Dec_dg": -59.62956944444444,
        "PA": 59.73893802775761,
        "D": 243195.9581926635
    },
    "outer": {
        "PA0": 359.65247364499174,
        "R0": 19.939711230321358,
        "x": [
            -45.792168195591316,
            -44.59764116948705,
            -42.27359219446888,
            -39.523483048380285,
            -38.493066887735935,
            -37.44719095497376,
            -36.36340114836732,
            -35.41600687440724,
            -34.279097236293595,
            -33.278436499224775,
            -31.868304228051347,
            -30.77652771990566,
            -29.434532924067614,
            -27.44799136597025,
            -26.3181162909692,
            -24.998724317729913,
            -23.307580486920504,
            -21.616471750878954,
            -19.644577641592548,
            -17.930554051913248,
            -15.806875613876949,
            -13.569463761429125,
            -11.86291331950668,
            -9.443360788634946,
            -7.145126041477747,
            -5.127499793916935,
            -3.4436218532205305,
            -1.2591231050077738,
            1.2591231050069545,
            3.443621853220525,
            5.127499793918446,
            7.145126041477743,
            9.443360788636234,
            11.862913319506104,
            13.569463761431157,
            15.80687561387653,
            17.930554051914317,
            19.644577641593447,
            21.616471750879686,
            23.3075804869205,
            24.998724317730638,
            26.31811629096951,
            27.447991365970413,
            29.4345329240677,
            30.776527719905697,
            31.868304228051333,
            33.27843649922478,
            34.279097236293595,
            35.416006874407245,
            36.36340114836733,
            37.4471909549738,
            38.49306688773594,
            39.523483048380605,
            42.27359219446901,
            44.59764116948731,
            45.792168195592325
        ],
        "y": [
            -37.358677148915405,
            -28.288229663592592,
            -17.87739358238608,
            -10.496462454097333,
            -7.6861297226702465,
            -5.665801044530419,
            -3.5154700096572746,
            -1.615188605799145,
            0.6751392747689514,
            2.1654189800954393,
            4.005799055994351,
            5.306082012772137,
            6.956416301483788,
            9.31688377465265,
            10.247135072768407,
            11.727415159400913,
            12.837753077928651,
            14.318067331724365,
            15.1484038644781,
            16.068670255794455,
            16.648966595302582,
            17.76923844855943,
            18.39941795831935,
            19.12963117390784,
            19.619788852336175,
            19.609891262851008,
            19.78995095478506,
            19.929993443045383,
            19.929993443045436,
            19.78995095478506,
            19.609891262850617,
            19.61978885233618,
            19.129631173907203,
            18.39941795831972,
            17.76923844855788,
            16.64896659530298,
            16.068670255793265,
            15.148403864476938,
            14.31806733172326,
            12.837753077928658,
            11.727415159399364,
            10.247135072767618,
            9.316883774652169,
            6.956416301483429,
            5.306082012771899,
            4.005799055994473,
            2.1654189800953882,
            0.6751392747689599,
            -1.6151886057990419,
            -3.5154700096571694,
            -5.665801044530211,
            -7.686129722670237,
            -10.49646245409613,
            -17.87739358238577,
            -28.288229663592183,
            -37.358677148914175
        ],
        "X": [
            -37.080240199925505,
            -28.017204899464577,
            -17.620656709319547,
            -10.256541980336275,
            -7.452510874270766,
            -5.438563059748052,
            -3.2948452442810114,
            -1.4003451609912219,
            0.8830447296801767,
            2.36722757176467,
            4.199020718521965,
            5.492657649621389,
            7.13482178897713,
            9.483196588952362,
            10.40657758346282,
            11.878827744988204,
            12.978887704172493,
            14.44891740578935,
            15.267278255300539,
            16.177131407782948,
            16.744536024494852,
            17.85121637870449,
            18.47103331371151,
            19.186557441656607,
            19.662766294227595,
            19.64063109194523,
            19.810474007803236,
            19.937263969660066,
            19.92198969348043,
            19.768699830969098,
            19.578429987341043,
            19.576089599897845,
            19.072001128475403,
            18.327125689733485,
            17.686606789475185,
            16.552784651889784,
            15.95961793864225,
            15.028972165022859,
            14.18669049704483,
            12.696146151720733,
            11.575571123095969,
            10.08731557074945,
            9.150228192903558,
            6.777754887960866,
            5.119311165566998,
            3.8124300204227777,
            1.9635307228257746,
            0.46720898153491514,
            -1.829972627940407,
            -3.735965441157854,
            -5.892830584920978,
            -7.919465798938962,
            -10.735996763797951,
            -18.1334727474955,
            -28.558213705891923,
            -37.635739674999336
        ],
        "Y": [
            -46.017922737625256,
            -44.76840141220037,
            -42.38124886616853,
            -39.58642169900531,
            -38.53897858281021,
            -37.48086770259748,
            -36.38405512421782,
            -35.4251522310131,
            -34.27437165552406,
            -33.26469012054329,
            -31.843421070200105,
            -30.743777854460905,
            -29.39179773775512,
            -27.39097544360269,
            -26.255478767371734,
            -24.927132511376143,
            -23.229285098913916,
            -21.529228710592903,
            -19.552334516193206,
            -17.832760633546297,
            -15.705601506738704,
            -13.4614358675133,
            -11.75109450029287,
            -9.32715741113476,
            -7.025991916978376,
            -5.00846281683041,
            -3.3235237093976813,
            -1.138215725374928,
            1.3799841615960664,
            3.563593306456033,
            5.246348130675638,
            7.263997297330842,
            9.559216745607744,
            11.974295703036763,
            13.676992435802221,
            15.907568187257318,
            18.027687806554802,
            19.736098044468193,
            21.7029195228061,
            23.38501839080506,
            25.069396422908827,
            26.37978557306057,
            27.503997478813076,
            29.47618521614173,
            30.80814531922502,
            31.892014953402047,
            33.29095856674621,
            34.282561691670296,
            35.40555856558901,
            36.34140936574084,
            37.41213652802912,
            38.4457390356443,
            39.459090331805655,
            42.1643802805121,
            44.425240182930835,
            45.56472896315636
        ],