{
    "star": {
        "id": "M17-MHD2040-AllB7",
        "RA": "2:01:21.659",
        "Dec": "-59:55:11.43",
        "RA_dg": 30.340245833333327,
        "Dec_dg": -59.91984166666666,
        "PA": 59.80149706310163,
        "D": 243989.89182178045
    },
    "outer": {
        "PA0": 358.6899686441792,
        "R0": 47.71204868980859,
        "x": [
            -130.31324284477918,
            -130.31169154089852,
            -129.94089901877504,
            -129.62521859694883,
            -128.72645621793086,
            -127.74757994271421,
            -126.02610196962604,
            -124.26504188097836,
            -122.40432356100385,
            -120.28782432320966,
            -118.65008207205037,
            -116.23882580321107,
            -113.5791119055365,
            -110.06342926879981,
            -106.1398628120043,
            -102.32051552270963,
            -99.74665817874815,
            -96.0760700936905,
            -91.73642114667473,
            -86.96733418254028,
            -80.82241835869794,
            -75.05208656685724,
            -68.14561679294887,
            -60.816335735331315,
            -53.61411708259235,
            -46.49341320044714,
            -40.04913036054588,
            -31.79171647760425,
            -25.46657481621987,
            -19.013555794150754,
            -15.613927924258848,
            -11.868316839025706,
            -8.228126216348654,
            -5.377635630844391,
            -2.2563562780010993,
            0.8273320888187821,
            4.008787956070341,
            7.844577653630763,
            9.273580071192052,
            11.868329746986387,
            14.899377850928454,
            18.404349048677354,
            23.323225995036577,
            31.784192712338967,
            39.83126236135145,
            46.674130403118866,
            53.719692660432315,
            59.1703744404421,
            64.9816563150481,
            70.46127776583458,
            75.31584242130164,
            80.58316385745286,
            85.2258715265457,
            89.07930725071111,
            93.69782560072544,
            98.38283900185967,
            103.07332195343189,
            106.32219824266335,
            110.79421003623561,
            113.82297630644302,
            117.96709931620941,
            120.39912801834997,
            124.192932408787,
            126.12062976759192,
            128.33706953387298,
            129.87908962524324,
            130.72433631955352,
            131.59592561377443,
            132.19879110018604,
            132.5241956279043,
            132.70807669577198,
            132.89748066097252
        ],
        "y": [
            -185.04119162742535,
            -172.72118175748963,
            -154.740765389019,
            -141.2204130976536,
            -125.11942964145388,
            -113.458370299093,
            -100.60653208510959,
            -89.33467887780483,
            -79.67275075785756,
            -70.0205940199213,
            -62.19895096032205,
            -53.63657474524582,
            -45.184011090172746,
            -35.41071455029931,
            -27.227159638257692,
            -19.603823599932337,
            -14.271644511289068,
            -7.608633548111296,
            -0.3452199204955453,
            6.4383488356047245,
            14.242665601082741,
            21.106430864193843,
            28.03057030420191,
            33.24452575073481,
            38.12797437429612,
            41.400956865140614,
            44.44329019279297,
            46.715771925412646,
            47.22728697561257,
            47.96848770565411,
            47.56898015165812,
            46.8294107595807,
            47.239716786145735,
            47.709879025605424,
            48.00997870267218,
            48.219997136658485,
            47.85993277412696,
            47.689742575465424,
            47.4396402451476,
            46.959410759021566,
            47.24907135693879,
            48.02858306373019,
            48.12772445079475,
            46.70577392599428,
            45.16336304159954,
            41.96088647571351,
            38.76792703847345,
            35.21535228901122,
            31.582333221892153,
            27.2192272281103,
            22.01626511580213,
            16.252827703047164,
            10.429604859784266,
            5.436792583991172,
            -1.4067424487922662,
            -9.020511520138129,
            -18.314470288173652,
            -25.047320846288095,
            -33.54138934354607,
            -41.644241484761835,
            -53.76826966336794,
            -63.96070278297865,
            -79.21459774609177,
            -89.346624941483,
            -103.09899608391059,
            -114.95067187622527,
            -124.99160142490503,
            -138.25256836168654,
            -149.90324273410764,
            -161.1436114593192,
            -171.3238228811136,
            -183.25404198812373
        ],
        "X": [
            -182.01355655337852,
            -169.69680233072597,
            -151.72956284458908,
            -138.2199616793345,
            -122.14373450420486,
            -110.50810253737869,
            -97.69898057600426,
            -86.4703355887314,
            -76.85347331284503,
            -67.25222762250387,
            -59.47007163573044,
            -50.96506046730094,
            -42.57551348610526,
            -32.88514830337106,
            -24.793434414955794,
            -17.259410274314305,
            -11.987469375195364,
            -5.410118314033178,
            1.7521821635847328,
            8.424945220499305,
            16.086734779439812,
            22.816782553697166,
            29.58121391932388,
            34.62624182881279,
            39.343754250079925,
            42.45308509992317,
            45.34729166024079,
            47.430395378106255,
            47.79716901095919,
            48.390644709523265,
            47.91351803344718,
            47.0885084082964,
            47.41548381097938,
            47.820354194587686,
            48.04901559388961,
            48.18847871434448,
            47.755772848833836,
            47.49793189719365,
            47.21522455850835,
            46.67579847099614,
            46.89608641974408,
            47.59526243667378,
            47.58192073374617,
            45.966904138007344,
            44.240921335607716,
            40.88283765724433,
            37.52963455014014,
            33.85337287132434,
            30.08844372904595,
            25.601201031616014,
            20.288612014351198,
            14.406257595052105,
            8.478413521864985,
            3.398807590940667,
            -3.548528959380101,
            -11.267418460303823,
            -20.666183539999274,
            -27.47155128485092,
            -36.06564039948246,
            -44.23561940268931,
            -56.45122309254291,
            -66.69659406934554,
            -82.03323735175084,
            -92.2066879841792,
            -106.00613762029,
            -117.8899698754032,
            -127.94759928624028,
            -141.22502669213904,
            -152.8864387662144,
            -164.131309023352,
            -174.31306351750783,
            -186.24449454970437
        ],