{
    "star": {
        "id": "M17-MHD2040-AllB7-60mic-i45",
        "RA": "2:02:03.240",
        "Dec": "-59:46:26.77",
        "RA_dg": 30.513499999999997,
        "Dec_dg": -59.77410277777778,
        "PA": 59.68533022752626,
        "D": 243454.90914001857
    },
    "outer": {
        "PA0": 0.564456338612248,
        "R0": 23.3021176004193,
        "x": [
            -45.97858643874008,
            -44.828779759496534,
            -43.69166375793939,
            -42.19890195839799,
            -41.135798754003275,
            -40.35883685150603,
            -39.17417205175492,
            -37.04608897229728,
            -35.43085881960052,
            -34.20050366446918,
            -32.471822153777524,
            -31.377142368287426,
            -29.882324202887357,
            -28.29689908854722,
            -26.220552822672545,
            -24.906765503734945,
            -23.524904849578487,
            -21.992049893955148,
            -19.545368065512264,
            -17.362906197253604,
            -15.62594745146826,
            -14.870757877519166,
            -11.917869155595202,
            -9.267004132805033,
            -6.963498487680791,
            -4.94695391615651,
            -3.2627284191888846,
            -1.080024785671537,
            1.080024785672338,
            3.262728419187317,
            4.94695391615881,
            6.963498487679317,
            9.267004132804328,
            11.917869155597652,
            14.870757877519145,
            15.625947451468255,
            17.362906197253153,
            19.545368065513767,
            21.992049893956334,
            23.524904849577997,
            24.906765503735986,
            26.220552822673046,
            28.296899088547555,
            29.882324202887276,
            31.377142368287373,
            32.47182215377748,
            34.20050366446922,
            35.430858819600516,
            37.04608897229728,
            39.17417205175496,
            40.35883685150608,
            41.13579875400344,
            42.19890195839785,
            43.69166375794005,
            44.8287797594974,
            45.97858643874084
        ],
        "y": [
            -40.548799023406275,
            -26.798363378410134,
            -18.947943894915344,
            -12.877409931662044,
            -8.507040997545266,
            -6.266777391772175,
            -3.796385207671223,
            0.3442899035087177,
            2.7947770938835514,
            4.595133613247034,
            6.815613218443792,
            7.965904048215087,
            9.616285073986088,
            11.506668870496231,
            13.437139843848895,
            14.697419311100594,
            15.567697746009259,
            16.817988018972617,
            18.268410815431494,
            19.33874591444996,
            20.008984283861956,
            20.429080092536218,
            21.599409159223956,
            22.47964276962177,
            22.96979829217023,
            22.96989820098762,
            23.139955717783472,
            23.279995147820983,
            23.279995147820944,
            23.139955717783696,
            22.969898200987124,
            22.969798292170672,
            22.479642769622057,
            21.599409159222603,
            20.429080092536235,
            20.00898428386196,
            19.338745914450364,
            18.26841081542989,
            16.81798801897106,
            15.567697746009998,
            14.69741931109883,
            13.437139843847921,
            11.506668870495409,
            9.616285073986333,
            7.96590404821529,
            6.815613218443972,
            4.595133613246739,
            2.794777093883623,
            0.3442899035086939,
            -3.796385207670831,
            -6.266777391771878,
            -8.50704099754445,
            -12.877409931662521,
            -18.94794389491382,
            -26.798363378408684,
            -40.54879902340542
        ],
        "X": [
            -40.999787626634856,
            -27.23869196963328,
            -19.377451186774806,
            -13.292505920804818,
            -8.911875945773895,
            -6.664066842054079,
            -4.182123857721337,
            -0.020684950292494345,
            2.445595704555093,
            4.257985655668761,
            6.495387548646517,
            7.656406755015814,
            9.321433837730998,
            11.227344655547109,
            13.178176996087272,
            14.451338032128278,
            15.33518758323183,
            16.600518046278392,
            18.07497385195107,
            19.166757451675227,
            19.854074880032435,
            20.28159002435697,
            21.480952570414487,
            22.38725836252901,
            22.900082998256426,
            22.920048814919195,
            23.106690163242913,
            23.268225620028627,
            23.28950526680863,
            23.170975454859217,
            23.01751827429548,
            23.037284283020888,
            22.569845445040155,
            21.715769446253663,
            20.574587443659937,
            20.16195174247299,
            19.50885748109546,
            18.460074762722748,
            17.033825744323067,
            15.798697006696047,
            14.942074151689754,
            13.6947985679669,
            11.784876321081242,
            9.910203014550135,
            8.27462822124724,
            7.135177408012517,
            4.931835596275676,
            3.143687239857729,
            0.7092313427136141,
            -3.4102781045300046,
            -5.868879727788648,
            -8.101380409825374,
            -12.461064142715406,
            -18.51659763569226,
            -26.35543390785615,
            -40.09387501069971
        ],
        "Y": [
            -45.576890281327074,
            -44.56260129604414,
            -43.50287858620224,
            -42.0699928617527,
            -41.049995770900026,
            -40.29514144421314,
            -39.134871107801025,
            -37.047683001961886,
            -35.45667211328246,
            -34.24411280765033,
            -32.53739015537156,
            -31.454095537892925,
            -29.97560857763256,
            -28.40888344353275,
            -26.351655898055228,
            -25.05034792863198,
            -23.677127846930997,
            -22.15666446331001,
            -19.72439014998958,
            -17.552578555498183,
            -15.82230692680265,
            -15.071292557805444,
            -12.130076582819186,
            -9.488011786281078,
            -7.189446671607351,
            -5.173000940849687,
            -3.4905324892136624,
            -1.309314368544367,
            0.8506303824378885,
            3.034607689417951,
            4.720426771467184,
            6.736874470716948,
            9.045097082631777,
            11.70450505551649,
            14.66877993570866,
            15.428071420695215,
            17.17154870536109,
            19.36444903147022,
            21.825300915601495,
            23.37039867403713,
            24.760765786012325,
            26.086904946591968,
            28.182168415852782,
            29.786139639117994,
            31.29714393207927,
            32.4031026428978,
            34.15357523712958,
            35.40160683128544,
            37.04089948399656,
            39.20967099881462,
            40.41861528584644,
            41.217609357155474,
            42.32371549703176,
            43.876208493665104,
            45.09060742566445,
            46.37582020591849
        ],