{
    "star": {
        "id": "M17-HD2040-Halpha-i00-BS",
        "RA": "2:02:07.403",
        "Dec": "-59:38:59.40",
        "RA_dg": 30.530845833333323,
        "Dec_dg": -59.64983333333333,
        "PA": 59.712774062165266,
        "D": 243202.00065253463
    },
    "outer": {
        "PA0": 0.03803756107629397,
        "R0": 131.3878945080686,
        "x": [
            -437.2559507342226,
            -421.89587843495667,
            -404.42821274299894,
            -381.75132498787985,
            -351.25876036058304,
            -322.89784935005525,
            -299.15502386631965,
            -282.3067093234853,
            -266.1146847242442,
            -248.1034226473912,
            -232.84396516994596,
            -217.79923991019476,
            -199.3371997949817,
            -181.35822082900395,
            -170.1990007301468,
            -159.48604235152536,
            -146.05583292460938,
            -133.53303085957324,
            -122.00926181090796,
            -112.31843389889848,
            -105.44945448125937,
            -93.80656286907573,
            -83.0747002978222,
            -74.99648920993792,
            -65.17214146066941,
            -56.41047930810262,
            -45.72094940820056,
            -35.47097733651972,
            -25.531628378161574,
            -15.652890362730709,
            -7.792368081339643,
            7.792368081339611,
            15.652890362729865,
            25.531628378160732,
            35.47097733651451,
            45.72094940819554,
            56.410479308102595,
            65.1721414606694,
            74.99648920993442,
            83.07470029782006,
            93.80656286907379,
            105.44945448125635,
            112.31843389889843,
            122.00926181090627,
            133.53303085957322,
            146.05583292460912,
            159.4860423515243,
            170.19900073014648,
            181.35822082900359,
            199.3371997949815,
            217.79923991019464,
            232.8439651699459,
            248.1034226473912,
            266.1146847242442,
            282.3067093234853,
            299.1550238663196,
            322.89784935005514,
            351.2587603605831,
            381.7513249878791,
            404.4282127429984,
            421.8958784349559,
            437.255950734221
        ],
        "y": [
            -304.933762547115,
            -263.2786904534834,
            -224.24854428404484,
            -177.67432367305443,
            -123.24138102995026,
            -79.97196366249088,
            -48.38066619359024,
            -28.390029476328795,
            -10.693208910390492,
            9.265184935367538,
            24.375596779085285,
            38.75368463382972,
            52.18557625063326,
            66.83391704598117,
            74.8001573564855,
            82.95477713841974,
            90.79175883881504,
            97.62624635587001,
            103.58843018825405,
            107.6478243252538,
            112.17401284270493,
            114.84360818884548,
            119.1814597716943,
            121.85674099961815,
            123.13243581237809,
            125.91684131387574,
            127.95135598928488,
            129.46479734441616,
            129.99730453520377,
            130.51898687358943,
            131.5497489215861,
            131.5497489215861,
            130.5189868735895,
            129.99730453520397,
            129.46479734441755,
            127.95135598928667,
            125.91684131387575,
            123.1324358123781,
            121.85674099962031,
            119.18145977169581,
            114.84360818884707,
            112.17401284270777,
            107.64782432525382,
            103.58843018825604,
            97.62624635587004,
            90.79175883881548,
            82.95477713842175,
            74.80015735648614,
            66.83391704598218,
            52.18557625063402,
            38.75368463383035,
            24.375596779085754,
            9.265184935367598,
            -10.69320891039043,
            -28.39002947632923,
            -48.38066619359043,
            -79.97196366249109,
            -123.24138102995018,
            -177.67432367305605,
            -224.24854428404575,
            -263.27869045348484,
            -304.93376254711717
        ],
        "X": [
            -305.2239811059124,
            -263.5587209372609,
            -224.51698692391815,
            -177.92772182986948,
            -123.47454775902689,
            -80.18631166728584,
            -48.579258758146175,
            -28.577441176499317,
            -10.869874938872314,
            9.100471836719676,
            24.221010808840152,
            38.60908339680838,
            52.05322864449191,
            66.71350210771159,
            74.687149052791,
            82.84887916327472,
            90.69477519255878,
            97.5375748492485,
            103.50740777482606,
            107.57323457021555,
            112.10398227262924,
            114.78130652070965,
            119.12628182333182,
            121.8069254295852,
            123.08914215540915,
            125.8793637411131,
            127.92097454003854,
            129.44122031958585,
            129.9803259342881,
            130.5085664605428,
            131.54454672988737,
            131.55489313437192,
            130.52934976201877,
            130.01422584142725,
            129.48831730925139,
            127.98168104556696,
            125.9542633903593,
            123.17567520026005,
            121.90650286281283,
            119.2365851923147,
            114.9058592410934,
            112.24399397348485,
            107.72236663585466,
            103.669406946374,
            97.71487483493976,
            90.88870246973518,
            83.06063855228224,
            74.91313269294321,
            66.95430252803548,
            52.31790085663281,
            38.89826879064801,
            24.530172006090297,
            9.429893950500633,
            -10.516538169010003,
            -28.202605263606916,
            -48.182052305858626,
            -79.75758041104949,
            -123.0081599837703,
            -177.42084720849638,
            -223.9800028094204,
            -262.9985439329047,
            -304.643409592563
        ],