{
    "star": {
        "id": "M17-HD2040-60mic-i30",
        "RA": "2:02:02.710",
        "Dec": "-59:37:47.05",
        "RA_dg": 30.511291666666658,
        "Dec_dg": -59.629736111111114,
        "PA": 59.73887452593268,
        "D": 243196.25400697434
    },
    "outer": {
        "PA0": 359.8191468730463,
        "R0": 48.3645257253211,
        "x": [
            -121.59572534033795,
            -112.9943854887555,
            -104.18718235573779,
            -96.41762307422364,
            -91.41796869404946,
            -87.3343788191736,
            -82.84109924025667,
            -79.43825164916798,
            -76.76270509826848,
            -72.00274397162156,
            -68.03802512023644,
            -64.19404399511926,
            -60.14528221734197,
            -57.453325122910975,
            -54.70075731714509,
            -50.886187636895706,
            -46.10790113457074,
            -42.93746908944246,
            -37.8859808442112,
            -34.502942086903545,
            -29.542008993256854,
            -25.961721958792875,
            -21.811585962113014,
            -19.239818917754143,
            -16.554267220024453,
            -13.52721492416745,
            -9.749038630542495,
            -7.882696794043516,
            -5.857028871755808,
            -4.112057090778696,
            -2.215350142167605,
            2.2153501421667796,
            4.112057090776282,
            5.857028871753391,
            7.882696794039571,
            9.749038630542483,
            13.527214924168959,
            16.554267220024443,
            19.239818917753436,
            21.811585962111714,
            25.961721958793483,
            29.54200899325517,
            34.50294208690257,
            37.885980844209485,
            42.93746908944209,
            46.10790113457013,
            50.88618763689596,
            54.700757317145296,
            57.45332512291067,
            60.14528221734209,
            64.19404399511899,
            68.03802512023627,
            72.00274397162164,
            76.76270509826843,
            79.43825164916797,
            82.84109924025668,
            87.3343788191736,
            91.41796869404946,
            96.41762307422367,
            104.1871823557377,
            112.99438548875514,
            121.59572534033825
        ],
        "y": [
            -78.13120647868571,
            -44.962837423761435,
            -25.184913539849855,
            -12.90846027510288,
            -6.14457288323178,
            -0.7915516086455586,
            4.871612962540833,
            8.543898046015832,
            11.255627316285336,
            16.468557271814237,
            20.280854351328383,
            23.38295709029142,
            26.935039600580385,
            28.80634904913964,
            31.02762599306209,
            33.53929187446252,
            35.711208648573034,
            37.20237619375935,
            39.9840646694867,
            41.56507740886515,
            43.906391288296916,
            46.527213053444925,
            45.38803283539312,
            46.03846938642065,
            47.00886687022795,
            47.51924338587308,
            47.96960701185017,
            48.13974307592236,
            48.35985815666447,
            48.29993008462619,
            48.20997970734943,
            48.20997970734947,
            48.299930084626396,
            48.35985815666477,
            48.13974307592301,
            47.96960701185018,
            47.51924338587265,
            47.00886687022795,
            46.03846938642095,
            45.388032835393744,
            46.527213053444584,
            43.90639128829806,
            41.56507740886595,
            39.98406466948832,
            37.202376193759775,
            35.71120864857383,
            33.53929187446213,
            31.027625993061722,
            28.806349049140263,
            26.93503960058013,
            23.382957090292173,
            20.280854351329,
            16.46855727181387,
            11.255627316285764,
            8.54389804601592,
            4.871612962540779,
            -0.7915516086455373,
            -6.144572883231759,
            -12.9084602751026,
            -25.184913539850196,
            -44.962837423762316,
            -78.13120647868523
        ],
        "X": [
            -77.74700310833084,
            -44.60594922170768,
            -24.855923601864685,
            -12.604055931960273,
            -5.8559835311485,
            -0.5158786823246482,
            5.133074741817342,
            8.794600519987952,
            11.497870979355005,
            16.69575025651927,
            20.495513799362133,
            23.585467645510267,
            27.124752635847216,
            28.98755566070447,
            31.200133121162825,
            33.699745887677544,
            35.85656928916668,
            37.33772200908495,
            40.103451719403175,
            41.673778097675054,
            43.99942124078517,
            46.60892885511705,
            45.45665450209563,
            46.098970088590704,
            47.06088585524647,
            47.56170500653922,
            48.00014066129118,
            48.16438481218333,
            48.37810482159469,
            48.31266908430735,
            48.21673224273309,
            48.202746837923065,
            48.28670985469327,
            48.34112966439681,
            48.1146217054131,
            47.93859542328941,
            47.47630831322784,
            46.9563795183027,
            45.97750998577691,
            45.318958950759665,
            46.445033683762695,
            43.812923880026624,
            41.45596259165794,
            39.86427924339444,
            37.06665971725852,
            35.565492203864,
            33.37850369674931,
            30.854809725128934,
            28.624855429155605,
            26.74505820144877,
            23.180213561934178,
            20.065992837564867,
            16.24120020471883,
            11.013271509195185,
            8.293110445994914,
            4.6101026455639165,
            -1.0672166484419865,
            -6.4331010146393215,
            -13.212736006431905,
            -25.513652551130765,
            -45.31927764426526,
            -78.5146313986342
        ],