{
    "star": {
        "id": "M17-MHD2040-AllB7-Halpha-i00",
        "RA": "2:02:07.403",
        "Dec": "-59:38:59.40",
        "RA_dg": 30.530845833333323,
        "Dec_dg": -59.64983333333333,
        "PA": 59.712774062165266,
        "D": 243202.00065253463
    },
    "outer": {
        "PA0": 0.005278642847189417,
        "R0": 62.31989846505267,
        "x": [
            -218.5811807113243,
            -212.77710135401188,
            -206.0511311322712,
            -200.27713212510335,
            -190.5177726703582,
            -184.18454251231995,
            -168.68138607514874,
            -152.77337959145305,
            -140.28094416110676,
            -128.25279429576358,
            -116.84218056288518,
            -108.17684588641492,
            -98.8728923716837,
            -91.90835056437354,
            -84.61750291858482,
            -69.42648910712126,
            -58.8810309770497,
            -53.5888003873197,
            -49.36543330786003,
            -41.93458816995427,
            -37.33195984494348,
            -30.666419599113876,
            -26.806631506541063,
            -21.68795169184724,
            -16.250759755869616,
            -10.533028087446546,
            -5.0428029173838,
            -0.9175629400446932,
            0.9175629400389722,
            5.042802917383786,
            10.53302808744492,
            16.25075975586732,
            21.68795169184722,
            26.80663150653965,
            30.66641959911191,
            37.331959844939306,
            41.93458816995425,
            49.36543330785954,
            53.58880038731701,
            58.88103097704891,
            69.42648910711999,
            84.61750291858459,
            91.9083505643728,
            98.87289237168339,
            108.17684588641482,
            116.84218056288508,
            128.25279429576358,
            140.28094416110676,
            152.77337959145297,
            168.68138607514854,
            184.18454251231998,
            190.51777267035777,
            200.27713212510292,
            206.05113113227037,
            212.77710135401037,
            218.58118071132398
        ],
        "y": [
            -282.4183149345108,
            -207.8077932875616,
            -163.29603607039218,
            -135.2462653929826,
            -102.08041014299982,
            -78.79054620274383,
            -45.2078453599624,
            -19.286642840585845,
            -2.9914716301691593,
            11.131909557625333,
            23.933493224234816,
            31.81156734157202,
            38.929542815102806,
            42.92504292114161,
            47.19037021318643,
            53.710055073868126,
            57.755654468412516,
            59.14811748604528,
            59.98991669736723,
            61.46272394844983,
            62.494233550993734,
            62.76610890408669,
            63.01702676474278,
            62.92805382354815,
            62.64890731845378,
            62.50954095704474,
            62.32989478164151,
            62.36999651645435,
            62.36999651645443,
            62.32989478164151,
            62.50954095704501,
            62.64890731845437,
            62.92805382354815,
            63.01702676474338,
            62.76610890408765,
            62.494233550996235,
            61.462723948449835,
            59.98991669736763,
            59.14811748604772,
            57.75565446841332,
            53.71005507386975,
            47.19037021318684,
            42.92504292114318,
            38.92954281510362,
            31.81156734157233,
            23.93349322423526,
            11.131909557625477,
            -2.9914716301692494,
            -19.28664284058648,
            -45.2078453599631,
            -78.79054620274378,
            -102.08041014300063,
            -135.24626539298325,
            -163.2960360703932,
            -207.80779328756316,
            -282.4183149345111
        ],
        "X": [
            -282.438451554022,
            -207.82739549563945,
            -163.31501880577284,
            -135.2647162906224,
            -102.09796205455831,
            -78.80751473456388,
            -45.2233857331912,
            -19.300717723996073,
            -3.0043956584367635,
            11.120093619228602,
            23.922728487901452,
            31.80160090646784,
            38.92043352021407,
            42.91657525042677,
            47.18257422795858,
            53.703658604479656,
            57.750229531723235,
            59.14318011505028,
            59.985368420331525,
            61.45886026667901,
            62.49079390360096,
            62.76328334974721,
            63.01455681044815,
            62.926055452054506,
            62.64740987499361,
            62.50857028706555,
            62.32942992520935,
            62.3699117169636,
            62.37008078655605,
            62.33035910902492,
            62.51051109645064,
            62.65040423015804,
            62.93005166091594,
            63.019496184156964,
            62.76893392567585,
            62.497672667945366,
            61.466587108532345,
            59.99446446521604,
            59.15305435500052,
            57.76107891487946,
            53.71645108737365,
            47.19816579786842,
            42.933510227515335,
            38.93865177956301,
            31.821533506663684,
            23.944257757423944,
            11.143725401535853,
            -2.9785475765104206,
            -19.272567793473556,
            -45.192304603015536,
            -78.77357700215897,
            -102.06285736499584,
            -135.2278133473893,
            -163.27705194897527,
            -207.78818931563742,
            -282.3981759178668
        ],
        "Y": [
            -218.55516066973,
            -212.75795518184609,
            -206.03608584338158,
            -200.26467107760823,
            -190.50836722449571,
            -184.17728278145708,
            -168.67722037415325,
            -152.77160207051946,
            -140.28066796238613,
            -128.25381933092748,
            -116.84438505250694,
            -108.17977621739787,
            -98.87647851907991,
            -91.91230484554332,
            -84.62185019401008,
            -69.43143710361088,
            -58.886351738142395,
            -53.59424945806904,
            -49.370959951239854,
            -41.9402505341568,
            -37.337717261347045,
            -30.67220209159966,
            -26.812437132394184,
            -21.693749142373566,
            -16.256531511787962,
            -10.538787027849875,
            -5.048545330339507,
            -0.9233090650683742,
            0.911816807227141,
            5.037060461625382,
            10.527269057638517,
            16.24498786201447,
            21.682154057236154,
            26.800825653155044,
            30.660636846333215,
            37.32620211166651,
            41.92892544981592,
            49.35990624547179,
            53.58335086171232,
            58.875709716181014,
            69.4215405213466,
            84.61315492493603,
            91.90439550309586,
            98.86930538506584,
            108.17391463723966,
            116.83997508152078,
            128.25176817200517,
            140.28121916913938,
            152.77515581566422,
            168.68555034439646,
            184.1918006798463,
            190.52717649912796,
            200.28959147266946,
            206.0661746722224,
            212.79624572014936,
            218.60719889762717
        ],