{
    "star": {
        "id": "M17-HD2040",
        "RA": "2:01:21.165",
        "Dec": "-59:37:21.56",
        "RA_dg": 30.3381875,
        "Dec_dg": -59.62265555555555,
        "PA": 59.90888608286623,
        "D": 243455.84176406675
    },
    "outer": {
        "PA0": 359.80325886159073,
        "R0": 84.07034285748522,
        "x": [
            -219.89092776417846,
            -217.64765997998597,
            -214.21004254234703,
            -211.3768403201585,
            -207.68173493927281,
            -204.71421428314017,
            -200.29220396203172,
            -195.06365343891034,
            -188.76334264624666,
            -183.749280099461,
            -177.68711017502665,
            -170.6487569790308,
            -163.7408473060336,
            -155.53848629109174,
            -145.66322320641206,
            -137.33798083321255,
            -130.26263475326618,
            -123.20865304788629,
            -113.39276685708936,
            -104.26245049520888,
            -94.3951121469839,
            -84.5799910864678,
            -75.24897185915034,
            -66.6224159187286,
            -57.80490126374967,
            -47.49963079891472,
            -40.54039275950946,
            -32.54074099399142,
            -26.02066949256563,
            -19.826752299923896,
            -16.107338608129503,
            -12.236123219479575,
            -8.660933425311086,
            -5.738538743966915,
            -2.664324422783305,
            0.31121730558525645,
            3.5979750840195632,
            7.0972685909240445,
            9.427590789132612,
            11.674421120098577,
            14.042707679860168,
            18.339011073521863,
            22.96171894091849,
            31.356696209163367,
            38.885866083997136,
            47.89423937880684,
            57.72910217251353,
            66.74398355552917,
            76.13662401456888,
            83.21471159305815,
            91.27065215861933,
            98.13494871661625,
            102.92790721167944,
            111.07327427926727,
            120.52634034729263,
            125.88445879098349,
            129.86970819736848,
            137.08157409666043,
            147.84632504581262,
            157.2964984313101,
            166.9594379160563,
            173.4272826892251,
            179.95163241700882,
            186.0486512567707,
            192.04740193566633,
            198.31463149326623,
            203.6910006740202,
            207.57222450185796,
            209.81580920826894,
            217.77094876906196,
            219.58012454373187,
            221.62229022342243
        ],
        "y": [
            -188.560306319438,
            -176.78621889509947,
            -159.08003845719713,
            -146.09502252290434,
            -131.65858646744908,
            -121.11350247875478,
            -105.33606364398884,
            -90.74748556114584,
            -77.19745825328931,
            -64.41971205715463,
            -52.120630682930454,
            -37.52047062218731,
            -26.140903029731295,
            -11.810057055793195,
            0.7522551684149461,
            10.582005550273335,
            19.899840769623307,
            28.917238770631034,
            39.10684563110918,
            45.43506354496375,
            51.803168746555066,
            58.36043168802236,
            64.01659709427136,
            68.74165614951998,
            72.34619092263574,
            77.07067611496619,
            80.05320826993074,
            82.44562427693945,
            83.47720212853065,
            83.68837559940116,
            83.68892789443241,
            83.79938130414341,
            83.86969003070553,
            83.99986392093268,
            84.1299706666196,
            84.09999959977822,
            84.07994650603891,
            84.02979185254796,
            83.88963272561914,
            83.8594368034253,
            83.88918512518909,
            83.84861023566364,
            83.85782129666447,
            82.76593693038126,
            80.6237513559287,
            76.86052053462934,
            72.5562271410149,
            68.981589184143,
            63.52604159865461,
            59.45137884715463,
            54.53556747559682,
            50.120191884916146,
            46.59620701049285,
            41.708999198633386,
            32.48994368669149,
            26.534481674718844,
            21.370264335347297,
            11.922297465780256,
            -0.48039568723666093,
            -13.062332857834958,
            -29.405309305155445,
            -40.62442915642464,
            -53.823983631876466,
            -67.90323514569079,
            -80.9126390002526,
            -95.80278627802484,
            -112.25175834962084,
            -124.83838695169513,
            -133.20227811846433,
            -167.22642392104945,
            -176.22971773731499,
            -186.06346836045674
        ],
        "X": [
            -187.80413895070072,
            -176.03782381388928,
            -158.34355176234484,
            -145.36834095598098,
            -130.94467816574758,
            -120.40984613969273,
            -104.64768450312721,
            -90.07714608634053,
            -76.54883250427994,
            -63.788378795375785,
            -51.51018605020135,
            -36.934280176962034,
            -25.5784998717044,
            -11.275903437208965,
            1.252425306353785,
            11.05353073781401,
            20.34701588597902,
            29.340138947436657,
            39.49598020218954,
            45.792809366603734,
            52.126994816748244,
            58.650516193963824,
            64.27460764454425,
            68.9700172010284,
            72.54425337229135,
            77.23332474313526,
            80.19194286493877,
            82.5568757722793,
            83.56605909099456,
            83.75596280576677,
            83.74374347191542,
            83.84090335212738,
            83.89893527081772,
            84.01907355105779,
            84.13862337283797,
            84.09843514518863,
            84.06709618662343,
            84.00492604613247,
            83.85676594597743,
            83.81885509447208,
            83.84047108030055,
            83.78514389555795,
            83.7784815686726,
            82.65777718574172,
            80.48975077342969,
            76.695609420928,
            72.35757070783885,
            68.75199876062732,
            63.264231134297,
            59.165287852312225,
            54.2218431831364,
            49.78292318064025,
            46.24250114584075,
            41.327352797345426,
            32.075891944139045,
            26.10206647489046,
            20.924195135380888,
            11.45152004870274,
            -0.9880637059996924,
            -13.602376459448497,
            -29.978436907393874,
            -41.219699733767726,
            -54.4415795340703,
            -68.54168382890646,
            -81.57160934104512,
            -96.48318908438787,
            -112.95052541852621,
            -125.55040706219884,
            -133.92195288291384,
            -167.97321424943223,
            -176.98266728804904,
            -186.82337227230408
        ],