{
    "star": {
        "id": "M17-HD2040-60mic-i60",
        "RA": "2:02:03.777",
        "Dec": "-59:55:07.38",
        "RA_dg": 30.515737499999997,
        "Dec_dg": -59.91871666666666,
        "PA": 59.631879715937295,
        "D": 243714.40409288323
    },
    "outer": {
        "PA0": 1.2759836014187727,
        "R0": 70.03626724292825,
        "x": [
            -123.32471203700929,
            -119.91187407568941,
            -112.77841372171359,
            -106.66822260907256,
            -100.32391419370283,
            -93.94635467418207,
            -80.95339035320198,
            -73.22638186969847,
            -64.79075330457196,
            -57.060943985662846,
            -52.714429341875686,
            -47.855974848315036,
            -43.524092547893154,
            -40.16937036421521,
            -35.85922662586259,
            -31.39893351016836,
            -28.517981339411737,
            -25.998062455063298,
            -23.192406982772933,
            -20.190976218279044,
            -17.362477682226523,
            -14.511386963656292,
            -11.848349913781608,
            -9.501277624965894,
            -6.800642699583266,
            -5.047825137306983,
            -2.994083010688189,
            2.9940830106897867,
            5.047825137307775,
            6.800642699582438,
            9.501277624968278,
            11.84834991378159,
            14.511386963655541,
            17.362477682226505,
            20.190976218282,
            23.19240698277436,
            25.998062455064638,
            28.51798133941172,
            31.39893351016967,
            35.85922662586258,
            40.169370364215816,
            43.52409254789259,
            47.85597484831745,
            52.71442934187695,
            57.060943985663606,
            64.79075330457137,
            73.22638186969888,
            80.95339035320184,
            93.94635467418226,
            100.32391419370285,
            106.66822260907257,
            112.77841372171359,
            119.91187407568948,
            123.32471203700919
        ],
        "y": [
            -43.683673756613125,
            -21.940186174310547,
            -5.783230314120322,
            4.872386059013044,
            15.617885704934304,
            23.78307270612941,
            37.042583996590224,
            44.10756941078149,
            49.93244066488619,
            54.87638116525521,
            57.43837720122312,
            59.390421088658066,
            61.81207693004515,
            62.493251281083694,
            63.04462187484608,
            64.88587663833775,
            65.58659861050693,
            66.20717317928228,
            67.5977504153913,
            68.28829500728332,
            68.58873924682081,
            68.80911930881413,
            68.97941288811715,
            69.34962245593822,
            70.13980658046005,
            70.20989343645444,
            69.9299625088344,
            69.92996250883432,
            70.20989343645437,
            70.13980658046013,
            69.34962245593789,
            68.97941288811717,
            68.80911930881429,
            68.58873924682081,
            68.28829500728246,
            67.5977504153908,
            66.20717317928175,
            65.58659861050693,
            64.88587663833712,
            63.044621874846094,
            62.49325128108331,
            61.81207693004554,
            59.39042108865612,
            57.43837720122195,
            54.87638116525442,
            49.93244066488696,
            44.1075694107808,
            37.04258399659053,
            23.78307270612868,
            15.617885704934238,
            4.872386059012881,
            -5.783230314120094,
            -21.940186174310092,
            -43.68367375661342
        ],
        "X": [
            -46.41907007967974,
            -24.60497619140474,
            -8.293176900053815,
            2.4958606244903314,
            13.379972521882554,
            21.685152056190525,
            35.230706294873706,
            42.466006957423126,
            48.47728071577832,
            53.592124787160664,
            56.25027490826584,
            58.31002414689303,
            60.827543036366876,
            61.58325235106766,
            62.23046568497474,
            64.17058690514203,
            64.93528895319415,
            65.6118238836693,
            67.06453340557292,
            67.82174344738706,
            68.18509896725877,
            68.46891325191763,
            68.69846584310086,
            69.12084885992864,
            69.97097552264187,
            70.08007722147484,
            69.84594900089812,
            69.9792951241255,
            70.30488993053696,
            70.2738526760833,
            69.54400297171283,
            69.22615045371616,
            69.11520034127001,
            68.95836379668495,
            68.72097983905394,
            68.09744316406132,
            66.76968785318195,
            66.20538141232362,
            65.56898703035854,
            63.827511870876435,
            63.372257462626884,
            62.765955895174216,
            60.44136409187998,
            58.597993647455475,
            56.13342228660255,
            51.36283724287203,
            45.72725726525918,
            38.836090890819165,
            25.869198437813637,
            17.84805339237803,
            7.246495094444618,
            -3.2704156072485895,
            -19.264515195550437,
            -40.9266130604291
        ],
        "Y": [
            -122.32137133315362,
            -119.39356959370889,
            -112.62166563923911,
            -106.7502718508475,
            -100.64682035887427,
            -94.45266689835786,
            -81.75819086052897,
            -74.19042346654925,
            -65.88659650437191,
            -58.26879695966554,
            -53.98041134609954,
            -49.166630246127646,
            -44.88974821362139,
            -41.55102647351662,
            -37.254229587772656,
            -32.83604405148667,
            -29.971410135927318,
            -27.4659352374393,
            -24.691941235328255,
            -21.706631968264364,
            -18.885525186219194,
            -16.040048932748594,
            -13.381464377005036,
            -11.043218016988977,
            -8.360848801503005,
            -6.610026596560678,
            -4.550560155169493,
            1.4361209880855883,
            3.483120272140537,
            5.237063903742658,
            7.954625192819892,
            10.30935940920707,
            12.975528253204264,
            15.83081947399565,
            18.665307005490412,
            21.681370745263024,
            24.517296257897076,
            27.050409405765702,
            29.946251059426995,
            34.44643972779222,
            38.767792756729015,
            42.1368516513566,
            46.521585876703334,
            51.42230427394671,
            55.824792348232535,
            63.66277793882797,
            72.22602456213836,
            80.10844202168938,
            93.3934509272319,
            99.95125363466266,
            106.53327259280508,
            112.87923075662776,
            120.37070975942531,
            124.2668913882028
        ],