{
    "star": {
        "id": "M17-HD2040-Halpha-i00-BS",
        "RA": "2:02:07.422",
        "Dec": "-59:39:17.05",
        "RA_dg": 30.530924999999993,
        "Dec_dg": -59.65473611111111,
        "PA": 59.710948778532746,
        "D": 243210.7780702414
    },
    "outer": {
        "PA0": 0.0381410837818521,
        "R0": 149.0566296458158,
        "x": [
            -437.3995748961203,
            -422.03955535138556,
            -404.57193901708,
            -381.8951099514291,
            -351.4026136033232,
            -323.0417565770689,
            -299.29897030720826,
            -282.45068047510273,
            -266.2586776730167,
            -248.24744008358448,
            -232.9880010712799,
            -217.9432933186187,
            -199.48126946673324,
            -181.50230818085888,
            -170.34309765025557,
            -159.63014904954994,
            -146.19994895359406,
            -133.6771549901101,
            -122.1533929802415,
            -112.46256982001424,
            -105.59359575355752,
            -93.95070716368619,
            -83.21884962996154,
            -75.14064161605546,
            -65.31629522151175,
            -56.554636250076534,
            -45.865108589201,
            -35.615138135239114,
            -25.67578962348925,
            -15.797052041442766,
            -7.936530838457231,
            7.93653083845799,
            15.79705204144273,
            25.675789623489212,
            35.6151381352345,
            45.865108589196566,
            56.55463625007726,
            65.31629522151246,
            75.14064161605233,
            83.2188496299598,
            93.95070716368451,
            105.59359575355461,
            112.46256982001465,
            122.15339298023996,
            133.67715499011047,
            146.19994895359403,
            159.63014904954866,
            170.34309765025532,
            181.50230818085842,
            199.48126946673295,
            217.94329331861846,
            232.98800107127983,
            248.24744008358448,
            266.2586776730166,
            282.45068047510273,
            299.29897030720826,
            323.0417565770689,
            351.4026136033232,
            381.8951099514286,
            404.57193901707967,
            422.0395553513852,
            437.39957489611936
        ],
        "y": [
            -287.28431060570637,
            -245.62921834678025,
            -206.59904932994914,
            -160.02479918792852,
            -105.59181706704163,
            -62.3223632184449,
            -30.731035383467383,
            -10.740377214311515,
            6.956463892785846,
            26.914880501703305,
            42.02531155945604,
            56.40341829417165,
            69.83533299224185,
            84.48369617412006,
            92.4499503340496,
            100.6045833790683,
            108.44158166111924,
            115.27608459427411,
            121.23828257434366,
            125.29768858008799,
            129.82388549463732,
            132.49349504337113,
            136.83135968441812,
            139.50665072049404,
            140.78235743697286,
            143.56677353213516,
            145.60130110327339,
            147.11475479412175,
            147.64727391899203,
            148.16896809158197,
            149.19973953683694,
            149.1997395368369,
            148.16896809158197,
            147.64727391899203,
            147.11475479412286,
            145.60130110327478,
            143.56677353213487,
            140.78235743697252,
            139.50665072049574,
            136.83135968441917,
            132.49349504337232,
            129.8238854946397,
            125.29768858008761,
            121.23828257434519,
            115.27608459427368,
            108.4415816611193,
            100.60458337907035,
            92.44995033405009,
            84.48369617412106,
            69.8353329922426,
            56.40341829417248,
            42.02531155945651,
            26.914880501703365,
            6.956463892786148,
            -10.740377214311698,
            -30.731035383467574,
            -62.32236321844481,
            -105.59181706704155,
            -160.0247991879298,
            -206.5990493299498,
            -245.6292183467809,
            -287.28431060570773
        ],
        "X": [
            -287.5754183567759,
            -245.91011035522814,
            -206.86832201345337,
            -160.2789865105267,
            -105.82571797842284,
            -62.537394250637,
            -30.930268140662953,
            -10.928398705856372,
            6.77921729309759,
            26.749619334528568,
            41.87020506120379,
            56.258323683199734,
            69.70252534261434,
            84.36285364762414,
            92.33653458879667,
            100.49829730235622,
            108.34423416352644,
            115.1870718490552,
            121.1569397317484,
            125.22279589734163,
            129.753564398805,
            132.4309238807694,
            136.77593162347756,
            139.4565996284271,
            140.7388460062793,
            143.52909401085685,
            145.57073701554157,
            147.09101364767753,
            147.63014915405455,
            148.1584193626149,
            149.194423229743,
            149.20498972758494,
            148.17945116097906,
            147.66433325554297,
            147.13843074816094,
            145.63180066927208,
            143.60438943325886,
            140.82580648139742,
            139.5566399916104,
            136.88672710993552,
            132.5560074928304,
            129.89414906033866,
            125.3725257384387,
            121.31957169142963,
            115.36504625606909,
            108.538881103929,
            100.71082487388536,
            92.56332511104858,
            84.60450126252698,
            69.96810969505314,
            56.5484879105437,
            42.18039943461972,
            27.08012974182278,
            7.13370740978824,
            -10.552350963278004,
            -30.53178900812648,
            -62.10730456873183,
            -105.3578693637214,
            -159.77054095197076,
            -206.32968509417984,
            -245.34821749024516,
            -286.9930755475202
        ],