{
    "star": {
        "id": "M17-MHD2040-AllB7-Halpha-i00",
        "RA": "2:02:07.422",
        "Dec": "-59:39:17.05",
        "RA_dg": 30.530924999999993,
        "Dec_dg": -59.65473611111111,
        "PA": 59.710948778532746,
        "D": 243210.7780702414
    },
    "outer": {
        "PA0": 359.9669918737745,
        "R0": 79.99005074718252,
        "x": [
            -218.4375035129087,
            -212.63333756522346,
            -205.9073157033396,
            -200.13328414095037,
            -190.37388617544894,
            -184.04062891717663,
            -168.53743336535237,
            -152.62939659953287,
            -140.13694207294077,
            -128.1087756080909,
            -116.69814678673634,
            -108.03280279571189,
            -98.72884083926813,
            -91.76429427296974,
            -84.47344153946732,
            -69.2824198997427,
            -58.7369568880464,
            -53.44472459975284,
            -49.22135648271385,
            -41.790509526699005,
            -37.18787993247411,
            -30.522339297924205,
            -26.662550868918963,
            -21.543871109186565,
            -16.106679451444776,
            -10.38894789246814,
            -4.898722882307004,
            -1.06164308158007,
            1.0616430815752176,
            4.898722882307765,
            10.388947892467337,
            16.106679451443185,
            21.54387110918726,
            26.662550868918228,
            30.522339297922827,
            37.1878799324701,
            41.790509526699616,
            49.22135648271384,
            53.44472459975009,
            58.73695688804592,
            69.28241989974143,
            84.4734415394673,
            91.76429427296874,
            98.7288408392677,
            108.03280279571187,
            116.69814678673619,
            128.1087756080909,
            140.13694207294074,
            152.62939659953287,
            168.53743336535234,
            184.0406289171767,
            190.37388617544866,
            200.1332841409502,
            205.90731570333912,
            212.63333756522243,
            218.43750351290896
        ],
        "y": [
            -264.7680609214682,
            -190.15754586888858,
            -145.6457962941578,
            -117.59603218464659,
            -84.43018805294311,
            -61.140331341841026,
            -27.557648236304416,
            -1.6364639837819945,
            14.65869283409374,
            28.782060124064397,
            41.5836305698677,
            49.46169462357128,
            56.57965926899058,
            60.575151254146625,
            64.840470030521,
            71.36013710133639,
            75.40572410897471,
            76.79818089870078,
            77.6399751344401,
            79.11277361927158,
            80.14427778437381,
            80.41614525260594,
            80.66705854178582,
            80.57807953177735,
            80.29892657229287,
            80.15955341464702,
            79.97990070492884,
            80.01999533642577,
            80.01999533642584,
            79.9799007049288,
            80.15955341464712,
            80.2989265722932,
            80.57807953177716,
            80.66705854178606,
            80.41614525260646,
            80.14427778437567,
            79.11277361927125,
            77.63997513444012,
            76.7981808987027,
            75.40572410897508,
            71.36013710133764,
            64.84047003052103,
            60.57515125414811,
            56.57965926899132,
            49.46169462357131,
            41.58363056986814,
            28.78206012406443,
            14.65869283409402,
            -1.636463983782093,
            -27.557648236304527,
            -61.140331341840835,
            -84.43018805294375,
            -117.59603218464687,
            -145.6457962941585,
            -190.15754586888974,
            -264.76806092146796
        ],
        "X": [
            -264.6421750400801,
            -190.0350161514263,
            -145.52714882746272,
            -117.4807157948796,
            -84.3204995604776,
            -61.03429530659204,
            -27.460549171907683,
            -1.5485338480492046,
            14.73942335702952,
            28.85585887116431,
            41.65085352419321,
            49.52392416198599,
            56.63652760953216,
            60.62800665323714,
            64.88912445825382,
            71.40003889274435,
            75.43954998304048,
            76.8289576842877,
            77.6683186960591,
            79.13683602220543,
            80.16568843915024,
            80.43371584130348,
            80.68240546299185,
            80.5904775940326,
            80.30819231230794,
            80.16552519006248,
            79.98270958905422,
            80.0205936704951,
            80.01937044437966,
            79.97706527613366,
            80.15355503493666,
            80.28963418172631,
            80.56565472632154,
            80.65168484784826,
            80.3985479744532,
            80.12284053037409,
            79.08868495945997,
            77.61160580475337,
            76.76737862443262,
            75.37187320837106,
            71.32021162608841,
            64.7917940827707,
            60.522275750664235,
            56.52277215012722,
            49.39944866922789,
            41.51639381427843,
            28.70825182443602,
            14.577957446058923,
            -1.7243935763859761,
            -27.654738154544972,
            -61.24634708511785,
            -84.53984852372581,
            -117.71130954526012,
            -145.76439542221436,
            -190.28001247463015,
            -264.89385892851925
        ],
        "Y": [
            -218.5900002633284,
            -212.74285212747307,
            -205.99118814275428,
            -200.20099805679675,
            -190.42249485307568,
            -184.0758213488337,
            -168.55328137082864,
            -152.63031403895218,
            -140.1284739382447,
            -128.09217299115858,
            -116.67417107284756,
            -108.00428996354938,
            -98.6962288884196,
            -91.72938167312566,
            -84.43607289744084,
            -69.24129779546585,
            -58.6935058692473,
            -53.40047226419375,
            -49.176619889966716,
            -41.74492568719941,
            -37.141702606747536,
            -30.476006455345647,
            -26.616074115597414,
            -21.49744646613659,
            -16.060416530820117,
            -10.342766213616397,
            -4.852645612542508,
            -1.015543350027877,
            1.1077424607768227,
            4.944798526226517,
            10.435126123312912,
            16.152937026393708,
            21.590288602004,
            26.709018773158927,
            30.568662010388568,
            37.23404491584588,
            41.836079496273584,
            49.266076739298505,
            53.48895919744563,
            58.780388412533206,
            69.32351900975422,
            84.51078214545487,
            91.79917641699997,
            98.7614200228278,
            108.06127977267766,
            116.72208376947201,
            128.12533570677664,
            140.1453636973409,
            152.628428503675,
            168.52152942369125,
            184.00537540395197,
            190.32521431429842,
            200.06550380251656,
            205.8233749249837,
            212.52375243172074,
            218.28493426488248
        ],