{
    "star": {
        "id": "M17-MHD2040-AllB7-60mic-i60",
        "RA": "2:02:03.777",
        "Dec": "-59:55:07.38",
        "RA_dg": 30.515737499999997,
        "Dec_dg": -59.91871666666666,
        "PA": 59.631879715937295,
        "D": 243714.40409288323
    },
    "outer": {
        "PA0": 359.44716823369987,
        "R0": 27.47706950758647,
        "x": [
            -44.46182091528417,
            -45.99325162707263,
            -45.0431855213746,
            -44.2261371624079,
            -42.5895356240143,
            -41.11762293259167,
            -39.91551230296405,
            -38.149631781580574,
            -36.451109369023975,
            -35.346539018010915,
            -34.392079738143295,
            -32.978928425363556,
            -31.302651109359545,
            -29.167710474685027,
            -27.551406122837435,
            -26.22825051104031,
            -24.987724763751125,
            -23.09301035438275,
            -21.01032317689615,
            -19.235793481946597,
            -16.49874374916104,
            -14.663980755210183,
            -13.062281886055914,
            -10.370162721385821,
            -8.151784591098794,
            -5.910820075047415,
            -3.9104717708178107,
            -1.3686671813997333,
            1.3686671814021167,
            3.910471770817804,
            5.910820075046637,
            8.151784591097323,
            10.370162721386508,
            13.062281886056564,
            14.663980755210776,
            16.498743749163754,
            19.235793481947987,
            21.010323176896556,
            23.093010354383086,
            24.987724763752002,
            26.22825051104003,
            27.551406122838078,
            29.167710474685364,
            31.30265110936014,
            32.97892842536372,
            34.39207973814348,
            35.346539018010915,
            36.45110936902397,
            38.14963178158058,
            39.91551230296405,
            41.11762293259168,
            42.58953562401436,
            44.22613716240779,
            45.04318552137448,
            45.99325162707363,
            44.46182091528459
        ],
        "y": [
            -46.09827645990872,
            -31.08885518565817,
            -19.08849217877136,
            -12.798186410656538,
            -6.517591296157929,
            -1.8170753369425845,
            0.6333324751872856,
            3.6339095441383136,
            5.904439915042714,
            8.24477189551369,
            9.795050502812437,
            11.345448956135865,
            13.215899917266713,
            15.376440193991558,
            16.956823836848898,
            18.207121615163615,
            19.17738747939927,
            20.377768676497013,
            21.918153026368355,
            22.808451854288116,
            24.098861093279904,
            24.929100322594312,
            25.469286130261615,
            26.039550065086072,
            26.61972197646899,
            27.109853826155025,
            27.279936021816603,
            27.459992162656594,
            27.459992162656473,
            27.279936021816603,
            27.109853826155195,
            26.619721976469442,
            26.0395500650858,
            25.46928613026128,
            24.929100322593968,
            24.09886109327805,
            22.80845185428694,
            21.918153026367968,
            20.37776867649663,
            19.17738747939812,
            18.207121615164017,
            16.956823836847857,
            15.376440193990915,
            13.215899917265302,
            11.345448956135375,
            9.795050502811804,
            8.244771895513699,
            5.9044399150427225,
            3.6339095441382545,
            0.63333247518726,
            -1.817075336942465,
            -6.517591296157539,
            -12.798186410656921,
            -19.088492178771627,
            -31.088855185656676,
            -46.09827645990831
        ],
        "X": [
            -45.66713699577159,
            -30.643638251120006,
            -18.65300063867006,
            -12.370871036365134,
            -6.106359164023835,
            -1.420263882061384,
            1.0184312004525709,
            4.001830348517075,
            6.25586669166982,
            8.585432192060809,
            10.126429454621796,
            11.663120828643374,
            13.517311018891041,
            15.657151569524972,
            17.22186659798082,
            18.45933959743763,
            19.417590979187043,
            20.59963498744025,
            22.119852650572938,
            22.99298833598352,
            24.256928851630295,
            25.069426568036082,
            25.594133103374464,
            26.13839535306314,
            26.69713604865963,
            27.165622947146254,
            27.316396695425304,
            27.471919637715306,
            27.445508234937336,
            27.24093565829811,
            27.05156084945686,
            26.5398296785509,
            25.93828056385166,
            25.342068033955798,
            24.78645324382989,
            23.938549794682253,
            22.62179196603418,
            21.714412880072786,
            20.154005249172666,
            18.935398615545004,
            17.95320859801105,
            16.690202440254087,
            15.094297312533943,
            12.913258450304259,
            11.026720852329776,
            9.462759657700778,
            7.903344032503995,
            5.552463450672087,
            3.2656504323897395,
            0.24817478834318868,
            -2.2137176269145313,
            -6.92821665777584,
            -13.224310307634571,
            -19.52220663072504,
            -31.531177829982497,
            -46.52512429640049
        ],
        "Y": [
            -44.90453440674344,
            -46.29107415820612,
            -45.225265756496775,
            -44.34756288130897,
            -42.650438669876294,
            -41.133241167117205,
            -39.90754352653325,
            -38.11279388219722,
            -36.392443128745185,
            -35.26534330240309,
            -34.29597045671723,
            -32.86792577328241,
            -31.173679281022725,
            -29.01799186889698,
            -27.386514288255153,
            -26.051356663439154,
            -24.801526968495203,
            -22.895318775782076,
            -20.797866015576247,
            -19.01482879888231,
            -16.26545584914933,
            -14.422767627365875,
            -12.815931286592976,
            -10.118435196566285,
            -7.894562490951635,
            -5.648973210111429,
            -3.6470769669596526,
            -1.1036534082375797,
            1.6335535352687296,
            4.1735025200942095,
            6.172116658263083,
            8.408247781654081,
            10.620924811477558,
            13.307416421615306,
            14.9038287052214,
            16.730495659758525,
            19.454967363502547,
            21.22082433268437,
            23.288552034782505,
            25.17159626790517,
            26.40270257787158,
            27.713732994361976,
            29.314713643753716,
            31.428708743649405,
            33.08686082641162,
            34.484987207885744,
            35.424444064299784,
            36.506382107404825,
            38.182918051120645,
            39.91976505074438,
            41.09817675609469,
            42.52466760500139,
            44.10059410708002,
            44.85691188478383,
            45.691147245829406,
            44.014968145864415
        ],