{
    "star": {
        "id": "M17-HD2040-60mic-i45",
        "RA": "2:02:03.241",
        "Dec": "-59:46:27.34",
        "RA_dg": 30.51350416666666,
        "Dec_dg": -59.77426111111111,
        "PA": 59.68526992819608,
        "D": 243455.19032837477
    },
    "outer": {
        "PA0": 352.9077814112282,
        "R0": 56.19343027082175,
        "x": [
            -121.86807563108769,
            -117.23109560633127,
            -108.9154152825697,
            -100.50844375009491,
            -95.51597177449563,
            -90.46869193376008,
            -86.2061812014144,
            -81.79102629591839,
            -79.43681505281262,
            -75.51918523137564,
            -71.00498461485621,
            -67.63070396017808,
            -62.95673244908073,
            -60.34434594257163,
            -56.50095259927873,
            -51.44121537925213,
            -47.52175442177306,
            -44.357411812797125,
            -40.45979545565434,
            -37.234851638754,
            -31.17663609877474,
            -26.425485267952208,
            -22.6709548817577,
            -19.014672051942306,
            -16.008048342059165,
            -13.530229016868768,
            -10.682196457053815,
            -8.899353633253359,
            -6.564980742660482,
            -4.351484006141387,
            -2.069979177263287,
            2.0699791772592633,
            4.351484006139772,
            6.564980742655697,
            8.899353633248635,
            10.68219645705071,
            13.530229016865688,
            16.00804834205694,
            19.014672051941577,
            22.67095488175632,
            26.425485267949654,
            31.176636098771798,
            37.23485163875399,
            40.45979545565294,
            44.35741181279541,
            47.52175442177269,
            51.44121537925016,
            56.500952599278435,
            60.344345942571614,
            62.956732449080164,
            67.63070396017721,
            71.00498461485577,
            75.51918523137557,
            79.43681505281229,
            81.79102629591834,
            86.20618120141431,
            90.46869193376004,
            95.51597177449561,
            100.50844375009491,
            108.91541528256957,
            117.23109560633087,
            121.8680756310874
        ],
        "y": [
            -59.07182730983878,
            -38.807201121474996,
            -18.869364800718508,
            -5.462032948472699,
            2.272041796426323,
            8.275949293124738,
            14.089084025020943,
            18.162170777571053,
            21.333750523282543,
            24.676276533040554,
            28.569028688541206,
            31.900975102120338,
            34.603514276418124,
            36.704854333963965,
            39.476722521564,
            42.22899435642713,
            44.63060777953355,
            46.671817094465474,
            47.493192005341506,
            49.62423416074479,
            50.72595780412004,
            53.047096007692915,
            53.22786258712794,
            53.72849642721593,
            54.22893433297572,
            54.81923870552348,
            55.25952547209949,
            55.819670651821845,
            55.95982077248903,
            56.29992125714157,
            56.439982181621104,
            56.439982181621254,
            56.2999212571417,
            55.95982077248959,
            55.8196706518226,
            55.259525472100094,
            54.81923870552424,
            54.22893433297637,
            53.728496427216186,
            53.22786258712852,
            53.047096007694186,
            50.72595780412185,
            49.624234160744805,
            47.493192005342706,
            46.671817094467094,
            44.630607779533946,
            42.228994356429524,
            39.47672252156442,
            36.70485433396398,
            34.60351427641915,
            31.900975102122153,
            28.569028688542296,
            24.676276533040767,
            21.333750523283754,
            18.16217077757122,
            14.08908402502158,
            8.27594929312524,
            2.2720417964264312,
            -5.462032948472854,
            -18.86936480071925,
            -38.80720112147622,
            -59.071827309839406
        ],
        "X": [
            -43.57320209976385,
            -24.03613898599199,
            -5.277562384892164,
            6.98920507243936,
            14.047700140390004,
            19.382499015941697,
            24.624877640043934,
            28.12167541423514,
            30.978321793202152,
            33.811576336068406,
            37.1171904569106,
            40.00703188280052,
            42.11181329489596,
            43.87453264506893,
            46.15066136469932,
            48.25716569733238,
            50.156480759380344,
            51.79138124267835,
            52.12524572824019,
            53.84180948385539,
            54.18711561034145,
            55.90388518280076,
            55.619709167181846,
            55.66508331884333,
            55.79047430673334,
            56.07033390285177,
            56.15561471191687,
            56.4913523309932,
            56.34221279234743,
            56.40641792105607,
            56.26371731410812,
            55.752570294076456,
            55.331891130212966,
            54.72109970095173,
            54.2938045779465,
            53.51782349817163,
            52.72926829297045,
            51.83755231773403,
            50.96972547998283,
            50.02149293564637,
            49.37854995431981,
            46.48856249852482,
            44.64728054098122,
            42.13437040667597,
            40.83805421722031,
            38.42177181824496,
            35.554610890620424,
            32.19868838481185,
            28.973497435080013,
            26.565692572627672,
            23.3067514299159,
            19.583687370514614,
            15.163366291115276,
            11.362718051341126,
            7.924738258656762,
            3.3376912212299605,
            -2.9572437196826993,
            -9.538384625241097,
            -17.829687830081685,
            -32.17241744854152,
            -52.98441336115952,
            -73.6665017716283
        ],