{
    "star": {
        "id": "M17-HD2040-Halpha-i00-CD",
        "RA": "2:02:07.403",
        "Dec": "-59:38:59.40",
        "RA_dg": 30.530845833333323,
        "Dec_dg": -59.64983333333333,
        "PA": 59.712774062165266,
        "D": 243202.00065253463
    },
    "outer": {
        "PA0": 359.88503413649187,
        "R0": 99.17095912752927,
        "x": [
            -350.68248077617784,
            -345.96169534174453,
            -339.3263509429205,
            -325.8500866449418,
            -308.63090087487683,
            -286.95240652164296,
            -272.30340492562834,
            -257.13988277666385,
            -243.40959950134823,
            -225.42706557055735,
            -209.76653291274616,
            -195.10707000808625,
            -176.65677534840307,
            -156.25838401919546,
            -145.4848890676535,
            -134.36212193752914,
            -118.93382567209424,
            -106.81407666783345,
            -97.28538385081882,
            -89.21158727471071,
            -82.3524338734307,
            -77.1602670379483,
            -67.62858491171434,
            -52.323242307354775,
            -42.500758742534785,
            -36.53118523229945,
            -30.652716954103465,
            -25.214021050078163,
            -20.10144575844198,
            -16.240460512008276,
            -9.178418038159005,
            9.178418038153348,
            16.2404605120036,
            20.101445758438008,
            25.214021050072795,
            30.65271695410117,
            36.53118523229943,
            42.500758742532774,
            52.32324230735476,
            67.62858491171431,
            77.16026703794505,
            82.35243387342943,
            89.21158727471068,
            97.28538385081703,
            106.81407666783227,
            118.93382567209423,
            134.36212193752885,
            145.48488906765334,
            156.2583840191952,
            176.65677534840307,
            195.10707000808625,
            209.76653291274616,
            225.42706557055732,
            243.40959950134814,
            257.1398827766637,
            272.30340492562846,
            286.9524065216423,
            308.63090087487643,
            325.8500866449409,
            339.32635094292016,
            345.96169534174265,
            350.6824807761753
        ],
        "y": [
            -297.7405272809224,
            -280.3467947504218,
            -241.39774895330288,
            -189.90034551888314,
            -143.9148682978927,
            -98.20120071733041,
            -75.84718978125935,
            -54.193875231611415,
            -40.54537743600496,
            -17.770416661541038,
            -2.6521712693608905,
            10.512420107261693,
            25.55083192316599,
            38.608951702050796,
            44.97241037665013,
            51.925296186763816,
            61.79147244786412,
            68.22279577923729,
            72.96084384055085,
            77.0070745864573,
            83.53194466444333,
            88.56537195783521,
            92.90108154363998,
            96.02867594719402,
            97.31252862001894,
            97.65448006937739,
            98.44611365923419,
            98.7173704219732,
            98.80832869360466,
            98.87890906751475,
            99.09965155356645,
            99.09965155356697,
            98.87890906751552,
            98.80832869360547,
            98.71737042197456,
            98.44611365923491,
            97.6544800693774,
            97.31252862001982,
            96.02867594719403,
            92.90108154363999,
            88.56537195783802,
            83.5319446644446,
            77.00707458645732,
            72.96084384055321,
            68.22279577923914,
            61.79147244786415,
            51.92529618676456,
            44.97241037665068,
            38.608951702051804,
            25.550831923166193,
            10.512420107261914,
            -2.652171269360839,
            -17.770416661541184,
            -40.54537743600555,
            -54.19387523161226,
            -75.84718978125905,
            -98.20120071733238,
            -143.91486829789343,
            -189.90034551888473,
            -241.39774895330336,
            -280.3467947504241,
            -297.7405272809254
        ],
        "X": [
            -297.0362724596437,
            -279.6520473489037,
            -240.7163939871216,
            -189.24613477022706,
            -143.29530096061114,
            -97.62522398738372,
            -75.30065173500091,
            -53.67780686017535,
            -40.05688678605808,
            -17.318054380324025,
            -2.2312627745491254,
            10.903887426535015,
            25.905247871413987,
            38.92241134844152,
            45.264239855872546,
            52.19479348662212,
            62.029992523822436,
            68.43698425024724,
            73.1559031511776,
            77.18592542452426,
            83.69701926002602,
            88.72001817438974,
            93.03659341161031,
            96.13347086700541,
            97.39761183265111,
            97.72758445634685,
            98.50742112080978,
            98.76776442283963,
            98.84846396799968,
            98.91129701131057,
            99.11786884231628,
            99.08103527250451,
            98.84612302015447,
            98.767795599814,
            98.66657896792537,
            98.38440983660314,
            97.58098250860532,
            97.2270536103406,
            95.92349439934819,
            92.76519563987046,
            88.4103691617999,
            83.36653375482591,
            76.8279137046082,
            72.76549077696811,
            68.00833263147064,
            61.55270358876579,
            51.65558982669582,
            44.68039983073691,
            38.2953366093534,
            25.196313102855996,
            10.120910463169643,
            -3.073069086073017,
            -18.222707395991595,
            -41.033704843260296,
            -54.70972540914684,
            -76.39342245363187,
            -98.77678207228467,
            -144.5338562090597,
            -190.55379169595213,
            -242.07813201045568,
            -281.0404134273279,
            -298.4435833474186
        ],