{
    "star": {
        "id": "R97-Halpha-i00",
        "RA": "2:01:00.623",
        "Dec": "-59:52:29.13",
        "RA_dg": 30.252595833333327,
        "Dec_dg": -59.87475833333333,
        "PA": 59.90226674148718,
        "D": 244045.23053860565
    },
    "outer": {
        "PA0": 90.17966119639881,
        "R0": 75.07706407302001,
        "x": [
            87.72639633312542,
            78.22676420215534,
            72.31287725822196,
            51.97788419476397,
            42.482661820503075,
            28.166545096154138,
            12.67413962514558,
            -2.840989377135569,
            -30.366926569895025,
            -91.57587749745387,
            -113.1309085945327,
            -135.8948640345236,
            -231.8617113284912,
            -228.93929500425907,
            -134.11483252126072,
            -113.66948235576965,
            -92.04644145030166,
            -54.86507028659261,
            -36.8356340542532,
            -10.376696687766367,
            2.865400670012585,
            17.347638594964675,
            24.62604912430584,
            40.30540614486649,
            48.80390937684248,
            64.46760796094394,
            72.93911395089158,
            85.07887415966562,
            103.19936490411622
        ],
        "y": [
            -33.26215960282861,
            -58.50557777502664,
            -82.52186151771252,
            -99.40129677341957,
            -127.03754835508396,
            -147.4933187818224,
            -176.35067214837179,
            -199.21003377997292,
            -217.31386007258553,
            -215.15510323813763,
            -228.43357981541936,
            -238.11731857953757,
            -246.88509767953903,
            245.1315420012639,
            239.48502716753902,
            228.76613814959688,
            221.644678736547,
            226.58745142986803,
            218.2643431820996,
            203.9595510357343,
            193.20996576206554,
            171.66874482477496,
            150.0974701193426,
            129.7532217255811,
            104.59005961500567,
            87.84265219193308,
            68.67778942800058,
            32.71977075637868,
            0.3955093995792284
        ],
        "X": [
            87.83026434747578,
            78.4098340559817,
            72.57128342928061,
            52.28931874843752,
            42.88080133814359,
            28.628897628377416,
            13.227055582375307,
            -2.21631763157981,
            -29.68535179784779,
            -90.90077096587058,
            -112.41405911583549,
            -135.14753759224396,
            -231.08642019089874,
            -229.70682215469225,
            -134.86512022006642,
            -114.38625962422861,
            -92.74099444569678,
            -55.575304999672014,
            -37.51985884791011,
            -11.016196391108162,
            2.259543063387057,
            16.809256042581673,
            24.15527128072785,
            39.898344154193246,
            48.47570908564824,
            64.19184507792608,
            72.72340418711272,
            84.97585734811597,
            103.1976173627574
        ],
        "Y": [
            32.98691467374862,
            58.25999649538879,
            82.29470619145694,
            99.23782237849653,
            126.90371201830223,
            147.40427255854513,
            176.3100631927768,
            199.21796283321166,
            217.40801249628933,
            215.44119760772932,
            228.78719846139452,
            238.5422699674497,
            247.61092673742715,
            -244.41245781783954,
            -239.0633093715339,
            -228.40858300879947,
            -221.3549614196939,
            -226.41429848229325,
            -218.1477655923276,
            -203.92601038102214,
            -193.2180008589338,
            -171.72229740435617,
            -150.17395147313036,
            -129.87896845303325,
            -104.74257858854294,
            -88.04436975644965,
            -68.90616509497372,
            -32.98638953536498,
            -0.7191070490567658
        ],
        "R": [
            93.82053013621616,
            97.68484666686693,
            109.72242180024645,
            112.17093315829074,
            133.95266047162156,
            150.15869388060744,
            176.80552418524766,
            199.23029081758364,
            219.42530393951532,
            233.83297412649554,
            254.91273578758688,
            274.16650320283594,
            338.69175460352164,
            335.4141822895457,
            274.48108594153206,
            255.44998959269714,
            239.99773123071589,
            233.1352592016822,
            221.35082435105636,
            204.22334414275028,
            193.23121225821217,
            172.54303380471555,
            152.10421700827254,
            135.86914407867025,
            115.41621264247712,
            108.96056176580079,
            100.18359698402696,
            91.1537065983945,
            103.20012279206885
        ],
        "theta": [
            20.58495920810482,
            36.61305032283214,
            48.59265939881839,
            62.21484253400893,
            71.3298740053789,
            79.00883598084374,
            85.7096184157509,
            90.6373943696124,
            97.77520567362455,
            112.87626498789777,
            116.16708708211841,
            119.53397944760219,
            133.0229497996801,
            -133.2234411152639,
            -119.42907349730656,
            -116.60155657390612,
            -112.73220118350923,
            -103.79107843250755,
            -99.75898411919819,
            -93.09214432956571,
            -89.32999834646948,
            -84.40934021913468,
            -80.862321268711,
            -72.92323366789282,
            -65.16492032025963,
            -53.904764366789394,
            -43.45612216199787,
            -21.215486642223343,
            -0.3992449935289121
        ],
        "Rc": 142.08208700808794,
        "xc": -47.9080520938572,
        "yc": -2.1496547916480147,
        "PAc": 87.43083715094312,
        "R90": [
            -999.0,
            -999.0
        ]
    },
    "thickness": {
        "h0": 0.0
    },
    "help": {
        "arcs": {
            "PA0": "[deg] Position angle of symmetry axis",
            "R0": "[arcsec] Radius along symmetry axis",
            "x": "(list) [arcsec] RA offsets from star of shell points",
            "y": "(list) [arcsec] Dec offsets from star of shell points",
            "X": "(list) [arcsec] Offsets from star parallel to axis of shell points",
            "Y": "(list) [arcsec] Offsets from star perpendicular to axis of shell points",
            "R": "(list) [arcsec] Radii of shell points from star",
            "theta": "(list) [deg] Angle from axis of shell points",
            "h": "[arcsec] Bowshock width along symmetry axis"
        },
        "star": {
            "id": "Source identifier deduced from region filename",
            "RA": "[HH:MM:SS] Right ascension of source",
            "Dec": "[deg:arcmin:arcsec] Declination of source",
            "RA_dg": "[deg] Right ascension of source",
            "Dec_dg": "[deg] Declination of source",
            "PA": "[deg] Position Angle of th^1 C from source",
            "D": "[arcsec] Distance of th^1 C from source",
            "PA_binary": "[deg] Position Angle of primary from source",
            "D_binary": "[arcsec] Distance of primary from source"
        },
        "thickness": {
            "h0": "Shell thickness on axis: h0 = R0(outer) - R0(inner)"
        }
    },
    "info": {
        "description": "JSON data file for stationary bowshock arcs",
        "history": [
            "Initially created by find-xy-shell.py: <will@mac> 2017-11-23 18:43",
            "Circle fits added by fit-circle-shell.py: <will@mac> 2017-11-23 18:43"
        ],