{
    "star": {
        "id": "R97-Halpha-i00",
        "RA": "2:01:00.623",
        "Dec": "-59:52:29.13",
        "RA_dg": 30.252595833333327,
        "Dec_dg": -59.87475833333333,
        "PA": 59.90226674148718,
        "D": 244045.23053860565
    },
    "outer": {
        "PA0": 89.14541048554248,
        "R0": 91.69783392927724,
        "x": [
            -228.93929500425907,
            -134.11483252126072,
            -113.66948235576965,
            -92.04644145030166,
            -54.86507028659261,
            -36.8356340542532,
            -10.376696687766367,
            2.865400670012585,
            17.347638594964675,
            24.62604912430584,
            40.30540614486649,
            48.80390937684248,
            64.46760796094394,
            72.93911395089158,
            85.07887415966562,
            103.19936490411622,
            87.72639633312542,
            78.22676420215534,
            72.31287725822196,
            51.97788419476397,
            42.482661820503075,
            28.166545096154138,
            12.67413962514558,
            -2.840989377135569,
            -30.366926569895025,
            -91.57587749745387,
            -113.1309085945327,
            -135.8948640345236,
            -231.8617113284912
        ],
        "y": [
            245.1315420012639,
            239.48502716753902,
            228.76613814959688,
            221.644678736547,
            226.58745142986803,
            218.2643431820996,
            203.9595510357343,
            193.20996576206554,
            171.66874482477496,
            150.0974701193426,
            129.7532217255811,
            104.59005961500567,
            87.84265219193308,
            68.67778942800058,
            32.71977075637868,
            0.3955093995792284,
            -33.26215960282861,
            -58.50557777502664,
            -82.52186151771252,
            -99.40129677341957,
            -127.03754835508396,
            -147.4933187818224,
            -176.35067214837179,
            -199.21003377997292,
            -217.31386007258553,
            -215.15510323813763,
            -228.43357981541936,
            -238.11731857953757,
            -246.88509767953903
        ],
        "X": [
            -225.2577298799642,
            -130.52803187071302,
            -110.24482649096248,
            -88.73040625390395,
            -51.47945016592045,
            -33.576157285677034,
            -7.333516810645447,
            5.746779167432251,
            19.90612216581314,
            26.86199082113976,
            42.23617241979385,
            50.35842560997565,
            65.77059684935784,
            73.95531952199862,
            85.55742102066543,
            103.19378474034384,
            87.22053825796297,
            77.34546105635506,
            71.0740327134671,
            50.48954735574558,
            40.583190674344465,
            25.963571666320863,
            10.042486422799916,
            -5.811860690863441,
            -33.60475191689416,
            -94.77469688858675,
            -116.52537682157043,
            -139.43123165856986,
            -235.51817440788918
        ],
        "Y": [
            -248.51887012919093,
            -241.4586909506486,
            -230.43605493691012,
            -222.99288329879076,
            -227.38055170495576,
            -218.78946296113,
            -204.09163095050272,
            -193.14573751439355,
            -171.39091228783087,
            -149.71348062490787,
            -129.1376399505423,
            -103.85052292029177,
            -86.87135667409672,
            -67.58227444424335,
            -31.44719279870286,
            1.1437374094027208,
            34.566885613717965,
            59.66581032977903,
            83.59121795712876,
            100.16548234503567,
            127.65704008050368,
            147.89701245886542,
            176.52008908016128,
            199.1455022202835,
            216.83676961611624,
            213.7653307216089,
            226.72084029330674,
            236.06398098109943,
            243.39945390240143
        ],
        "R": [
            335.4141822895457,
            274.48108594153206,
            255.44998959269714,
            239.99773123071589,
            233.1352592016822,
            221.35082435105636,
            204.22334414275028,
            193.23121225821217,
            172.54303380471555,
            152.10421700827254,
            135.86914407867025,
            115.41621264247712,
            108.96056176580079,
            100.18359698402696,
            91.1537065983945,
            103.20012279206885,
            93.82053013621616,
            97.68484666686693,
            109.72242180024645,
            112.17093315829074,
            133.95266047162156,
            150.15869388060744,
            176.80552418524766,
            199.23029081758364,
            219.42530393951532,
            233.83297412649554,
            254.91273578758688,
            274.16650320283594,
            338.69175460352164
        ],
        "theta": [
            -132.1891904044076,
            -118.3948227864502,
            -115.56730586304977,
            -111.69795047265288,
            -102.75682772165123,
            -98.72473340834183,
            -92.05789361870934,
            -88.29574763561315,
            -83.37508950827834,
            -79.82807055785466,
            -71.88898295703649,
            -64.13066960940328,
            -52.87051365593305,
            -42.421871451141534,
            -20.181235931367006,
            0.6350057173274236,
            21.619209918961158,
            37.64730103368847,
            49.626910109674746,
            63.24909324486529,
            72.36412471623521,
            80.04308669170005,
            86.74386912660725,
            91.67164508046876,
            98.80945638448092,
            113.91051569875414,
            117.20133779297478,
            120.56823015845855,
            134.05720051053646
        ],
        "Rc": 142.0821947746736,
        "xc": -47.908171223777266,
        "yc": -2.1496563540141906,
        "PAc": 87.43084166618435,
        "R90": [
            198.21064868573188,
            191.62315705732624
        ]
    },
    "thickness": {
        "h0": 0.0
    },
    "help": {
        "arcs": {
            "PA0": "[deg] Position angle of symmetry axis",
            "R0": "[arcsec] Radius along symmetry axis",
            "x": "(list) [arcsec] RA offsets from star of shell points",
            "y": "(list) [arcsec] Dec offsets from star of shell points",
            "X": "(list) [arcsec] Offsets from star parallel to axis of shell points",
            "Y": "(list) [arcsec] Offsets from star perpendicular to axis of shell points",
            "R": "(list) [arcsec] Radii of shell points from star",
            "theta": "(list) [deg] Angle from axis of shell points",
            "h": "[arcsec] Bowshock width along symmetry axis"
        },
        "star": {
            "id": "Source identifier deduced from region filename",
            "RA": "[HH:MM:SS] Right ascension of source",
            "Dec": "[deg:arcmin:arcsec] Declination of source",
            "RA_dg": "[deg] Right ascension of source",
            "Dec_dg": "[deg] Declination of source",
            "PA": "[deg] Position Angle of th^1 C from source",
            "D": "[arcsec] Distance of th^1 C from source",
            "PA_binary": "[deg] Position Angle of primary from source",
            "D_binary": "[arcsec] Distance of primary from source"
        },
        "thickness": {
            "h0": "Shell thickness on axis: h0 = R0(outer) - R0(inner)"
        }
    },
    "info": {
        "description": "JSON data file for stationary bowshock arcs",
        "history": [
            "Initially created by find-xy-shell.py: <will@mac> 2017-11-23 22:45",
            "Circle fits added by fit-circle-shell.py: <will@mac> 2017-11-23 22:46"
        ],